0,CombatZoneResize,241,226,406,391,TLResume,,,
0,HeartTelePort,323.5,308.5,,,,,,
0,sound,mus_zz_megalovania,20,,,,,,
0,SansSweat,0,,,,,,,
0.5,BoneStab,0,70,0.1,0.2,,,,
0,BoneStab,1,70,0.1,0.2,,,,
0,BoneStab,2,70,0.1,0.2,,,,
0,BoneStab,3,70,0.1,0.2,,,,
0.4,,,,,,,,,
0,sansHead,NOeyes,,,,,,,
0,SansBody,HandRight,,,,,,,
0,sansslam,0,,,,,,,
0,bonestab,0,30,0.25,0.1,,,,
0,bonestab,2,110,0.1,0.05,,,,
0.35,,,,,,,,,
0,SansBody,HandLeft,,,,,,,
0,sansslam,2,,,,,,,
0,bonestab,0,110,0.1,0.05,,,,
0,bonestab,2,30,0.25,0.1,,,,
0.35,,,,,,,,,
0,SansBody,HandRight,,,,,,,
0,sansslam,0,,,,,,,
0,bonestab,0,30,0.25,1,,,,
0,bonestab,2,110,0.1,0.1,,,,
0.35,,,,,,,,,
0,SansBody,HandLeft,,,,,,,
0,sansslam,2,,,,,,,
0,bonestab,0,110,0.1,0.1,,,,
0,bonestab,2,30,0.25,0.6,,,,
0.59,,,,,,,,,
0,sansanimation,headbob,,,,,,,
0,HeartMode,0,,,,,,,
0,GasterBlaster,2,551,76,451,176,135,0.201,0
0,GasterBlaster,2,91,76,191,176,45,0.201,0
0.09,GasterBlaster,1,551,56,451,156,135,0.201,0.155
0,GasterBlaster,1,91,56,191,156,45,0.201,0.155
0.09,GasterBlaster,1,551,36,451,136,135,0.201,0.155
0,GasterBlaster,1,91,36,191,136,45,0.201,0.155
0.09,GasterBlaster,0,551,16,451,116,135,0.201,0.155
0,GasterBlaster,0,91,16,191,116,45,0.201,0.155
0,bonestab,1,70,0.1,0.9,,,,
0.09,GasterBlaster,0,551,-6,451,96,135,0.201,0.155
0,GasterBlaster,0,91,-6,191,96,45,0.201,0.155
0.09,GasterBlaster,0,551,-26,451,76,135,0.201,0.155
0,GasterBlaster,0,91,-26,191,76,45,0.201,0.155
1,,,,,,,,,
0,GasterBlaster,2,640,0,449,176,135,0.2,0.255
0,GasterBlaster,2,0,480,189,436,315,0.2,0.255
0,GasterBlaster,2,640,480,449,436,225,0.2,0.255
0,GasterBlaster,2,0,0,189,176,45,0.2,0.255
0.1,GasterBlaster,2,0,0,259,166,90,0.2,0.255
0,GasterBlaster,2,640,480,379,446,270,0.2,0.255
0,GasterBlaster,2,640,480,449,366,180,0.2,0.255
0,GasterBlaster,2,0,240,139,306,0,0.2,0.255
0,GasterBlaster,2,640,240,426,306,180,0.2,0.255
0.677,,,,,,,,,
0,GasterBlaster,1,0,0,259,166,90,0.2,0.3
0,GasterBlaster,1,640,480,379,446,270,0.2,0.3
0,GasterBlaster,1,0,480,189,246,0,0.2,0.3
0,GasterBlaster,1,640,480,449,366,180,0.2,0.3
0,GasterBlaster,0,0,480,189,436,315,0.2,0.3
0,GasterBlaster,0,0,240,324,106,90,0.2,0.3
0,GasterBlaster,0,640,308.5,506,308.5,180,0.2,0.3
0.699,,,,,,,,,
0,GasterBlaster,1,0,240,139,306,0,0.2,0.3
0,GasterBlaster,1,640,240,426,306,180,0.2,0.3
0,GasterBlaster,1,0,240,324,106,90,0.2,0.3
0,GasterBlaster,1,640,240,324,506,270,0.2,0.3
0,BoneStab,2,65,0.7,0.4,,,,
0,BoneStab,3,65,0.7,0.4,,,,
0,BoneStab,0,5,0.7,0.4,,,,
0,BoneStab,1,5,0.7,0.4,,,,
0,BoneStab,2,5,0.7,0.4,,,,
0,BoneStab,3,5,0.7,0.4,,,,
0,GasterBlaster,0,640,480,449,436,225,0.2,0.3
0.699,,,,,,,,,
0,GasterBlaster,1,640,0,449,176,135,0.2,0.2
0,GasterBlaster,1,0,480,189,436,315,0.2,0.2
0,GasterBlaster,1,640,480,449,436,225,0.2,0.2
0,GasterBlaster,1,0,0,189,176,45,0.2,0.2
0,GasterBlaster,2,0,0,259,166,90,0.2,0.2
0,GasterBlaster,2,640,480,379,446,270,0.2,0.2
0,BoneStab,3,50,0.7,0.3,,,,
0,BoneStab,1,20,0.7,0.3,,,,
0.72,,,,,,,,,
0,BoneStab,0,20,0.7,0.3,,,,
0,GasterBlaster,1,640,0,449,176,135,0.2,0.2
0,GasterBlaster,1,0,480,189,436,315,0.2,0.2
0,GasterBlaster,1,640,480,449,436,225,0.2,0.2
0,GasterBlaster,1,0,0,189,176,45,0.2,0.2
0,GasterBlaster,2,0,480,189,246,0,0.2,0.2
0,GasterBlaster,2,640,480,449,366,180,0.2,0.2
0,BoneStab,2,50,0.7,0.3,,,,
0.777777,,,,,,,,,
0,GasterBlaster,2,66,366,166,366,0,0.201,0.6
0,GasterBlaster,2,381,46,381,146,90,0.201,0.6
0.1,GasterBlaster,2,66,346,166,346,0,0.201,0.6
0,GasterBlaster,2,361,46,361,146,90,0.201,0.6
0.1,GasterBlaster,2,66,326,166,326,0,0.201,0.6
0,GasterBlaster,1,341,46,341,146,90,0.201,0.6
0.1,GasterBlaster,1,66,306,166,306,0,0.201,0.6
0,GasterBlaster,1,321,46,321,146,90,0.201,0.6
0.1,GasterBlaster,1,66,286,166,286,0,0.201,0.6
0,GasterBlaster,1,301,46,301,146,90,0.201,0.6
0,BoneStab,2,15,0.7,0.8,,,,
0,BoneStab,3,15,0.7,0.8,,,,
1.1,,,,,,,,,
0,GasterBlaster,2,0,0,259,166,90,0.2,0.28
0,GasterBlaster,2,640,480,379,446,270,0.2,0.28
0,GasterBlaster,2,0,480,189,246,0,0.2,0.28
0,GasterBlaster,2,640,480,449,366,180,0.2,0.28
0.7,,,,,,,,,
0,GasterBlaster,1,640,0,449,176,135,0.2,0.28
0,GasterBlaster,1,0,480,189,436,315,0.2,0.28
0,GasterBlaster,1,640,480,449,436,225,0.2,0.28
0,GasterBlaster,1,0,0,189,176,45,0.2,0.28
0,bonestab,0,50,0.4,0.28,,,,
0,bonestab,2,50,0.4,0.28,,,,
0,GasterBlaster,0,640,240,324,506,270,0.2,0.28
0.7,,,,,,,,,
0,GasterBlaster,1,640,0,449,176,135,0.2,0.28
0,GasterBlaster,1,0,480,189,436,315,0.2,0.28
0,GasterBlaster,1,640,480,449,436,225,0.2,0.28
0,GasterBlaster,1,0,0,189,176,45,0.2,0.28
0,bonestab,1,50,0.8,0.28,,,,
0,bonestab,3,50,0.8,0.28,,,,
0,GasterBlaster,0,640,240,499,306,180,0.2,0.28
0.699,,,,,,,,,
0,GasterBlaster,1,0,240,139,306,0,0.2,0.2
0,GasterBlaster,1,640,240,499,306,180,0.2,0.2
0,GasterBlaster,1,0,240,324,106,90,0.2,0.2
0,GasterBlaster,1,640,240,324,506,270,0.2,0.2
0,BoneStab,0,33,0.7,0.2,,,,
0,BoneStab,1,33,0.7,0.2,,,,
0,BoneStab,2,33,0.7,0.2,,,,
0,BoneStab,3,33,0.7,0.2,,,,
0.676,,,,,,,,,
0,GasterBlaster,2,0,240,139,306,0,0.2,0.5
0,GasterBlaster,2,640,240,499,306,180,0.2,0.5
0,GasterBlaster,2,0,240,324,106,90,0.2,0.5
0,GasterBlaster,2,640,240,324,506,270,0.2,0.5
0,GasterBlaster,1,640,0,449,176,135,1.2,0.38
0,GasterBlaster,1,0,480,189,436,315,1.2,0.38
0,GasterBlaster,1,640,480,449,436,225,1.2,0.38
0,GasterBlaster,1,0,0,189,176,45,1.2,0.38
0,GasterBlaster,1,0,240,139,306,0,1.2,0.38
0,GasterBlaster,1,640,240,499,306,180,1.2,0.38
0,GasterBlaster,1,0,240,324,106,90,1.2,0.38
0,GasterBlaster,1,640,240,324,506,270,1.2,0.38
0,GasterBlaster,1,0,0,259,166,90,2.1,0.4
0,GasterBlaster,1,640,480,379,446,270,2.1,0.4
0,GasterBlaster,1,0,480,189,246,0,2.1,0.4
0,GasterBlaster,1,640,480,449,366,180,2.1,0.4
3.2,sound,mus_zz_megalovania,1,,,,,,
0,SansSlam,0,,,,,,,
0,CombatZoneResize,241,226,406,391,,,,
,,,,,,,,,
,,,,,,,,,
,,,,,,,,,
0.4,,,,,,,,,
0,CombatZoneResize,91,226,556,391,,,,
0,SansSlam,2,,,,,,,
0.6,,,,,,,,,
0,SansSlam,1,,,,,,,
0,BoneStab,1,40,0.3,100,,,,
,,,,,,,,,
,,,,,,,,,
0,PlatForm,101,339,30,,,,,
0,BoneV,157,319,140,,,,,
0,BoneV,157,209,80,,,,,
0,PlatForm,140,316,20,,,,,
0,BoneV,167,329,130,,,,,
0,BoneV,167,209,90,,,,,
0,BoneV,177,339,120,,,,,
0,BoneV,177,209,100,,,,,
0,PlatForm,193,339,32,,,,,
0,BoneV,203,209,118,,,1,,
0,BoneVRepeat,223,196,30,1,100,200,60,
0,BoneH,186,312,30,,,,,
0,BoneV,246,312,100,,,,,
0,BoneV,269,312,100,,,,,
0,BoneV,257,312,100,,,,,
0,BoneV,256,209,85,,,1,,
0,PlatForm,243,309,25,,,,,
0,BoneV,306,261,150,,,1,,
0,BoneV,291,281,170,,,1,,
0,BoneH,321,281,90,,,,,
0,BoneH,321,296,80,,,,,
0,BoneH,321,311,70,,,,,
0,BoneH,321,326,60,,,,,
0,BoneH,321,341,50,,,,,
0,BoneH,321,356,40,,,,,
0,BoneH,321,371,30,,,,,
0,BoneH,411,341,40,,,,,
0,Platform,411,331,40,,,,,
0,Platform,486,331,25,,,,,
0,BoneV,471,216,90,,,,,
0,BoneV,471,326,120,,,,,
0,BoneV,456,216,80,,,,,
0,BoneV,456,316,120,,,,,
0,Platform,515,291,10,,,,,
0,Platform,530,260,30,,,,,
0,BoneV,540,261,1000,,,,,
0,BoneV,526,261,1000,,,,,
0,PlatForm,312,265,32,,,,,
5,BoneStab,2,30,0,0.45,,,,
0.45,BoneStab,2,60,0,0.45,,,,
0.45,BoneStab,2,90,0,0.45,,,,
0.45,BoneStab,2,120,0,0.45,,,,
0.45,BoneStab,2,150,0,0.45,,,,
0.45,BoneStab,2,180,0,0.45,,,,
0.45,BoneStab,2,210,0,0.45,,,,
0.45,BoneStab,2,240,0,0.45,,,,
0.45,BoneStab,2,270,0,0.45,,,,
0.45,BoneStab,2,300,0,0.45,,,,
0.45,BoneStab,2,330,0,0.45,,,,
0.45,BoneStab,2,360,0,0.45,,,,
0.45,BoneStab,2,390,0,0.45,,,,
0.45,BoneStab,2,420,0,1,,,,
1.45,,,,,,,,,
0,BlackScreen,1,,,,,,,
0,Sound,Flash,,,,,,,
0.2555,BlackScreen,0,,,,,,,
0,CombatZoneResizeInstant,241,226,406,391,,,,
0,SansSlam,3,,,,,,,
0,HeartTelePort,320,304,,,,,,
0,SansBody,HandUP,,,,,,,
0.3,GasterBlaster,1,261,76,261,176,90,0.25,0.9
0,BoneStab,3,20,0.5,1,,,,
0.075,GasterBlaster,1,281,76,281,176,90,0.25,0.8
0,BoneStab,3,30,0.5,0.8,,,,
0.075,GasterBlaster,1,301,76,301,176,90,0.25,0.7
0,BoneStab,3,40,0.5,0.7,,,,
0.075,GasterBlaster,1,321,76,321,176,90,0.25,0.6
0,BoneStab,3,50,0.5,0.6,,,,
0.075,GasterBlaster,1,341,76,341,176,90,0.25,0.5
0,BoneStab,3,60,0.5,0.5,,,,
0.075,GasterBlaster,1,361,76,361,176,90,0.25,0.4
0,BoneStab,3,70,0.5,0.4,,,,
0.3,SansBody,HandDown,,,,,,,
0,SansSlam,1,,,,,,,
0,GasterBlaster,0,556,396,456,396,180,0,0.5
0.05,GasterBlaster,0,556,381,456,381,180,0,0.5
0.05,GasterBlaster,0,556,371,456,371,180,0,0.5
0.05,GasterBlaster,0,556,361,456,361,180,0,0.5
0.05,GasterBlaster,0,556,351,456,351,180,0,0.5
0.05,GasterBlaster,0,556,341,456,341,180,0,0.5
0.05,GasterBlaster,0,556,331,456,331,180,0,0.5
0.61,HeartMode,0,,,,,,,
0,BoneVRepeat,266,206,40,1,210,200,75,
0.1,BoneVRepeat,291,411,30,3,211,200,60,
0,BoneVRepeat,321,206,60,1,212,200,103,
0,BoneVRepeat,351,411,45,3,213,200,75,
0,BoneVRepeat,376,206,36,1,214,200,70,
0,BoneHRepeat,-10,364,50,0,210,200,75,
0,BoneHRepeat,650,334,30,2,211,200,60,
0,BoneHRepeat,-10,304,65,0,212,200,99,
0,BoneHRepeat,650,274,55,2,213,200,76,
0,BoneHRepeat,-10,244,49.5,0,214,200,78,
0.2,bonestab,1,10,0,0.2,,,,
0,bonestab,2,10,0,0.2,,,,
0.2,bonestab,1,20,0,0.2,,,,
0,bonestab,2,20,0,0.2,,,,
0.2,bonestab,1,30,0,0.2,,,,
0,bonestab,2,30,0,0.2,,,,
0.2,bonestab,1,40,0,0.2,,,,
0,bonestab,2,40,0,0.2,,,,
0.2,bonestab,1,50,0,0.2,,,,
0,bonestab,2,50,0,0.2,,,,
0.2,bonestab,1,60,0,0.2,,,,
0,bonestab,2,60,0,0.2,,,,
0.2,bonestab,1,70,0,0.2,,,,
0,bonestab,2,70,0,0.2,,,,
0.2,bonestab,1,75,0,0.2,,,,
0,bonestab,2,75,0,0.2,,,,
0.2,bonestab,1,80,0,0.2,,,,
0,bonestab,2,80,0,0.2,,,,
0.2,bonestab,1,90,0,0.2,,,,
0,bonestab,2,90,0,0.2,,,,
0.2,bonestab,1,100,0,0.2,,,,
0,bonestab,2,100,0,0.2,,,,
0.2,bonestab,1,110,0,0.2,,,,
0,bonestab,2,110,0,0.2,,,,
0.2,bonestab,1,120,0,0.2,,,,
0,bonestab,2,120,0,0.2,,,,
0.2,bonestab,1,130,0,0.2,,,,
0,bonestab,2,130,0,0.2,,,,
0.2,bonestab,1,140,0,0.2,,,,
0,bonestab,2,140,0,0.2,,,,
7,,,,,,,,,
0.2,bonestab,0,10,0,0.2,,,,
0,bonestab,3,10,0,0.2,,,,
0.2,bonestab,0,20,0,0.2,,,,
0,bonestab,3,20,0,0.2,,,,
0.2,bonestab,0,30,0,0.2,,,,
0,bonestab,3,30,0,0.2,,,,
0.2,bonestab,0,40,0,0.2,,,,
0,bonestab,3,40,0,0.2,,,,
0.2,bonestab,0,50,0,0.2,,,,
0,bonestab,3,50,0,0.2,,,,
0.2,bonestab,0,60,0,0.2,,,,
0,bonestab,3,60,0,0.2,,,,
0.2,bonestab,0,70,0,0.2,,,,
0,bonestab,3,70,0,0.2,,,,
0.2,bonestab,0,75,0,0.2,,,,
0,bonestab,3,75,0,0.2,,,,
0.2,bonestab,0,80,0,0.2,,,,
0,bonestab,3,80,0,0.2,,,,
0.2,bonestab,0,90,0,0.2,,,,
0,bonestab,3,90,0,0.2,,,,
0.2,bonestab,0,100,0,0.2,,,,
0,bonestab,3,100,0,0.2,,,,
0.2,bonestab,0,110,0,0.2,,,,
0,bonestab,3,110,0,0.2,,,,
0.2,bonestab,0,120,0,0.2,,,,
0,bonestab,3,120,0,0.2,,,,
0.2,bonestab,0,130,0,0.2,,,,
0,bonestab,3,130,0,0.2,,,,
0.2,bonestab,0,140,0,0.2,,,,
0,bonestab,3,140,0,0.2,,,,
0.9,sound,ding,,,,,,,
0,HeartTelePort,394.5,377.5,,,,,,
6,,,,,,,,,
0.2,bonestab,0,10,0,0.2,,,,
0,bonestab,1,10,0,0.2,,,,
0.2,bonestab,0,20,0,0.2,,,,
0,bonestab,1,20,0,0.2,,,,
0.2,bonestab,0,30,0,0.2,,,,
0,bonestab,1,30,0,0.2,,,,
0.2,bonestab,0,40,0,0.2,,,,
0,bonestab,1,40,0,0.2,,,,
0.2,bonestab,0,50,0,0.2,,,,
0,bonestab,1,50,0,0.2,,,,
0.2,bonestab,0,60,0,0.2,,,,
0,bonestab,1,60,0,0.2,,,,
0.2,bonestab,0,70,0,0.2,,,,
0,bonestab,1,70,0,0.2,,,,
0.2,bonestab,0,75,0,0.2,,,,
0,bonestab,1,75,0,0.2,,,,
0.2,bonestab,0,80,0,0.2,,,,
0,bonestab,1,80,0,0.2,,,,
0.2,bonestab,0,90,0,0.2,,,,
0,bonestab,1,90,0,0.2,,,,
0.2,bonestab,0,100,0,0.2,,,,
0,bonestab,1,100,0,0.2,,,,
0.2,bonestab,0,110,0,0.2,,,,
0,bonestab,1,110,0,0.2,,,,
0.2,bonestab,0,120,0,0.2,,,,
0,bonestab,1,120,0,0.2,,,,
0.2,bonestab,0,130,0,0.2,,,,
0,bonestab,1,130,0,0.2,,,,
0.2,bonestab,0,140,0,0.2,,,,
0,bonestab,1,140,0,0.2,,,,
6,,,,,,,,,
0.2,bonestab,2,10,0,0.2,,,,
0,bonestab,3,10,0,0.2,,,,
0.2,bonestab,2,20,0,0.2,,,,
0,bonestab,3,20,0,0.2,,,,
0.2,bonestab,2,30,0,0.2,,,,
0,bonestab,3,30,0,0.2,,,,
0.2,bonestab,2,40,0,0.2,,,,
0,bonestab,3,40,0,0.2,,,,
0.2,bonestab,2,50,0,0.2,,,,
0,bonestab,3,50,0,0.2,,,,
0.2,bonestab,2,60,0,0.2,,,,
0,bonestab,3,60,0,0.2,,,,
0.2,bonestab,2,70,0,0.2,,,,
0,bonestab,3,70,0,0.2,,,,
0.2,bonestab,2,75,0,0.2,,,,
0,bonestab,3,75,0,0.2,,,,
0.2,bonestab,2,80,0,0.2,,,,
0,bonestab,3,80,0,0.2,,,,
0.2,bonestab,2,90,0,0.2,,,,
0,bonestab,3,90,0,0.2,,,,
0.2,bonestab,2,100,0,0.2,,,,
0,bonestab,3,100,0,0.2,,,,
0.2,bonestab,2,110,0,0.2,,,,
0,bonestab,3,110,0,0.2,,,,
0.2,bonestab,2,120,0,0.2,,,,
0,bonestab,3,120,0,0.2,,,,
0.2,bonestab,2,130,0,0.2,,,,
0,bonestab,3,130,0,0.2,,,,
0.2,bonestab,2,140,0,0.2,,,,
0,bonestab,3,140,0,0.2,,,,
2,,,,,,,,,
0,GasterBlaster,1,0,480,189,246,0,0.7,0.3
0,GasterBlaster,1,640,480,449,366,180,0.7,0.3
0.79,,,,,,,,,
0,GasterBlaster,1,0,0,259,166,90,0.7,0.3
0,GasterBlaster,1,640,480,379,446,270,0.7,0.3
0.79,,,,,,,,,
0,GasterBlaster,2,0,240,324,106,90,1.2,0.5
1.5,,,,,,,,,
0.9,BlackScreen,1,,,,,,,
0,Sound,Flash,,,,,,,
0.1,BlackScreen,0,,,,,,,
0,HeartTelePort,320,304,,,,,,
0,Sound,mus_zz_megalovania,1.3,,,,,,
1,,,,,,,,,
0,BoneV,288,229,65,,,,,
0,boneH,241,286,30,,,,,
0,BoneV,348,229,65,,,,,
0,boneH,312,286,23,,,,,
0,boneH,376,286,30,,,,,
0,BoneVRepeat,321,206,40,1,230,10,85,
0,BoneV,288,322,65,,,,,
0,boneH,312,228,23,,,,,
0,BoneV,348,322,65,,,,,
0,boneH,312,379,23,,,,,
0,bonestab,0,15,0.1,100,,,,
0,bonestab,2,15,0.1,100,,,,
0,boneH,241,326,30,,,,,
0,boneH,312,326,23,,,,,
0,boneH,376,326,30,,,,,
,,,,,,,,,
0.2,,,,,,,,,
0,GasterBlaster,0,0,240,139,306,0,0.2,0.38
0,GasterBlaster,0,640,240,426,306,180,0.2,0.38
0.4,,,,,,,,,
0,GasterBlaster,1,0,0,259,166,90,0.2,0.38
0,GasterBlaster,1,640,480,379,446,270,0.2,0.38
0,GasterBlaster,1,0,480,189,246,0,0.2,0.38
0,GasterBlaster,1,640,480,449,366,180,0.2,0.38
0.7,,,,,,,,,
0,GasterBlaster,1,0,0,189,176,45,0.3,0.38
0.2,,,,,,,,,
0,GasterBlaster,2,0,0,259,166,90,0.8,0.38
0,GasterBlaster,2,640,480,379,446,270,0.8,0.38
0,GasterBlaster,1,0,480,189,246,0,0.2,0.38
0,GasterBlaster,1,640,480,449,366,180,0.2,0.38
0.1,,,,,,,,,
0,GasterBlaster,2,0,240,139,306,0,1.7,0.38
0,GasterBlaster,2,640,240,426,306,180,1.7,0.38
0,GasterBlaster,2,0,240,324,106,90,1.7,0.38
0,GasterBlaster,2,640,240,324,506,270,1.7,0.38
3.7,,,,,,,,,
0,BoneStab,2,80,0.2,0.2,,,,
0.27,,,,,,,,,
0,BoneStab,0,80,0.2,0.2,,,,
0.27,,,,,,,,,
0,BoneStab,2,80,0.2,0.2,,,,
0.27,,,,,,,,,
0,BoneStab,0,80,0.2,0.2,,,,
0.27,,,,,,,,,
0,BoneStab,2,80,0.2,0.2,,,,
0.27,,,,,,,,,
0,BoneStab,0,80,0.2,0.2,,,,
0.27,,,,,,,,,
0,BoneStab,2,80,0.2,0.2,,,,
1.9,,,,,,,,,
0,GetHeartPos,HeartX,HeartY,,,,,,
0,GasterBlaster,0,0,0,$HeartX,189,90,0.3,0
0.2,GetHeartPos,HeartX,HeartY,,,,,,
0,GasterBlaster,0,0,240,139,$HeartY,0,0.3,0
0.4,,,,,,,,,
0,GetHeartPos,HeartX,HeartY,,,,,,
0,GasterBlaster,0,0,0,$HeartX,189,90,0.3,0
0.2,GetHeartPos,HeartX,HeartY,,,,,,
0,GasterBlaster,0,0,240,139,$HeartY,0,0.3,0
0.4,,,,,,,,,
0,GetHeartPos,HeartX,HeartY,,,,,,
0,GasterBlaster,0,0,0,$HeartX,189,90,0.3,0
0.2,GetHeartPos,HeartX,HeartY,,,,,,
0,GasterBlaster,0,0,240,139,$HeartY,0,0.3,0
0.4,,,,,,,,,
0,GetHeartPos,HeartX,HeartY,,,,,,
0,GasterBlaster,0,0,0,$HeartX,189,90,0.3,0
0.2,GetHeartPos,HeartX,HeartY,,,,,,
0,GasterBlaster,0,0,240,139,$HeartY,0,0.3,0
0.4,,,,,,,,,
0,GetHeartPos,HeartX,HeartY,,,,,,
0,GasterBlaster,0,0,0,$HeartX,189,90,0.3,0.3
0.2,GetHeartPos,HeartX,HeartY,,,,,,
0,GasterBlaster,0,0,240,139,$HeartY,0,0.3,0
0.4,,,,,,,,,
0,GetHeartPos,HeartX,HeartY,,,,,,
0,GasterBlaster,0,0,0,$HeartX,189,90,0.3,0
0.2,GetHeartPos,HeartX,HeartY,,,,,,
0,GasterBlaster,0,0,240,139,$HeartY,0,0.3,0
0.4,,,,,,,,,
0,GetHeartPos,HeartX,HeartY,,,,,,
0,GasterBlaster,0,0,0,$HeartX,189,90,0.3,0
0.2,GetHeartPos,HeartX,HeartY,,,,,,
0,GasterBlaster,0,0,240,139,$HeartY,0,0.3,0
0.4,,,,,,,,,
0,GetHeartPos,HeartX,HeartY,,,,,,
0,GasterBlaster,0,0,0,$HeartX,189,90,0.3,0
0.2,GetHeartPos,HeartX,HeartY,,,,,,
0,GasterBlaster,0,0,240,139,$HeartY,0,0.3,0
0.4,,,,,,,,,
0,GetHeartPos,HeartX,HeartY,,,,,,
0,GasterBlaster,0,0,0,$HeartX,189,90,0.3,0
0.2,GetHeartPos,HeartX,HeartY,,,,,,
0,GasterBlaster,0,0,240,139,$HeartY,0,0.3,0
0.4,,,,,,,,,
0,GetHeartPos,HeartX,HeartY,,,,,,
0,GasterBlaster,0,0,0,$HeartX,189,90,0.3,0
0.2,GetHeartPos,HeartX,HeartY,,,,,,
0,GasterBlaster,0,0,240,139,$HeartY,0,0.3,0
0.4,,,,,,,,,
0,GetHeartPos,HeartX,HeartY,,,,,,
0,GasterBlaster,0,0,0,$HeartX,189,90,0.3,0
0.2,GetHeartPos,HeartX,HeartY,,,,,,
0,GasterBlaster,0,0,240,139,$HeartY,0,0.3,0
0.4,,,,,,,,,
0,GetHeartPos,HeartX,HeartY,,,,,,
0,GasterBlaster,0,0,0,$HeartX,189,90,0.3,0
0.2,GetHeartPos,HeartX,HeartY,,,,,,
0,GasterBlaster,0,0,240,139,$HeartY,0,0.3,0
0.4,,,,,,,,,
0,GetHeartPos,HeartX,HeartY,,,,,,
0,GasterBlaster,0,0,0,$HeartX,189,90,0.3,0
0.2,GetHeartPos,HeartX,HeartY,,,,,,
0,GasterBlaster,0,0,240,139,$HeartY,0,0.3,0
0.4,,,,,,,,,
0,GetHeartPos,HeartX,HeartY,,,,,,
0,GasterBlaster,0,0,0,$HeartX,189,90,0.3,0
0.2,GetHeartPos,HeartX,HeartY,,,,,,
0,GasterBlaster,0,0,240,139,$HeartY,0,0.3,0
0.4,,,,,,,,,
0,GetHeartPos,HeartX,HeartY,,,,,,
0,GasterBlaster,0,0,0,$HeartX,189,90,0.3,0
0.2,GetHeartPos,HeartX,HeartY,,,,,,
0,GasterBlaster,0,0,240,139,$HeartY,0,0.3,0
0.4,,,,,,,,,
0,GetHeartPos,HeartX,HeartY,,,,,,
0,GasterBlaster,0,0,0,$HeartX,189,90,0.3,0
0.1,GetHeartPos,HeartX,HeartY,,,,,,
0,GasterBlaster,0,0,240,139,$HeartY,0,0.3,0
0.4,,,,,,,,,
0,GetHeartPos,HeartX,HeartY,,,,,,
0,GasterBlaster,0,0,0,$HeartX,189,90,0.3,0
0.2,GetHeartPos,HeartX,HeartY,,,,,,
0,GasterBlaster,0,0,240,139,$HeartY,0,0.3,0
0.4,,,,,,,,,
0,GetHeartPos,HeartX,HeartY,,,,,,
0,GasterBlaster,0,0,0,$HeartX,189,90,0.3,0
0.2,GetHeartPos,HeartX,HeartY,,,,,,
0,GasterBlaster,0,0,240,139,$HeartY,0,0.3,0
0.4,,,,,,,,,
0,GetHeartPos,HeartX,HeartY,,,,,,
0,GasterBlaster,0,0,0,$HeartX,189,90,0.3,0
0.2,GetHeartPos,HeartX,HeartY,,,,,,
0,GasterBlaster,0,0,240,139,$HeartY,0,0.3,0
0.4,,,,,,,,,
0,GetHeartPos,HeartX,HeartY,,,,,,
0,GasterBlaster,0,0,0,$HeartX,189,90,0.3,0
0.2,GetHeartPos,HeartX,HeartY,,,,,,
0,GasterBlaster,0,0,240,139,$HeartY,0,0.3,0
0.4,,,,,,,,,
0,GetHeartPos,HeartX,HeartY,,,,,,
0,GasterBlaster,0,0,0,$HeartX,189,90,0.3,0
0.2,GetHeartPos,HeartX,HeartY,,,,,,
0,GasterBlaster,0,0,240,139,$HeartY,0,0.3,0
0.4,,,,,,,,,
0,GetHeartPos,HeartX,HeartY,,,,,,
0,GasterBlaster,0,0,0,$HeartX,189,90,0.3,0
0.2,GetHeartPos,HeartX,HeartY,,,,,,
0,GasterBlaster,0,0,240,139,$HeartY,0,0.3,0
0.4,,,,,,,,,
0,GetHeartPos,HeartX,HeartY,,,,,,
0,GasterBlaster,0,0,0,$HeartX,189,90,0.3,0
0.2,GetHeartPos,HeartX,HeartY,,,,,,
0,GasterBlaster,0,0,240,139,$HeartY,0,0.3,0
0.4,,,,,,,,,
0,GetHeartPos,HeartX,HeartY,,,,,,
0,GasterBlaster,0,0,0,$HeartX,189,90,0.3,0
0.2,GetHeartPos,HeartX,HeartY,,,,,,
0,GasterBlaster,0,0,240,139,$HeartY,0,0.3,0
0.4,,,,,,,,,
0,GetHeartPos,HeartX,HeartY,,,,,,
0,GasterBlaster,0,0,0,$HeartX,189,90,0.3,0
0.2,GetHeartPos,HeartX,HeartY,,,,,,
0,GasterBlaster,0,0,240,139,$HeartY,0,0.3,0
0.4,,,,,,,,,
0,GetHeartPos,HeartX,HeartY,,,,,,
0,GasterBlaster,0,0,0,$HeartX,189,90,0.3,0.3
0.2,GetHeartPos,HeartX,HeartY,,,,,,
0,GasterBlaster,0,0,240,139,$HeartY,0,0.3,0
0.4,,,,,,,,,
0,GetHeartPos,HeartX,HeartY,,,,,,
0,GasterBlaster,0,0,0,$HeartX,189,90,0.3,0
0.2,GetHeartPos,HeartX,HeartY,,,,,,
0,GasterBlaster,0,0,240,139,$HeartY,0,0.3,0
0.4,,,,,,,,,
0,GetHeartPos,HeartX,HeartY,,,,,,
0,GasterBlaster,0,0,0,$HeartX,189,90,0.3,0
0.2,GetHeartPos,HeartX,HeartY,,,,,,
0,GasterBlaster,0,0,240,139,$HeartY,0,0.3,0
0.4,,,,,,,,,
0,GetHeartPos,HeartX,HeartY,,,,,,
0,GasterBlaster,0,0,0,$HeartX,189,90,0.3,0
0.2,GetHeartPos,HeartX,HeartY,,,,,,
0,GasterBlaster,0,0,240,139,$HeartY,0,0.3,0
0.4,,,,,,,,,
0,GetHeartPos,HeartX,HeartY,,,,,,
0,GasterBlaster,0,0,0,$HeartX,189,90,0.3,0
0.2,GetHeartPos,HeartX,HeartY,,,,,,
0,GasterBlaster,0,0,240,139,$HeartY,0,0.3,0
0.4,,,,,,,,,
0,GetHeartPos,HeartX,HeartY,,,,,,
0,GasterBlaster,0,0,0,$HeartX,189,90,0.3,0
0.2,GetHeartPos,HeartX,HeartY,,,,,,
0,GasterBlaster,0,0,240,139,$HeartY,0,0.3,0
0.4,,,,,,,,,
0,GetHeartPos,HeartX,HeartY,,,,,,
0,GasterBlaster,0,0,0,$HeartX,189,90,0.3,0
0.2,GetHeartPos,HeartX,HeartY,,,,,,
0,GasterBlaster,0,0,240,139,$HeartY,0,0.3,0
0.4,,,,,,,,,
0,GetHeartPos,HeartX,HeartY,,,,,,
0,GasterBlaster,0,0,0,$HeartX,189,90,0.3,0
0.2,GetHeartPos,HeartX,HeartY,,,,,,
0,GasterBlaster,0,0,240,139,$HeartY,0,0.3,0
0.4,,,,,,,,,
0,GetHeartPos,HeartX,HeartY,,,,,,
0,GasterBlaster,0,0,0,$HeartX,189,90,0.3,0
0.2,GetHeartPos,HeartX,HeartY,,,,,,
0,GasterBlaster,0,0,240,139,$HeartY,0,0.3,0
0.4,,,,,,,,,
0,GetHeartPos,HeartX,HeartY,,,,,,
0,GasterBlaster,0,0,0,$HeartX,189,90,0.3,0
0.2,GetHeartPos,HeartX,HeartY,,,,,,
0,GasterBlaster,0,0,240,139,$HeartY,0,0.3,0
0.4,,,,,,,,,
0,GetHeartPos,HeartX,HeartY,,,,,,
0,GasterBlaster,0,0,0,$HeartX,189,90,0.3,0.3
0.2,GetHeartPos,HeartX,HeartY,,,,,,
0,GasterBlaster,0,0,240,139,$HeartY,0,0.3,0
0.4,,,,,,,,,
0,GetHeartPos,HeartX,HeartY,,,,,,
0,GasterBlaster,0,0,0,$HeartX,189,90,0.3,0
0.1,GetHeartPos,HeartX,HeartY,,,,,,
0,GasterBlaster,0,0,240,139,$HeartY,0,0.3,0
0.4,,,,,,,,,
0,GetHeartPos,HeartX,HeartY,,,,,,
0,GasterBlaster,0,0,0,$HeartX,189,90,0.3,0
0.2,GetHeartPos,HeartX,HeartY,,,,,,
0,GasterBlaster,0,0,240,139,$HeartY,0,0.3,0
0.4,,,,,,,,,
0,GetHeartPos,HeartX,HeartY,,,,,,
0,GasterBlaster,0,0,0,$HeartX,189,90,0.3,0
0.2,GetHeartPos,HeartX,HeartY,,,,,,
0,GasterBlaster,0,0,240,139,$HeartY,0,0.3,0
0.4,,,,,,,,,
0,GetHeartPos,HeartX,HeartY,,,,,,
0,GasterBlaster,0,0,0,$HeartX,189,90,0.3,0
0.2,GetHeartPos,HeartX,HeartY,,,,,,
0,GasterBlaster,0,0,240,139,$HeartY,0,0.3,0
0.4,,,,,,,,,
0,GetHeartPos,HeartX,HeartY,,,,,,
0,GasterBlaster,0,0,0,$HeartX,189,90,0.3,0
0.2,GetHeartPos,HeartX,HeartY,,,,,,
0,GasterBlaster,0,0,240,139,$HeartY,0,0.3,0
0.4,,,,,,,,,
0,GetHeartPos,HeartX,HeartY,,,,,,
0,GasterBlaster,0,0,0,$HeartX,189,90,0.3,0
0.2,GetHeartPos,HeartX,HeartY,,,,,,
0,GasterBlaster,0,0,240,139,$HeartY,0,0.3,0
0.4,,,,,,,,,
0,GetHeartPos,HeartX,HeartY,,,,,,
0,GasterBlaster,0,0,0,$HeartX,189,90,0.3,0
0.2,GetHeartPos,HeartX,HeartY,,,,,,
0,GasterBlaster,0,0,240,139,$HeartY,0,0.3,0
0.4,,,,,,,,,
0,GetHeartPos,HeartX,HeartY,,,,,,
0,GasterBlaster,0,0,0,$HeartX,189,90,0.3,0
0.2,GetHeartPos,HeartX,HeartY,,,,,,
0,GasterBlaster,0,0,240,139,$HeartY,0,0.3,0
0.4,,,,,,,,,
0,GetHeartPos,HeartX,HeartY,,,,,,
0,GasterBlaster,0,0,0,$HeartX,189,90,0.3,0
0.2,GetHeartPos,HeartX,HeartY,,,,,,
0,GasterBlaster,0,0,240,139,$HeartY,0,0.3,0
0.4,,,,,,,,,
0,GetHeartPos,HeartX,HeartY,,,,,,
0,GasterBlaster,0,0,0,$HeartX,189,90,0.3,0
0.2,GetHeartPos,HeartX,HeartY,,,,,,
0,GasterBlaster,0,0,240,139,$HeartY,0,0.3,0
0.4,,,,,,,,,
0,GetHeartPos,HeartX,HeartY,,,,,,
0,GasterBlaster,0,0,0,$HeartX,189,90,0.3,0
0.2,GetHeartPos,HeartX,HeartY,,,,,,
0,GasterBlaster,0,0,240,139,$HeartY,0,0.3,0
0.4,,,,,,,,,
0,GetHeartPos,HeartX,HeartY,,,,,,
0,GasterBlaster,0,0,0,$HeartX,189,90,0.3,0.3
0.2,GetHeartPos,HeartX,HeartY,,,,,,
0,GasterBlaster,0,0,240,139,$HeartY,0,0.3,0
0.4,,,,,,,,,
0,GetHeartPos,HeartX,HeartY,,,,,,
0,GasterBlaster,0,0,0,$HeartX,189,90,0.3,0
0.2,GetHeartPos,HeartX,HeartY,,,,,,
0,GasterBlaster,0,0,240,139,$HeartY,0,0.3,0
0.4,,,,,,,,,
0,GetHeartPos,HeartX,HeartY,,,,,,
0,GasterBlaster,0,0,0,$HeartX,189,90,0.3,0
0.2,GetHeartPos,HeartX,HeartY,,,,,,
0,GasterBlaster,0,0,240,139,$HeartY,0,0.3,0
0.4,,,,,,,,,
0,GetHeartPos,HeartX,HeartY,,,,,,
0,GasterBlaster,0,0,0,$HeartX,189,90,0.3,0
0.2,GetHeartPos,HeartX,HeartY,,,,,,
0,GasterBlaster,0,0,240,139,$HeartY,0,0.3,0
0.4,,,,,,,,,
0,GetHeartPos,HeartX,HeartY,,,,,,
0,GasterBlaster,0,0,0,$HeartX,189,90,0.3,0
0.2,GetHeartPos,HeartX,HeartY,,,,,,
0,GasterBlaster,0,0,240,139,$HeartY,0,0.3,0
0.4,,,,,,,,,
0,GetHeartPos,HeartX,HeartY,,,,,,
0,GasterBlaster,0,0,0,$HeartX,189,90,0.3,0
0.2,GetHeartPos,HeartX,HeartY,,,,,,
0,GasterBlaster,0,0,240,139,$HeartY,0,0.3,0
0.3,sansHead,CloesEyes,,,,,,,
0,,,,,,,,,
1,BlackScreen,1,,,,,,,
0,Sound,Flash,,,,,,,
0.3,BlackScreen,0,,,,,,,
0,HeartTelePort,320,304,,,,,,
0,sound,mus_zz_megalovania,20,,,,,,
0,HeartMode,1,,,,,,,
0,SansX,8888,,,,,,,
0.9,,,,,,,,,
0,BoneV,231,335,66,0,400,,,
0,BoneV,410,335,66,2,400,,,
0.3,SansBody,HandLeft,,,,,,,
0,SansSlam,2,,,,,,,
0.3,,,,,,,,,
0,BoneV,406,132,185,2,456,,,
0,BoneV,406,335,55,2,456,,,
0.04,,,,,,,,,
0,BoneV,406,132,185,2,456,,,
0,BoneV,406,335,55,2,456,,,
0,BoneStab,2,25,0.1,0.1,,,,
0,BoneStab,0,115,0.1,0.1,,,,
0.3,,,,,,,,,
0,SansSlam,0,,,,,,,
0.2,HeartMode,0,,,,,,,
0.05,SansSlam,1,,,,,,,
0,BoneV,376,204,185,,,,,
0.2,BoneStab,1,30,0.3,0.3,,,,
0,BoneStab,2,137,0.1,4,,,,
0,BoneStab,0,2,0.3,4,,,,
0,BoneStab,3,43,0.6,4,,,,
0,BoneStab,1,43,0.6,4,,,,
0.4,HeartMode,0,,,,,,,
0.3,,,,,,,,,
0,SineBones,55,30,850,45,,,,
2.1,,,,,,,,,
0,BlackScreen,1,,,,,,,
0,BlackScreen,0,,,,,,,
0,HeartTelePort,320,304,,,,,,
0,Sound,Ding,,,,,,,
0,SansSlam,1,,,,,,,
0,BoneVRepeat,381.5,222,130,0,180,6,120,
0,BoneVRepeat,381.5,370,20,0,180,6,120,
0,BoneVRepeat,381.5,222,130,2,180,5,120,
0,BoneVRepeat,381.5,370,20,2,180,5,120,
0.08,,,,,,,,,
0,BoneVRepeat,381.5,222,130,0,180,6,120,
0,BoneVRepeat,381.5,370,20,0,180,6,120,
0,BoneVRepeat,381.5,222,130,2,180,5,120,
0,BoneVRepeat,381.5,370,20,2,180,5,120,
3.36,,,,,,,,,
0,SansSlam,0,,,,,,,
0,BoneStab,0,25,0.2,0.1,,,,
0,BoneStab,2,115,0.2,0.1,,,,
0.37,,,,,,,,,
0,SansSlam,0,,,,,,,
0,BoneStab,0,30,0.2,0.1,,,,
0,BoneStab,2,110,0.2,0.1,,,,
0.5,,,,,,,,,
0,SansSlam,0,,,,,,,
0,BoneStab,0,45,0.5,0.1,,,,
0,BoneStab,2,95,0.5,0.1,,,,
0.7,,,,,,,,,
0,SansSlam,0,,,,,,,
0,BoneStab,0,70,0.7,0.15,,,,
0,BoneStab,2,70,0.7,0.15,,,,
1,,,,,,,,,
0,SansSlam,0,,,,,,,
0,BoneStab,0,45,0.5,0.1,,,,
0,BoneStab,2,95,0.5,0.1,,,,
0.7,,,,,,,,,
0,SansSlam,0,,,,,,,
0,BoneStab,0,30,0.2,0.1,,,,
0,BoneStab,2,110,0.2,0.1,,,,
0.5,,,,,,,,,
0,SansSlam,0,,,,,,,
0,BoneStab,0,25,0.2,0.1,,,,
0,BoneStab,2,115,0.2,0.1,,,,
1.4,,,,,,,,,
0,BoneStab,2,140,0.1,100,,,,
0,BoneV,376,204,185,,,,,
0.3,GetHeartPos,HeartX,HeartY,,,,,,
0,BoneH,650,$HeartY,40,2,456,,,
0.25,GetHeartPos,HeartX,HeartY,,,,,,
0,BoneH,650,$HeartY,40,2,456,,,
0.25,GetHeartPos,HeartX,HeartY,,,,,,
0,BoneH,650,$HeartY,40,2,456,,,
0.3,GetHeartPos,HeartX,HeartY,,,,,,
0,BoneH,650,$HeartY,40,2,456,,,
0.25,GetHeartPos,HeartX,HeartY,,,,,,
0,BoneH,650,$HeartY,40,2,456,,,
0.25,GetHeartPos,HeartX,HeartY,,,,,,
0,BoneH,650,$HeartY,40,2,456,,,
0.3,GetHeartPos,HeartX,HeartY,,,,,,
0,BoneH,650,$HeartY,40,2,456,,,
0.25,GetHeartPos,HeartX,HeartY,,,,,,
0,BoneH,650,$HeartY,40,2,456,,,
0.25,GetHeartPos,HeartX,HeartY,,,,,,
0,BoneH,650,$HeartY,40,2,456,,,
0.3,GetHeartPos,HeartX,HeartY,,,,,,
0,BoneH,650,$HeartY,40,2,456,,,
0.25,GetHeartPos,HeartX,HeartY,,,,,,
0,BoneH,650,$HeartY,40,2,456,,,
0.25,GetHeartPos,HeartX,HeartY,,,,,,
0,BoneH,650,$HeartY,40,2,456,,,
0.3,GetHeartPos,HeartX,HeartY,,,,,,
0,BoneH,650,$HeartY,40,2,456,,,
0.25,GetHeartPos,HeartX,HeartY,,,,,,
0,BoneH,650,$HeartY,40,2,456,,,
0.25,GetHeartPos,HeartX,HeartY,,,,,,
0,BoneH,650,$HeartY,40,2,456,,,
0.3,GetHeartPos,HeartX,HeartY,,,,,,
0,BoneH,650,$HeartY,40,2,456,,,
0.25,GetHeartPos,HeartX,HeartY,,,,,,
0,BoneH,650,$HeartY,40,2,456,,,
0.25,GetHeartPos,HeartX,HeartY,,,,,,
0,BoneH,650,$HeartY,40,2,456,,,
0.3,GetHeartPos,HeartX,HeartY,,,,,,
0,BoneH,650,$HeartY,40,2,456,,,
0.25,GetHeartPos,HeartX,HeartY,,,,,,
0,BoneH,650,$HeartY,40,2,456,,,
0.25,GetHeartPos,HeartX,HeartY,,,,,,
0,BoneH,650,$HeartY,40,2,456,,,
0.3,GetHeartPos,HeartX,HeartY,,,,,,
0,BoneH,650,$HeartY,40,2,456,,,
0.25,GetHeartPos,HeartX,HeartY,,,,,,
0,BoneH,650,$HeartY,40,2,456,,,
0.25,GetHeartPos,HeartX,HeartY,,,,,,
0,BoneH,650,$HeartY,40,2,456,,,
0,GetHeartPos,HeartX,$HeartY,,,,,,
0,BoneV,$HeartX,206,45,1,300,1,,
0.25,GetHeartPos,HeartX,HeartY,,,,,,
0,BoneH,650,$HeartY,40,2,456,,,
0.25,GetHeartPos,HeartX,HeartY,,,,,,
0,BoneH,650,$HeartY,40,2,456,,,
0.3,GetHeartPos,HeartX,HeartY,,,,,,
0,BoneH,650,$HeartY,40,2,456,,,
0.25,GetHeartPos,HeartX,HeartY,,,,,,
0,BoneH,650,$HeartY,40,2,456,,,
0.25,GetHeartPos,HeartX,HeartY,,,,,,
0,BoneH,650,$HeartY,40,2,456,,,
0.3,GetHeartPos,HeartX,HeartY,,,,,,
0,BoneH,650,$HeartY,40,2,456,,,
0.25,GetHeartPos,HeartX,HeartY,,,,,,
0,BoneH,650,$HeartY,40,2,456,,,
0.25,GetHeartPos,HeartX,HeartY,,,,,,
0,BoneH,650,$HeartY,40,2,456,,,
0,GetHeartPos,HeartX,$HeartY,,,,,,
0,BoneV,$HeartX,206,45,1,300,1,,
0.25,GetHeartPos,HeartX,HeartY,,,,,,
0,BoneH,650,$HeartY,40,2,456,,,
0.25,GetHeartPos,HeartX,HeartY,,,,,,
0,BoneH,650,$HeartY,40,2,456,,,
0.3,GetHeartPos,HeartX,HeartY,,,,,,
0,BoneH,650,$HeartY,40,2,456,,,
0.25,GetHeartPos,HeartX,HeartY,,,,,,
0,BoneH,650,$HeartY,40,2,456,,,
0.25,GetHeartPos,HeartX,HeartY,,,,,,
0,BoneH,650,$HeartY,40,2,456,,,
0.3,GetHeartPos,HeartX,HeartY,,,,,,
0,BoneH,650,$HeartY,40,2,456,,,
0.25,GetHeartPos,HeartX,HeartY,,,,,,
0,BoneH,650,$HeartY,40,2,456,,,
0.25,GetHeartPos,HeartX,HeartY,,,,,,
0,BoneH,650,$HeartY,40,2,456,,,
0,GetHeartPos,HeartX,$HeartY,,,,,,
0,BoneV,$HeartX,206,45,1,300,1,,
0.25,GetHeartPos,HeartX,HeartY,,,,,,
0,BoneH,650,$HeartY,40,2,456,,,
0.25,GetHeartPos,HeartX,HeartY,,,,,,
0,BoneH,650,$HeartY,40,2,456,,,
0.3,GetHeartPos,HeartX,HeartY,,,,,,
0,BoneH,650,$HeartY,40,2,456,,,
0.25,GetHeartPos,HeartX,HeartY,,,,,,
0,BoneH,650,$HeartY,40,2,456,,,
0.25,GetHeartPos,HeartX,HeartY,,,,,,
0,BoneH,650,$HeartY,40,2,456,,,
0.3,GetHeartPos,HeartX,HeartY,,,,,,
0,BoneH,650,$HeartY,40,2,456,,,
0.25,GetHeartPos,HeartX,HeartY,,,,,,
0,BoneH,650,$HeartY,40,2,456,,,
0.25,GetHeartPos,HeartX,HeartY,,,,,,
0,BoneH,650,$HeartY,40,2,456,,,
0,GetHeartPos,HeartX,$HeartY,,,,,,
0,BoneV,$HeartX,206,45,1,300,1,,
0.25,GetHeartPos,HeartX,HeartY,,,,,,
0,BoneH,650,$HeartY,40,2,456,,,
0.25,GetHeartPos,HeartX,HeartY,,,,,,
0,BoneH,650,$HeartY,40,2,456,,,
0.3,GetHeartPos,HeartX,HeartY,,,,,,
0,BoneH,650,$HeartY,40,2,456,,,
0.25,GetHeartPos,HeartX,HeartY,,,,,,
0,BoneH,650,$HeartY,40,2,456,,,
0.25,GetHeartPos,HeartX,HeartY,,,,,,
0,BoneH,650,$HeartY,40,2,456,,,
0.3,GetHeartPos,HeartX,HeartY,,,,,,
0,BoneH,650,$HeartY,40,2,456,,,
0.25,GetHeartPos,HeartX,HeartY,,,,,,
0,BoneH,650,$HeartY,40,2,456,,,
0.25,GetHeartPos,HeartX,HeartY,,,,,,
0,BoneH,650,$HeartY,40,2,456,,,
0,GetHeartPos,HeartX,$HeartY,,,,,,
0,BoneV,$HeartX,206,45,1,300,1,,
0.25,GetHeartPos,HeartX,HeartY,,,,,,
0,BoneH,650,$HeartY,40,2,456,,,
0.25,GetHeartPos,HeartX,HeartY,,,,,,
0,BoneH,650,$HeartY,40,2,456,,,
0.3,GetHeartPos,HeartX,HeartY,,,,,,
0,BoneH,650,$HeartY,40,2,456,,,
0.25,GetHeartPos,HeartX,HeartY,,,,,,
0,BoneH,650,$HeartY,40,2,456,,,
0.25,GetHeartPos,HeartX,HeartY,,,,,,
0,BoneH,650,$HeartY,40,2,456,,,
0.3,GetHeartPos,HeartX,HeartY,,,,,,
0,BoneH,650,$HeartY,40,2,456,,,
0.25,GetHeartPos,HeartX,HeartY,,,,,,
0,BoneH,650,$HeartY,40,2,456,,,
0.25,GetHeartPos,HeartX,HeartY,,,,,,
0,BoneH,650,$HeartY,40,2,456,,,
0,GetHeartPos,HeartX,$HeartY,,,,,,
0,BoneV,$HeartX,206,45,1,300,1,,
1.2,,,,,,,,,
0,SineBones,100,30,766,45,,,,
4.2,,,,,,,,,
0,SansSlam,1,,,,,,,
0,BoneStab,1,20,0.3,0.1,,,,
0.2,BoneStab,1,40,0.3,0.1,,,,
0.2,BoneStab,1,47,0.4,0.1,,,,
0.3,BoneStab,3,140,1.2,3,,,,
1.7,BlackScreen,1,,,,,,,
0,SOUND,FLASH,,,,,,,
0.2333,BlackScreen,0,,,,,,,
0,HeartMode,0,,,,,,,
0,GasterBlaster,0,0,240,139,306,0,0.1,0.5
0,GasterBlaster,0,640,240,499,306,180,0.1,0.5
0,GasterBlaster,0,0,240,324,106,90,0.1,0.5
0,GasterBlaster,0,640,240,324,506,270,0.1,0.5
0.65,,,,,,,,,
0,BoneV,318.5,264.7,90,,,,,
0,BoneH,278.2,303.8,90,,,,,
0,BoneV,318.5,213,50,,,,,
0,BoneV,318.5,355,50,,,,,
0,BoneH,241,303.8,36,,,,,
0,BoneH,369,303.8,36,,,,,
0,BlackScreen,1,,,,,,,
0,BlackScreen,0,,,,,,,
1,,,,,,,,,
0,BoneV,318.5,264.7,90,,,,,
0,BoneH,278.2,303.8,90,,,,,
0,BoneV,318.5,213,50,,,1,,
0,BoneV,318.5,355,50,,,,,
0,BoneH,241,303.8,36,,,,,
0,BoneH,369,303.8,36,,,,,
0,BlackScreen,1,,,,,,,
0,BlackScreen,0,,,,,,,
0,Sound,Ding,,,,,,,
0.3,,,,,,,,,
0,BoneV,318.5,264.7,90,,,,,
0,BoneH,278.2,303.8,90,,,,,
0,BoneV,318.5,213,50,,,,,
0,BoneV,318.5,355,50,,,,,
0,BoneH,241,303.8,36,,,1,,
0,BoneH,369,303.8,36,,,,,
0,BlackScreen,1,,,,,,,
0,BlackScreen,0,,,,,,,
0,Sound,Ding,,,,,,,
0.3,,,,,,,,,
0,BoneV,318.5,264.7,90,,,,,
0,BoneH,278.2,303.8,90,,,,,
0,BoneV,318.5,213,50,,,,,
0,BoneV,318.5,355,50,,,,,
0,BoneH,241,303.8,36,,,,,
0,BoneH,369,303.8,36,,,1,,
0,Sound,Ding,,,,,,,
0,BlackScreen,1,,,,,,,
0,BlackScreen,0,,,,,,,
0.3,,,,,,,,,
0,BoneV,318.5,264.7,90,,,,,
0,BoneH,278.2,303.8,90,,,,,
0,BoneV,318.5,213,50,,,,,
0,BoneV,318.5,355,50,,,1,,
0,BoneH,241,303.8,36,,,,,
0,BoneH,369,303.8,36,,,,,
0,Sound,Ding,,,,,,,
0,BlackScreen,1,,,,,,,
0,BlackScreen,0,,,,,,,
0.3,,,,,,,,,
0,BoneV,318.5,264.7,90,,,,,
0,BoneH,278.2,303.8,90,,,,,
0,BoneV,318.5,213,50,,,,,
0,BoneV,318.5,355,50,,,,,
0,BoneH,241,303.8,36,,,,,
0,BoneH,369,303.8,36,,,,,
0,BlackScreen,1,,,,,,,
0,BlackScreen,0,,,,,,,
0.3,,,,,,,,,
0,BoneV,318.5,264.7,90,,,,,
0,BoneH,278.2,303.8,90,,,,,
0,BoneV,318.5,213,50,0,100,200,,
0,BoneV,318.5,355,50,2,100,200,,
0,BoneH,241,303.8,36,1,100,200,,
0,BoneH,369,303.8,36,3,100,200,,
0,BlackScreen,1,,,,,,,
0,BlackScreen,0,,,,,,,
0,GasterBlaster,2,0,0,259,166,90,0.1,0.2
0,GasterBlaster,2,640,480,379,446,270,0.1,0.2
0,GasterBlaster,2,0,480,189,246,0,0.1,0.2
0,GasterBlaster,2,640,480,449,366,180,0.1,0.2
1,,,,,,,,,
0,GasterBlaster,2,640,0,449,176,135,0.1,0.28
0,GasterBlaster,2,0,480,189,436,315,0.1,0.28
0,GasterBlaster,2,640,480,449,436,225,0.1,0.28
0,GasterBlaster,2,0,0,189,176,45,0.1,0.28
0.8,,,,,,,,,
0,BlackScreen,1,,,,,,,
0,Sound,Flash,,,,,,,
0.6,BlackScreen,0,,,,,,,
0.6,,,,,,,,,
0,BoneStab,1,75,0.1,100,,,,
0,BoneStab,3,20,0.1,100,,,,
0,GetHeartPos,HeartX,HeartY,,,,,,
0,BoneV,$HeartX,206,45,1,300,,,
0,GasterBlaster,1,$HeartX,-70,$HeartX,-70,90,0.2,0.1
0,GetHeartPos,HeartX,HeartY,,,,,,
0,BoneH,650,$HeartY,40,2,456,,,
0,GasterBlaster,1,700,$HeartY,700,$HeartY,180,0.2,0.1
0.75,,,,,,,,,
0,GetHeartPos,HeartX,HeartY,,,,,,
0,BoneV,$HeartX,206,45,1,300,,,
0,GasterBlaster,1,$HeartX,-70,$HeartX,-70,90,0.2,0.1
0,GetHeartPos,HeartX,HeartY,,,,,,
0,BoneH,650,$HeartY,40,2,456,,,
0,GasterBlaster,1,700,$HeartY,700,$HeartY,180,0.2,0.1
0.75,,,,,,,,,
0,GetHeartPos,HeartX,HeartY,,,,,,
0,BoneV,$HeartX,206,45,1,300,,,
0,GasterBlaster,1,$HeartX,-70,$HeartX,-70,90,0.2,0.1
0,GetHeartPos,HeartX,HeartY,,,,,,
0,BoneH,650,$HeartY,40,2,456,,,
0,GasterBlaster,1,700,$HeartY,700,$HeartY,180,0.2,0.1
0.75,,,,,,,,,
0,GetHeartPos,HeartX,HeartY,,,,,,
0,BoneV,$HeartX,206,45,1,300,,,
0,GasterBlaster,1,$HeartX,-70,$HeartX,-70,90,0.2,0.1
0,GetHeartPos,HeartX,HeartY,,,,,,
0,BoneH,650,$HeartY,40,2,456,,,
0,GasterBlaster,1,700,$HeartY,700,$HeartY,180,0.2,0.1
0.75,,,,,,,,,
0,GetHeartPos,HeartX,HeartY,,,,,,
0,BoneV,$HeartX,206,45,1,300,,,
0,GasterBlaster,1,$HeartX,-70,$HeartX,-70,90,0.2,0.1
0,GetHeartPos,HeartX,HeartY,,,,,,
0,BoneH,650,$HeartY,40,2,456,,,
0,GasterBlaster,1,700,$HeartY,700,$HeartY,180,0.2,0.1
0.75,,,,,,,,,
0,GetHeartPos,HeartX,HeartY,,,,,,
0,BoneV,$HeartX,206,45,1,300,,,
0,GasterBlaster,1,$HeartX,-70,$HeartX,-70,90,0.2,0.1
0,GetHeartPos,HeartX,HeartY,,,,,,
0,BoneH,650,$HeartY,40,2,456,,,
0,GasterBlaster,1,700,$HeartY,700,$HeartY,180,0.2,0.1
0.75,,,,,,,,,
0,GetHeartPos,HeartX,HeartY,,,,,,
0,BoneV,$HeartX,206,45,1,300,,,
0,GasterBlaster,1,$HeartX,-70,$HeartX,-70,90,0.2,0.1
0,GetHeartPos,HeartX,HeartY,,,,,,
0,BoneH,650,$HeartY,40,2,456,,,
0,GasterBlaster,1,700,$HeartY,700,$HeartY,180,0.2,0.1
0.75,,,,,,,,,
0,GetHeartPos,HeartX,HeartY,,,,,,
0,BoneV,$HeartX,206,45,1,300,,,
0,GasterBlaster,1,$HeartX,-70,$HeartX,-70,90,0.2,0.1
0,GetHeartPos,HeartX,HeartY,,,,,,
0,BoneH,650,$HeartY,40,2,456,,,
0,GasterBlaster,1,700,$HeartY,700,$HeartY,180,0.2,0.1
0.75,,,,,,,,,
0,GetHeartPos,HeartX,HeartY,,,,,,
0,BoneV,$HeartX,206,45,1,300,,,
0,GasterBlaster,1,$HeartX,-70,$HeartX,-70,90,0.2,0.1
0,GetHeartPos,HeartX,HeartY,,,,,,
0,BoneH,650,$HeartY,40,2,456,,,
0,GasterBlaster,1,700,$HeartY,700,$HeartY,180,0.2,0.1
0.75,,,,,,,,,
0,GetHeartPos,HeartX,HeartY,,,,,,
0,BoneV,$HeartX,206,45,1,300,,,
0,GasterBlaster,1,$HeartX,-70,$HeartX,-70,90,0.2,0.1
0,GetHeartPos,HeartX,HeartY,,,,,,
0,BoneH,650,$HeartY,40,2,456,,,
0,GasterBlaster,1,700,$HeartY,700,$HeartY,180,0.2,0.1
0.75,,,,,,,,,
0,GetHeartPos,HeartX,HeartY,,,,,,
0,BoneV,$HeartX,206,45,1,300,,,
0,GasterBlaster,1,$HeartX,-70,$HeartX,-70,90,0.2,0.1
0,GetHeartPos,HeartX,HeartY,,,,,,
0,BoneH,650,$HeartY,40,2,456,,,
0,GasterBlaster,1,700,$HeartY,700,$HeartY,180,0.2,0.1
0.75,,,,,,,,,
0,GetHeartPos,HeartX,HeartY,,,,,,
0,BoneV,$HeartX,206,45,1,300,,,
0,GasterBlaster,1,$HeartX,-70,$HeartX,-70,90,0.2,0.1
0,GetHeartPos,HeartX,HeartY,,,,,,
0,BoneH,650,$HeartY,40,2,456,,,
0,GasterBlaster,1,700,$HeartY,700,$HeartY,180,0.2,0.1
0.75,,,,,,,,,
0,GetHeartPos,HeartX,HeartY,,,,,,
0,BoneV,$HeartX,206,45,1,300,,,
0,GasterBlaster,1,$HeartX,-70,$HeartX,-70,90,0.2,0.1
0,GetHeartPos,HeartX,HeartY,,,,,,
0,BoneH,650,$HeartY,40,2,456,,,
0,GasterBlaster,1,700,$HeartY,700,$HeartY,180,0.2,0.1
0.75,,,,,,,,,
0,GetHeartPos,HeartX,HeartY,,,,,,
0,BoneV,$HeartX,206,45,1,300,,,
0,GasterBlaster,1,$HeartX,-70,$HeartX,-70,90,0.2,0.1
0,GetHeartPos,HeartX,HeartY,,,,,,
0,BoneH,650,$HeartY,40,2,456,,,
0,GasterBlaster,1,700,$HeartY,700,$HeartY,180,0.2,0.1
0.75,,,,,,,,,
0,GetHeartPos,HeartX,HeartY,,,,,,
0,BoneV,$HeartX,206,45,1,300,,,
0,GasterBlaster,1,$HeartX,-70,$HeartX,-70,90,0.2,0.1
0,GetHeartPos,HeartX,HeartY,,,,,,
0,BoneH,650,$HeartY,40,2,456,,,
0,GasterBlaster,1,700,$HeartY,700,$HeartY,180,0.2,0.1
0.75,,,,,,,,,
0,GetHeartPos,HeartX,HeartY,,,,,,
0,BoneV,$HeartX,206,45,1,300,,,
0,GasterBlaster,1,$HeartX,-70,$HeartX,-70,90,0.2,0.1
0,GetHeartPos,HeartX,HeartY,,,,,,
0,BoneH,650,$HeartY,40,2,456,,,
0,GasterBlaster,1,700,$HeartY,700,$HeartY,180,0.2,0.1
0.75,,,,,,,,,
0,GetHeartPos,HeartX,HeartY,,,,,,
0,BoneV,$HeartX,206,45,1,300,,,
0,GasterBlaster,1,$HeartX,-70,$HeartX,-70,90,0.2,0.1
0,GetHeartPos,HeartX,HeartY,,,,,,
0,BoneH,650,$HeartY,40,2,456,,,
0,GasterBlaster,1,700,$HeartY,700,$HeartY,180,0.2,0.1
0.75,,,,,,,,,
0,GetHeartPos,HeartX,HeartY,,,,,,
0,BoneV,$HeartX,206,45,1,300,,,
0,GasterBlaster,1,$HeartX,-70,$HeartX,-70,90,0.2,0.1
0,GetHeartPos,HeartX,HeartY,,,,,,
0,BoneH,650,$HeartY,40,2,456,,,
0,GasterBlaster,1,700,$HeartY,700,$HeartY,180,0.2,0.1
0.8,BlackScreen,1,,,,,,,
0,Sound,Flash,,,,,,,
0.32,BlackScreen,0,,,,,,,
0,SansX,320,,,,,,,
0,Sound,mus_zz_megalovania,1.271828,,,,,,
0,HeartTelePort,323.5,308.5,,,,,,
0.5,,,,,,,,,
0,SansBody,HandRight,,,,,,,
0,SansSlam,0,,,,,,,
0,GasterBlaster,2,0,480,189,246,0,0,0.25
0,GasterBlaster,2,640,480,449,366,180,0,0.25
0,BoneStab,0,30,0.26,0.1,,,,
0.7,,,,,,,,,
0,HeartMode,0,,,,,,,
0,GasterBlaster,1,640,0,449,176,135,0,0.4
0,GasterBlaster,1,0,480,189,436,315,0,0.4
0,GasterBlaster,1,640,480,449,436,225,0,0.4
0,GasterBlaster,1,0,0,189,176,45,0,0.4
0,GasterBlaster,1,0,0,259,166,87,0,0.4
0,GasterBlaster,1,640,480,379,446,273,0,0.4
0.4,BoneV,221,231,155,0,400,1,,
0,BoneV,421,231,155,2,400,1,,
0.3,,,,,,,,,
0,BoneStab,1,25,0.3,0.2,,,,
0,BoneStab,3,115,0.3,0.2,,,,
0,SansSlam,1,,,,,,,
0,SansBody,HandDown,,,,,,,
0.6,,,,,,,,,
0,SansSlam,3,,,,,,,
0,BoneStab,0,87,0.2,0.1,,,,
0,BoneStab,3,25,0.3,0.1,,,,
0,BoneStab,2,53,0.2,0.1,,,,
0,SansBody,HandUp,,,,,,,
0.09,,,,,,,,,
0,BoneStab,0,87,0.2,0.1,,,,
0,BoneStab,3,25,0.3,0.1,,,,
0,BoneStab,2,53,0.2,0.1,,,,
0.09,,,,,,,,,
0,BoneStab,0,87,0.2,0.1,,,,
0,BoneStab,3,25,0.3,0.1,,,,
0,BoneStab,2,53,0.2,0.1,,,,
,,,,,,,,,
,,,,,,,,,
,,,,,,,,,
0.5,,,,,,,,,
0,BoneStab,0,66,0.2,3.7,,,,
0,BoneStab,1,38,0.4,0.1,,,,
0,BoneStab,2,66,0.2,3.7,,,,
0,SansSlam,1,,,,,,,
0,SansBody,HandDown,,,,,,,
0,GasterBlaster,1,640,240,499,306,185,0.1,0.03
0,GasterBlaster,2,0,0,259,166,86,0.1,0.03
0,GasterBlaster,1,625,480,364,446,274,0.1,0.03
0.7,,,,,,,,,
0,SansSlam,3,,,,,,,
0,SansBody,HandUp,,,,,,,
0.1,BoneStab,3,30,0.35,0.2,,,,
0,BoneStab,1,97,0.35,0,,,,
0.45,SansBody,HandDown,,,,,,,
0,SansSlam,1,,,,,,,
0.1,BoneStab,1,30,0.35,0.2,,,,
0,BoneStab,3,97,0.35,0,,,,
0.45,SansBody,HandUp,,,,,,,
0,SansSlam,3,,,,,,,
0.1,BoneStab,3,30,0.35,0.2,,,,
0,BoneStab,1,97,0.35,0,,,,
0.45,SansBody,HandDown,,,,,,,
0,SansSlam,1,,,,,,,
0.1,BoneStab,1,30,0.35,0.2,,,,
0,BoneStab,3,97,0.35,0,,,,
0.45,SansBody,HandUp,,,,,,,
0,SansSlam,3,,,,,,,
0.1,BoneStab,3,30,0.35,0.2,,,,
0,BoneStab,1,97,0.35,0,,,,
0.45,SansBody,HandDown,,,,,,,
0,SansSlam,1,,,,,,,
0.1,BoneStab,1,30,0.35,0.2,,,,
0,BoneStab,3,97,0.35,0,,,,
0.5,,,,,,,,,
0,BoneStab,2,35,0.4,0.1,,,,
0,BoneStab,0,95,0.4,0.1,,,,
0,SansSlam,2,,,,,,,
0,SansBody,HandLeft,,,,,,,
0.08,,,,,,,,,
0,BoneStab,2,35,0.4,0.1,,,,
0,BoneStab,0,95,0.4,0.1,,,,
0,GasterBlaster,2,0,480,189,246,0,0,0.25
0,GasterBlaster,2,640,480,449,366,180,0,0.25
0.6,,,,,,,,,
0,BoneStab,0,35,0.4,0.1,,,,
0,BoneStab,2,95,0.4,0.1,,,,
0,BoneStab,1,72,0,100,,,,
0,BoneStab,3,72,0,100,,,,
0,SansSlam,0,,,,,,,
0,SansBody,HandRight,,,,,,,
0.6,,,,,,,,,
0,BoneStab,2,35,0.4,0.1,,,,
0,BoneStab,0,95,0.4,0.1,,,,
0,SansSlam,2,,,,,,,
0,SansBody,HandLeft,,,,,,,
0.6,,,,,,,,,
0,BoneStab,0,35,0.4,0.1,,,,
0,BoneStab,2,95,0.4,0.1,,,,
0,SansSlam,0,,,,,,,
0,SansBody,HandRight,,,,,,,
0.6,,,,,,,,,
0,BoneStab,2,35,0.4,0.1,,,,
0,BoneStab,0,95,0.4,0,,,,
0,SansSlam,2,,,,,,,
0,SansBody,HandLeft,,,,,,,
0.5,,,,,,,,,
0,BoneStab,0,35,0.3,0,,,,
0,BoneStab,2,95,0.3,0,,,,
0,SansSlam,0,,,,,,,
0,SansBody,HandRight,,,,,,,
0.5,,,,,,,,,
0,BoneStab,2,35,0.3,0,,,,
0,BoneStab,0,95,0.3,0,,,,
0,SansSlam,2,,,,,,,
0,SansBody,HandLeft,,,,,,,
0.5,,,,,,,,,
0,BoneStab,0,35,0.3,0,,,,
0,BoneStab,2,95,0.3,0,,,,
0,SansSlam,0,,,,,,,
0,SansBody,HandRight,,,,,,,
0.45,,,,,,,,,
0,BoneStab,2,35,0.3,0,,,,
0,BoneStab,0,95,0.3,0,,,,
0,SansSlam,2,,,,,,,
0,SansBody,HandLeft,,,,,,,
0.45,,,,,,,,,
0,BoneStab,0,35,0.3,0,,,,
0,BoneStab,2,95,0.3,0,,,,
0,SansSlam,0,,,,,,,
0,SansBody,HandRight,,,,,,,
0.45,,,,,,,,,
0,BoneStab,2,35,0.3,0,,,,
0,BoneStab,0,95,0.3,0,,,,
0,SansSlam,2,,,,,,,
0,SansBody,HandLeft,,,,,,,
0.45,,,,,,,,,
0,BoneStab,0,35,0.3,0,,,,
0,BoneStab,2,95,0.3,0,,,,
0,SansSlam,0,,,,,,,
0,SansBody,HandRight,,,,,,,
0.45,,,,,,,,,
0,BoneStab,2,35,0.3,0,,,,
0,BoneStab,0,95,0.3,0,,,,
0,SansSlam,2,,,,,,,
0,SansBody,HandLeft,,,,,,,
,,,,,,,,,
0.6,BoneV,426,126,1000,2,600,1,,
0,sound,ding,,,,,,,
0,HeartMode,0,,,,,,,
0.032,BoneV,426,126,1000,2,600,1,,
0.032,BoneV,426,126,1000,2,600,1,,
0.032,BoneV,426,126,1000,2,600,1,,
0.032,BoneV,426,126,1000,2,600,1,,
0.032,BoneV,426,126,1000,2,600,1,,
0.032,BoneV,426,126,1000,2,600,1,,
0.032,BoneV,426,126,1000,2,600,1,,
0.032,BoneV,426,126,1000,2,600,1,,
0.032,BoneV,426,126,1000,2,600,1,,
0.032,BoneV,426,126,1000,2,600,1,,
0.032,BoneV,426,126,1000,2,600,1,,
0.032,BoneV,426,126,1000,2,600,1,,
0.032,BoneV,426,126,1000,2,600,1,,
0.032,BoneV,426,126,1000,2,600,1,,
0.032,BoneV,426,126,1000,2,600,1,,
0.032,BoneV,426,126,1000,2,600,1,,
0.032,BoneV,426,126,1000,2,600,1,,
0.032,BoneV,426,126,1000,2,600,1,,
0.032,BoneV,426,126,1000,2,600,1,,
0.032,BoneV,426,126,1000,2,600,1,,
0.032,BoneV,426,126,1000,2,600,1,,
0.032,BoneV,426,126,1000,2,600,1,,
0.032,BlackScreen,1,,,,,,,
0,Sound,Flash,,,,,,,
0.35,BlackScreen,0,,,,,,,
0,CombatZoneResizeinstant,141,26,501,386,TLResume,,,
0,HeartTeleport,181,346,,,,,,
0,HeartMode,0,,,,,,,
0,BoneStab,0,27,0,1000,,,,
0,BoneStab,1,27,0,1000,,,,
0,BoneStab,2,27,0,1000,,,,
0,BoneStab,3,27,0,1000,,,,
0,BoneV,144.9,245,90,,,,,
0,BoneH,141,283,80,,,,,
0,BoneV,316,245,90,,,,,
0,BoneH,274.5,283,90,,,,,
0,BoneV,498,245,90,,,,,
0,BoneH,421.3,283,80,,,,,
0,BoneV,226,115,90,,,,,
0,BoneH,184.5,153,90,,,,,
0,BoneV,406,115,90,,,,,
0,BoneH,364.5,153,90,,,,,
0,BoneH,292.5,153,55,,,,,
0,BoneV,316,55,90,,,,,
0,BoneH,274.5,93,90,,,,,
0,BoneV,316,172.7,60,,,,,
0,BoneHRepeat,141,283,80,0,150,500,150,
1,BoneStab,1,50,0.1,0.2,,,,
0,BoneStab,2,50,0.1,0.2,,,,
0,BoneV,144.9,-10,1000,0,300,1,,
1,,,,,,,,,
0,BoneStab,1,100,0,1,,,,
0,BoneStab,2,100,0,1,,,,
0,BoneV,144.9,-10,1000,0,300,1,,
1,,,,,,,,,
,,,,,,,,,
0,BoneStab,1,150,0,1,,,,
0,BoneStab,2,150,0,1,,,,
0,BoneV,144.9,-10,1000,0,300,1,,
1,,,,,,,,,
0,BoneStab,1,200,0,1,,,,
0,BoneStab,2,200,0,1,,,,
0,BoneV,144.9,-10,1000,0,300,1,,
1,,,,,,,,,
0,BoneStab,1,250,0,1,,,,
0,BoneStab,2,250,0,1,,,,
0,BoneV,144.9,-10,1000,0,300,1,,
1,,,,,,,,,
0,BoneStab,1,270,0,1,,,,
0,BoneStab,2,270,0,1,,,,
0,BoneV,144.9,-10,1000,0,300,1,,
2.5,,,,,,,,,
0,BoneStab,3,50,0.1,0.2,,,,
0,BoneStab,0,50,0.1,0.2,,,,
0,BoneV,144.9,-10,1000,0,300,1,,
1,,,,,,,,,
0,BoneStab,3,100,0,1,,,,
0,BoneStab,0,100,0,1,,,,
0,BoneV,144.9,-10,1000,0,300,1,,
1,,,,,,,,,
,,,,,,,,,
0,BoneStab,3,150,0,1,,,,
0,BoneStab,0,150,0,1,,,,
0,BoneV,144.9,-10,1000,0,300,1,,
1,,,,,,,,,
0,BoneStab,3,200,0,1,,,,
0,BoneStab,0,200,0,1,,,,
0,BoneV,144.9,-10,1000,0,300,1,,
1,,,,,,,,,
0,BoneStab,3,250,0,1,,,,
0,BoneStab,0,250,0,1,,,,
0,BoneV,144.9,-10,1000,0,300,1,,
1,,,,,,,,,
0,BoneStab,3,270,0,1,,,,
0,BoneStab,0,270,0,1,,,,
0,BoneV,144.9,-10,1000,0,300,1,,
2.5,,,,,,,,,
0,BoneStab,3,30,0.1,0.2,,,,
0,BoneStab,1,30,0.1,0.2,,,,
0,BoneV,144.9,-10,1000,0,300,1,,
1,,,,,,,,,
0,BoneStab,3,60,0,1,,,,
0,BoneStab,1,60,0,1,,,,
0,BoneV,144.9,-10,1000,0,300,1,,
1,,,,,,,,,
,,,,,,,,,
0,BoneStab,3,90,0,1,,,,
0,BoneStab,1,90,0,1,,,,
0,BoneV,144.9,-10,1000,0,300,1,,
1,,,,,,,,,
0,BoneStab,3,120,0,1,,,,
0,BoneStab,1,120,0,1,,,,
0,BoneV,144.9,-10,1000,0,300,1,,
1,,,,,,,,,
0,BoneStab,3,140,0,1,,,,
0,BoneStab,1,140,0,1,,,,
0,BoneV,144.9,-10,1000,0,300,1,,
1,,,,,,,,,
0,BoneStab,3,150,0,1,,,,
0,BoneStab,1,150,0,1,,,,
0,BoneV,144.9,-10,1000,0,300,1,,
1,,,,,,,,,
0,BoneStab,3,50,0.1,0.2,,,,
0,BoneStab,2,50,0.1,0.2,,,,
0,BoneV,144.9,-10,1000,0,300,1,,
1,,,,,,,,,
0,BoneStab,3,100,0,1,,,,
0,BoneStab,2,100,0,1,,,,
0,BoneV,144.9,-10,1000,0,300,1,,
1,,,,,,,,,
,,,,,,,,,
0,BoneStab,3,150,0,1,,,,
0,BoneStab,2,150,0,1,,,,
0,BoneV,144.9,-10,1000,0,300,1,,
1,,,,,,,,,
0,BoneStab,3,200,0,1,,,,
0,BoneStab,2,200,0,1,,,,
0,BoneV,144.9,-10,1000,0,300,1,,
1,,,,,,,,,
0,BoneStab,3,250,0,1,,,,
0,BoneStab,2,250,0,1,,,,
0,BoneV,144.9,-10,1000,0,300,1,,
1,,,,,,,,,
0,BoneStab,3,270,0,1,,,,
0,BoneStab,2,270,0,1,,,,
0,BoneV,144.9,-10,1000,0,300,1,,
2.5,,,,,,,,,
0,BoneStab,0,50,0,1,,,,
0,BoneStab,3,50,0,1,,,,
0,BoneV,144.9,-10,1000,0,300,1,,
1,,,,,,,,,
0,BoneStab,0,100,0,1,,,,
0,BoneStab,3,100,0,1,,,,
0,BoneV,144.9,-10,1000,0,300,1,,
1,,,,,,,,,
,,,,,,,,,
0,BoneStab,0,150,0,1,,,,
0,BoneStab,3,150,0,1,,,,
0,BoneV,144.9,-10,1000,0,300,1,,
1,,,,,,,,,
0,BoneStab,0,200,0,1,,,,
0,BoneStab,3,200,0,1,,,,
0,BoneV,144.9,-10,1000,0,300,1,,
1,,,,,,,,,
0,BoneStab,0,250,0,1,,,,
0,BoneStab,3,250,0,1,,,,
0,BoneV,144.9,-10,1000,0,300,1,,
1,,,,,,,,,
0,BoneStab,0,270,0,1,,,,
0,BoneStab,3,270,0,1,,,,
0,BoneV,144.9,-10,1000,0,300,1,,
1.5,,,,,,,,,
0.032,BlackScreen,1,,,,,,,
0,Sound,Flash,,,,,,,
0.35,BlackScreen,0,,,,,,,
0,SansSweat,3,,,,,,,
0,CombatZoneResizeinstant,133,251,508,391,,,,
0,HeartMode,1,,,,,,,
0,HeartTelePort,187.5,371,,,,,,
0,PlatformRepeat,538,346,45,2,100,100,240,
0,PlatformRepeat,43,301,45,0,100,100,240,
1,BoneHRepeat,538,346,75,2,100,100,240,
0,BoneHRepeat,43,301,75,0,100,100,240,
0.3,,,,,,,,,
0,BoneV,43,346,40,0,219,,,
0.07,BoneV,43,346,40,0,219,,,
0,GasterBlaster,1,0,0,73,285,0,0.1,0.2
0.9,,,,,,,,,
0,BoneV,538,303,40,2,200,,,
0.07,BoneV,538,303,40,2,200,,,
0,GasterBlaster,1,0,0,588,366,180,0.1,0.2
0.9,,,,,,,,,
0,BoneV,43,256,40,0,194,,,
0.07,BoneV,43,256,40,0,194,,,
0,GasterBlaster,1,0,5,53,336,0,0.1,0.2
0.9,,,,,,,,,
0,BoneV,43,303,40,0,200,,,
0.07,BoneV,43,303,40,0,200,,,
0,GasterBlaster,1,0,0,73,285,0,0.1,0.2
0.9,,,,,,,,,
0,BoneV,538,372,50,2,160,,,
0.07,BoneV,538,372,50,2,160,,,
0,GasterBlaster,1,0,5,53,336,0,0.1,0.2
0.9,,,,,,,,,
0,GasterBlaster,1,0,0,73,285,0,0.1,1.6
0,GasterBlaster,1,640,0,563,325,180,0.1,1
0,BoneV,43,286,100,0,130,,,
3.2,BoneV,540,256,40,2,150,,,
1.8,SansBody,HandUP,,,,,,,
0,SansSlam,3,,,,,,,
0,BoneStab,1,100,0.1,100,,,,
0.4,BoneVRepeat,552,252,15,2,235,10,140,
0,BoneVRepeat,-10,252,15,0,235,10,140,
7,,,,,,,,,
0,BlackScreen,1,,,,,,,
0,Sound,Flash,,,,,,,
0.4,BlackScreen,0,,,,,,,
,,,,,,,,,
0,HeartTeleport,323.5,371,,,,,,
0,HeartMode,1,,,,,,,
0,CombatZoneResizeInstant,171,231,476,391,TLResume,,,
0.3,RND,Direction,50,,,,,,
0,ADD,Direction,$Direction,331,,,,,
0,BoneV,143.5,$Direction,150,0,207,,,
0,BoneV,503.5,$Direction,150,2,207,,,
0.08,BoneV,143.5,$Direction,150,0,207,,,
0,BoneV,503.5,$Direction,150,2,207,,,
0,SUB,Direction,$Direction,170,,,,,
0.25,BoneV,143.5,$Direction,164,0,207,,,
0,BoneV,503.5,$Direction,164,2,207,,,
0.08,BoneV,143.5,$Direction,164,0,207,,,
0,BoneV,503.5,$Direction,164,2,207,,,
,,,,,,,,,
0.76,RND,Direction,50,,,,,,
0,ADD,Direction,$Direction,331,,,,,
0,BoneV,143.5,$Direction,150,0,207,,,
0,BoneV,503.5,$Direction,150,2,207,,,
0.08,BoneV,143.5,$Direction,150,0,207,,,
0,BoneV,503.5,$Direction,150,2,207,,,
0,SUB,Direction,$Direction,170,,,,,
0.25,BoneV,143.5,$Direction,164,0,207,,,
0,BoneV,503.5,$Direction,164,2,207,,,
0.08,BoneV,143.5,$Direction,164,0,207,,,
0,BoneV,503.5,$Direction,164,2,207,,,
,,,,,,,,,
0.76,RND,Direction,50,,,,,,
0,ADD,Direction,$Direction,331,,,,,
0,BoneV,143.5,$Direction,150,0,207,,,
0,BoneV,503.5,$Direction,150,2,207,,,
0.08,BoneV,143.5,$Direction,150,0,207,,,
0,BoneV,503.5,$Direction,150,2,207,,,
0,SUB,Direction,$Direction,170,,,,,
0.25,BoneV,143.5,$Direction,164,0,207,,,
0,BoneV,503.5,$Direction,164,2,207,,,
0.08,BoneV,143.5,$Direction,164,0,207,,,
0,BoneV,503.5,$Direction,164,2,207,,,
,,,,,,,,,
0.76,RND,Direction,50,,,,,,
0,ADD,Direction,$Direction,331,,,,,
0,BoneV,143.5,$Direction,150,0,207,,,
0,BoneV,503.5,$Direction,150,2,207,,,
0.08,BoneV,143.5,$Direction,150,0,207,,,
0,BoneV,503.5,$Direction,150,2,207,,,
0,SUB,Direction,$Direction,170,,,,,
0.25,BoneV,143.5,$Direction,164,0,207,,,
0,BoneV,503.5,$Direction,164,2,207,,,
0.08,BoneV,143.5,$Direction,164,0,207,,,
0,BoneV,503.5,$Direction,164,2,207,,,
,,,,,,,,,
0.76,RND,Direction,50,,,,,,
0,ADD,Direction,$Direction,331,,,,,
0,BoneV,143.5,$Direction,150,0,207,,,
0,BoneV,503.5,$Direction,150,2,207,,,
0.08,BoneV,143.5,$Direction,150,0,207,,,
0,BoneV,503.5,$Direction,150,2,207,,,
0,SUB,Direction,$Direction,170,,,,,
0.25,BoneV,143.5,$Direction,164,0,207,,,
0,BoneV,503.5,$Direction,164,2,207,,,
0.08,BoneV,143.5,$Direction,164,0,207,,,
0,BoneV,503.5,$Direction,164,2,207,,,
,,,,,,,,,
0.76,RND,Direction,50,,,,,,
0,ADD,Direction,$Direction,331,,,,,
0,BoneV,143.5,$Direction,150,0,207,,,
0,BoneV,503.5,$Direction,150,2,207,,,
0.08,BoneV,143.5,$Direction,150,0,207,,,
0,BoneV,503.5,$Direction,150,2,207,,,
0,SUB,Direction,$Direction,170,,,,,
0.25,BoneV,143.5,$Direction,164,0,207,,,
0,BoneV,503.5,$Direction,164,2,207,,,
0.08,BoneV,143.5,$Direction,164,0,207,,,
0,BoneV,503.5,$Direction,164,2,207,,,
,,,,,,,,,
0.76,RND,Direction,50,,,,,,
0,ADD,Direction,$Direction,331,,,,,
0,BoneV,143.5,$Direction,150,0,207,,,
0,BoneV,503.5,$Direction,150,2,207,,,
0.08,BoneV,143.5,$Direction,150,0,207,,,
0,BoneV,503.5,$Direction,150,2,207,,,
0,SUB,Direction,$Direction,170,,,,,
0.25,BoneV,143.5,$Direction,164,0,207,,,
0,BoneV,503.5,$Direction,164,2,207,,,
0.08,BoneV,143.5,$Direction,164,0,207,,,
0,BoneV,503.5,$Direction,164,2,207,,,
,,,,,,,,,
0.76,,,,,,,,,
0,BoneV,503.5,199,150,2,320,,,
0,BoneV,503.5,199,150,2,320,,,
0.05,BoneV,503.5,199,150,2,320,,,
0,BoneV,503.5,199,150,2,320,,,
0,BoneV,503.5,369,163,2,320,,,
0,BoneV,489.9,369,163,2,320,,,
0.05,BoneV,489.9,369,163,2,320,,,
0,BoneV,489.9,369,163,2,320,,,
,,,,,,,,,
0.5,,,,,,,,,
0,BoneV,503.5,199,150,2,320,,,
0,BoneV,503.5,199,150,2,320,,,
0.05,BoneV,503.5,199,150,2,320,,,
0,BoneV,503.5,199,150,2,320,,,
0,BoneV,489.9,369,163,2,320,,,
0,BoneV,489.9,369,163,2,320,,,
0.05,BoneV,489.9,369,163,2,320,,,
0,BoneV,489.9,369,163,2,320,,,
,,,,,,,,,
0.5,,,,,,,,,
0,BoneV,503.5,199,150,2,320,,,
0,BoneV,503.5,199,150,2,320,,,
0.05,BoneV,503.5,199,150,2,320,,,
0,BoneV,503.5,199,150,2,320,,,
0,BoneV,489.9,369,163,2,320,,,
0,BoneV,489.9,369,163,2,320,,,
0.05,BoneV,489.9,369,163,2,320,,,
0,BoneV,489.9,369,163,2,320,,,
,,,,,,,,,
0.5,,,,,,,,,
0,BoneV,503.5,199,150,2,320,,,
0,BoneV,503.5,199,150,2,320,,,
0.05,BoneV,503.5,199,150,2,320,,,
0,BoneV,503.5,199,150,2,320,,,
0,BoneV,489.9,369,163,2,320,,,
0,BoneV,489.9,369,163,2,320,,,
0.05,BoneV,489.9,369,163,2,320,,,
0,BoneV,489.9,369,163,2,320,,,
,,,,,,,,,
0.5,,,,,,,,,
0,BoneV,503.5,199,150,2,320,,,
0,BoneV,503.5,199,150,2,320,,,
0.05,BoneV,503.5,199,150,2,320,,,
0,BoneV,503.5,199,150,2,320,,,
0,BoneV,489.9,369,163,2,320,,,
0,BoneV,489.9,369,163,2,320,,,
0.05,BoneV,489.9,369,163,2,320,,,
0,BoneV,489.9,369,163,2,320,,,
,,,,,,,,,
0.5,,,,,,,,,
0,BoneV,503.5,199,150,2,320,,,
0,BoneV,503.5,199,150,2,320,,,
0.05,BoneV,503.5,199,150,2,320,,,
0,BoneV,503.5,199,150,2,320,,,
0,BoneV,489.9,369,163,2,320,,,
0,BoneV,489.9,369,163,2,320,,,
0.05,BoneV,489.9,369,163,2,320,,,
0,BoneV,489.9,369,163,2,320,,,
,,,,,,,,,
0.5,,,,,,,,,
0,BoneV,503.5,199,150,2,320,,,
0,BoneV,503.5,199,150,2,320,,,
0.05,BoneV,503.5,199,150,2,320,,,
0,BoneV,503.5,199,150,2,320,,,
0,BoneV,489.9,369,163,2,320,,,
0,BoneV,489.9,369,163,2,320,,,
0.05,BoneV,489.9,369,163,2,320,,,
0,BoneV,489.9,369,163,2,320,,,
,,,,,,,,,
0.5,,,,,,,,,
0,BoneV,503.5,199,150,2,320,,,
0,BoneV,503.5,199,150,2,320,,,
0.05,BoneV,503.5,199,150,2,320,,,
0,BoneV,503.5,199,150,2,320,,,
0,BoneV,489.9,369,163,2,320,,,
0,BoneV,489.9,369,163,2,320,,,
0.05,BoneV,489.9,369,163,2,320,,,
0,BoneV,489.9,369,163,2,320,,,
,,,,,,,,,
,,,,,,,,,
0.5,,,,,,320,,,
0,BoneV,503.5,199,150,2,320,,,
0,BoneV,503.5,199,150,2,320,,,
0.05,BoneV,503.5,199,150,2,320,,,
0,BoneV,503.5,199,150,2,320,,,
0,BoneV,503.5,369,163,2,320,,,
0,BoneV,489.9,369,163,2,320,,,
0.05,BoneV,489.9,369,163,2,320,,,
0,BoneV,489.9,369,163,2,300,,,
,,,,,,,,,
0.5,,,,,,,,,
0,BoneV,503.5,199,150,2,320,,,
0,BoneV,503.5,199,150,2,320,,,
0.05,BoneV,503.5,199,150,2,320,,,
0,BoneV,503.5,199,150,2,320,,,
0,BoneV,489.9,369,163,2,320,,,
0,BoneV,489.9,369,163,2,320,,,
0.05,BoneV,489.9,369,163,2,320,,,
0,BoneV,489.9,369,163,2,320,,,
,,,,,,,,,
0.5,,,,,,,,,
0,BoneV,503.5,199,150,2,320,,,
0,BoneV,503.5,199,150,2,320,,,
0.05,BoneV,503.5,199,150,2,320,,,
0,BoneV,503.5,199,150,2,320,,,
0,BoneV,489.9,369,163,2,320,,,
0,BoneV,489.9,369,163,2,320,,,
0.05,BoneV,489.9,369,163,2,320,,,
0,BoneV,489.9,369,163,2,320,,,
,,,,,,,,,
0.5,,,,,,,,,
0,BoneV,503.5,199,150,2,320,,,
0,BoneV,503.5,199,150,2,320,,,
0.05,BoneV,503.5,199,150,2,320,,,
0,BoneV,503.5,199,150,2,320,,,
0,BoneV,489.9,369,163,2,320,,,
0,BoneV,489.9,369,163,2,320,,,
0.05,BoneV,489.9,369,163,2,320,,,
0,BoneV,489.9,369,163,2,320,,,
,,,,,,,,,
0.5,,,,,,,,,
0,BoneV,503.5,199,150,2,320,,,
0,BoneV,503.5,199,150,2,320,,,
0.05,BoneV,503.5,199,150,2,320,,,
0,BoneV,503.5,199,150,2,320,,,
0,BoneV,489.9,369,163,2,320,,,
0,BoneV,489.9,369,163,2,320,,,
0.05,BoneV,489.9,369,163,2,320,,,
0,BoneV,489.9,369,163,2,320,,,
,,,,,,,,,
0.5,,,,,,,,,
0,BoneV,503.5,199,150,2,320,,,
0,BoneV,503.5,199,150,2,320,,,
0.05,BoneV,503.5,199,150,2,320,,,
0,BoneV,503.5,199,150,2,320,,,
0,BoneV,489.9,369,163,2,320,,,
0,BoneV,489.9,369,163,2,320,,,
0.05,BoneV,489.9,369,163,2,320,,,
0,BoneV,489.9,369,163,2,320,,,
,,,,,,,,,
0.5,,,,,,,,,
0,BoneV,503.5,199,150,2,320,,,
0,BoneV,503.5,199,150,2,320,,,
0.05,BoneV,503.5,199,150,2,320,,,
0,BoneV,503.5,199,150,2,320,,,
0,BoneV,489.9,369,163,2,320,,,
0,BoneV,489.9,369,163,2,320,,,
0.05,BoneV,489.9,369,163,2,320,,,
0,BoneV,489.9,369,163,2,320,,,
,,,,,,,,,
,,,,,,,,,
,,,,,,,,,
,,,,,,,,,
,,,,,,,,,
,,,,,,,,,
,,,,,,,,,
,,,,,,,,,
,,,,,,,,,
,,,,,,,,,
,,,,,,,,,
,,,,,,,,,
,,,,,,,,,
,,,,,,,,,
,,,,,,,,,
0.6,BlackScreen,1,,,,,,,
0,sound,Flash,,,,,,,
0.2,BlackScreen,0,,,,,,,
0,Sound,Flash,,,,,,,
0,ComBatZoneResizeInstant,241,226,406,391,,,,
0,HeartTeleport,323.5,375.5,,,,,,
0,HeartMode,1,,,,,,,
,,,,,,,,,
0.25,,,,,,,,,
0,BoneV,245,234,150,0,650,1,,
0,BoneV,395,234,150,2,650,1,,
0.13,BlackScreen,1,,,,,,,
0,BlackScreen,0,,,,,,,
0,BoneV,300,234,150,,,,,
0,BoneV,340,234,150,,,,,
0.2,BoneV,471,366,20,2,570,,,
0,BoneV,176,356,30,0,570,,,
0.05,BoneV,471,356,30,2,570,,,
0,BoneV,176,346,40,0,570,,,
0.05,BoneV,471,346,40,2,570,,,
0,BoneV,176,346,40,0,570,,,
0.05,BoneV,471,346,40,2,570,,,
0,BoneV,176,346,40,0,570,,,
0.05,BoneV,471,346,40,2,570,,,
0,BoneV,176,356,30,0,570,,,
0.05,BoneV,471,356,30,2,570,,,
0,BoneV,176,366,20,0,570,,,
,,,,,,,,,
,,,,,,,,,
0.999,BoneV,471,366,20,2,570,,,
0,BoneV,176,356,30,0,570,,,
0.05,BoneV,471,356,30,2,570,,,
0,BoneV,176,346,40,0,570,,,
0.05,BoneV,471,346,40,2,570,,,
0,BoneV,176,346,40,0,570,,,
0.05,BoneV,471,346,40,2,570,,,
0,BoneV,176,346,40,0,570,,,
0.05,BoneV,471,346,40,2,570,,,
0,BoneV,176,356,30,0,570,,,
0.05,BoneV,471,356,30,2,570,,,
0,BoneV,176,366,20,0,570,,,
0.3,BoneV,395,234,150,2,650,1,,
0,HeartMode,0,,,,,,,
0.4,BlackScreen,1,,,,,,,
0,BlackScreen,0,,,,,,,
0,BoneV,300,234,150,2,150,,,
0,BoneV,340,234,150,2,150,,,
0.23,BlackScreen,1,,,,,,,
0,BlackScreen,0,,,,,,,
0,BoneV,270,234,150,,,,,
0,BoneV,310,234,150,,,,,
0.1,BlackScreen,1,,,,,,,
0,BlackScreen,0,,,,,,,
0,BoneV,270,234,150,0,150,,,
0,BoneV,310,234,150,0,150,,,
0.29,BoneStab,0,45,0,100,,,,
0.4,BlackScreen,1,,,,,,,
0,Sound,Flash,,,,,,,
0,BlackScreen,0,,,,,,,
0,Sound,Slam,,,,,,,
0.1,,,,,,,,,
0.1,,,,,,,,,
0.5,,,,,,,,,
0,GasterBlaster,3,323.5,308.5,323.5,308.5,120,0.35,0.1
0,GasterBlaster,3,323.5,308.5,323.5,308.5,240,0.35,0.1
0,GasterBlaster,3,323.5,308.5,323.5,308.5,360,0.35,0.1
0,GasterBlaster,0,0,0,259,166,90,0.2,0.2
0,GasterBlaster,0,640,480,379,446,270,0.2,0.2
0,GasterBlaster,0,0,480,189,246,0,0.2,0.2
0,GasterBlaster,0,640,480,449,366,180,0.2,0.2
0,bonestab,0,80,0.4,0.3,,,,
0,bonestab,1,80,0.4,0.3,,,,
1,,,,,,,,,
0,GasterBlaster,3,323.5,308.5,323.5,308.5,120,0.35,0.1
0,GasterBlaster,3,323.5,308.5,323.5,308.5,240,0.35,0.1
0,GasterBlaster,3,323.5,308.5,323.5,308.5,360,0.35,0.1
0,GasterBlaster,0,0,0,259,166,90,0.2,0.2
0,GasterBlaster,0,640,480,379,446,270,0.2,0.2
0,GasterBlaster,0,0,480,189,246,0,0.2,0.2
0,GasterBlaster,0,640,480,449,366,180,0.2,0.2
0,bonestab,2,80,0.4,0.3,,,,
0,bonestab,1,80,0.4,0.3,,,,
1,,,,,,,,,
0,GasterBlaster,3,323.5,308.5,323.5,308.5,120,0.35,0.1
0,GasterBlaster,3,323.5,308.5,323.5,308.5,240,0.35,0.1
0,GasterBlaster,3,323.5,308.5,323.5,308.5,360,0.35,0.1
0,GasterBlaster,0,0,0,259,166,90,0.2,0.2
0,GasterBlaster,0,640,480,379,446,270,0.2,0.2
0,GasterBlaster,0,0,480,189,246,0,0.2,0.2
0,GasterBlaster,0,640,480,449,366,180,0.2,0.2
0,bonestab,0,80,0.4,0.3,,,,
0,bonestab,3,80,0.4,0.3,,,,
1,,,,,,,,,
0,GasterBlaster,3,323.5,308.5,323.5,308.5,120,0.35,0.1
0,GasterBlaster,3,323.5,308.5,323.5,308.5,240,0.35,0.1
0,GasterBlaster,3,323.5,308.5,323.5,308.5,360,0.35,0.1
0,GasterBlaster,0,0,0,259,166,90,0.2,0.2
0,GasterBlaster,0,640,480,379,446,270,0.2,0.2
0,GasterBlaster,0,0,480,189,246,0,0.2,0.2
0,GasterBlaster,0,640,480,449,366,180,0.2,0.2
0,bonestab,2,80,0.4,0.3,,,,
0,bonestab,1,80,0.4,0.3,,,,
1,,,,,,,,,
0,GasterBlaster,3,323.5,308.5,323.5,308.5,120,0.35,0.1
0,GasterBlaster,3,323.5,308.5,323.5,308.5,240,0.35,0.1
0,GasterBlaster,3,323.5,308.5,323.5,308.5,360,0.35,0.1
0,GasterBlaster,0,0,0,259,166,90,0.2,0.2
0,GasterBlaster,0,640,480,379,446,270,0.2,0.2
0,GasterBlaster,0,0,480,189,246,0,0.2,0.2
0,GasterBlaster,0,640,480,449,366,180,0.2,0.2
0,bonestab,3,80,0.4,0.3,,,,
0,bonestab,2,80,0.4,0.3,,,,
1,,,,,,,,,
0,GasterBlaster,3,323.5,308.5,323.5,308.5,120,0.35,0.1
0,GasterBlaster,3,323.5,308.5,323.5,308.5,240,0.35,0.1
0,GasterBlaster,3,323.5,308.5,323.5,308.5,360,0.35,0.1
0,GasterBlaster,0,0,0,259,166,90,0.2,0.2
0,GasterBlaster,0,640,480,379,446,270,0.2,0.2
0,GasterBlaster,0,0,480,189,246,0,0.2,0.2
0,GasterBlaster,0,640,480,449,366,180,0.2,0.2
0,bonestab,0,80,0.4,0.3,,,,
0,bonestab,3,80,0.4,0.3,,,,
1,,,,,,,,,
0,GasterBlaster,3,323.5,308.5,323.5,308.5,120,0.35,0.1
0,GasterBlaster,3,323.5,308.5,323.5,308.5,240,0.35,0.1
0,GasterBlaster,3,323.5,308.5,323.5,308.5,360,0.35,0.1
0,GasterBlaster,0,0,0,259,166,90,0.2,0.2
0,GasterBlaster,0,640,480,379,446,270,0.2,0.2
0,GasterBlaster,0,0,480,189,246,0,0.2,0.2
0,GasterBlaster,0,640,480,449,366,180,0.2,0.2
0,bonestab,2,80,0.4,0.3,,,,
0,bonestab,1,80,0.4,0.3,,,,
1,,,,,,,,,
0,GasterBlaster,3,323.5,308.5,323.5,308.5,120,0.35,0.1
0,GasterBlaster,3,323.5,308.5,323.5,308.5,240,0.35,0.1
0,GasterBlaster,3,323.5,308.5,323.5,308.5,360,0.35,0.1
0,GasterBlaster,0,0,0,259,166,90,0.2,0.2
0,GasterBlaster,0,640,480,379,446,270,0.2,0.2
0,GasterBlaster,0,0,480,189,246,0,0.2,0.2
0,GasterBlaster,0,640,480,449,366,180,0.2,0.2
0,bonestab,1,80,0.4,0.3,,,,
0,bonestab,2,80,0.4,0.3,,,,
1,,,,,,,,,
0,GasterBlaster,3,323.5,308.5,323.5,308.5,120,0.35,0.1
0,GasterBlaster,3,323.5,308.5,323.5,308.5,240,0.35,0.1
0,GasterBlaster,3,323.5,308.5,323.5,308.5,360,0.35,0.1
0,GasterBlaster,0,0,0,259,166,90,0.2,0.2
0,GasterBlaster,0,640,480,379,446,270,0.2,0.2
0,GasterBlaster,0,0,480,189,246,0,0.2,0.2
0,GasterBlaster,0,640,480,449,366,180,0.2,0.2
0,bonestab,1,80,0.4,0.3,,,,
0,bonestab,0,80,0.4,0.3,,,,
1,,,,,,,,,
0,GasterBlaster,3,323.5,308.5,323.5,308.5,120,0.35,0.1
0,GasterBlaster,3,323.5,308.5,323.5,308.5,240,0.35,0.1
0,GasterBlaster,3,323.5,308.5,323.5,308.5,360,0.35,0.1
0,GasterBlaster,0,0,0,259,166,90,0.2,0.2
0,GasterBlaster,0,640,480,379,446,270,0.2,0.2
0,GasterBlaster,0,0,480,189,246,0,0.2,0.2
0,GasterBlaster,0,640,480,449,366,180,0.2,0.2
0,bonestab,2,80,0.4,0.3,,,,
0,bonestab,3,80,0.4,0.3,,,,
1,,,,,,,,,
0,GasterBlaster,3,323.5,308.5,323.5,308.5,120,0.35,0.1
0,GasterBlaster,3,323.5,308.5,323.5,308.5,240,0.35,0.1
0,GasterBlaster,3,323.5,308.5,323.5,308.5,360,0.35,0.1
0,GasterBlaster,0,0,0,259,166,90,0.2,0.2
0,GasterBlaster,0,640,480,379,446,270,0.2,0.2
0,GasterBlaster,0,0,480,189,246,0,0.2,0.2
0,GasterBlaster,0,640,480,449,366,180,0.2,0.2
0,bonestab,3,80,0.4,0.3,,,,
0,bonestab,0,80,0.4,0.3,,,,
1,,,,,,,,,
0,GasterBlaster,3,323.5,308.5,323.5,308.5,120,0.35,0.1
0,GasterBlaster,3,323.5,308.5,323.5,308.5,240,0.35,0.1
0,GasterBlaster,3,323.5,308.5,323.5,308.5,360,0.35,0.1
0,GasterBlaster,0,0,0,259,166,90,0.2,0.2
0,GasterBlaster,0,640,480,379,446,270,0.2,0.2
0,GasterBlaster,0,0,480,189,246,0,0.2,0.2
0,GasterBlaster,0,640,480,449,366,180,0.2,0.2
0,bonestab,2,80,0.4,0.3,,,,
0,bonestab,3,80,0.4,0.3,,,,
1,,,,,,,,,
0,GasterBlaster,3,323.5,308.5,323.5,308.5,120,0.35,0.1
0,GasterBlaster,3,323.5,308.5,323.5,308.5,240,0.35,0.1
0,GasterBlaster,3,323.5,308.5,323.5,308.5,360,0.35,0.1
0,GasterBlaster,0,0,0,259,166,90,0.2,0.2
0,GasterBlaster,0,640,480,379,446,270,0.2,0.2
0,GasterBlaster,0,0,480,189,246,0,0.2,0.2
0,GasterBlaster,0,640,480,449,366,180,0.2,0.2
0,bonestab,0,80,0.4,0.3,,,,
0,bonestab,1,80,0.4,0.3,,,,
1,,,,,,,,,
0,GasterBlaster,3,323.5,308.5,323.5,308.5,120,0.35,0.1
0,GasterBlaster,3,323.5,308.5,323.5,308.5,240,0.35,0.1
0,GasterBlaster,3,323.5,308.5,323.5,308.5,360,0.35,0.1
0,GasterBlaster,0,0,0,259,166,90,0.2,0.2
0,GasterBlaster,0,640,480,379,446,270,0.2,0.2
0,GasterBlaster,0,0,480,189,246,0,0.2,0.2
0,GasterBlaster,0,640,480,449,366,180,0.2,0.2
0,bonestab,2,80,0.4,0.3,,,,
0,bonestab,1,80,0.4,0.3,,,,
1,,,,,,,,,
0,GasterBlaster,3,323.5,308.5,323.5,308.5,120,0.35,0.1
0,GasterBlaster,3,323.5,308.5,323.5,308.5,240,0.35,0.1
0,GasterBlaster,3,323.5,308.5,323.5,308.5,360,0.35,0.1
0,GasterBlaster,0,0,0,259,166,90,0.2,0.2
0,GasterBlaster,0,640,480,379,446,270,0.2,0.2
0,GasterBlaster,0,0,480,189,246,0,0.2,0.2
0,GasterBlaster,0,640,480,449,366,180,0.2,0.2
0,bonestab,0,80,0.4,0.3,,,,
0,bonestab,3,80,0.4,0.3,,,,
1,,,,,,,,,
0,GasterBlaster,3,323.5,308.5,323.5,308.5,120,0.35,0.1
0,GasterBlaster,3,323.5,308.5,323.5,308.5,240,0.35,0.1
0,GasterBlaster,3,323.5,308.5,323.5,308.5,360,0.35,0.1
0,GasterBlaster,0,0,0,259,166,90,0.2,0.2
0,GasterBlaster,0,640,480,379,446,270,0.2,0.2
0,GasterBlaster,0,0,480,189,246,0,0.2,0.2
0,GasterBlaster,0,640,480,449,366,180,0.2,0.2
0,bonestab,2,80,0.4,0.3,,,,
0,bonestab,1,80,0.4,0.3,,,,
1,,,,,,,,,
0,GasterBlaster,3,323.5,308.5,323.5,308.5,120,0.35,0.1
0,GasterBlaster,3,323.5,308.5,323.5,308.5,240,0.35,0.1
0,GasterBlaster,3,323.5,308.5,323.5,308.5,360,0.35,0.1
0,GasterBlaster,0,0,0,259,166,90,0.2,0.2
0,GasterBlaster,0,640,480,379,446,270,0.2,0.2
0,GasterBlaster,0,0,480,189,246,0,0.2,0.2
0,GasterBlaster,0,640,480,449,366,180,0.2,0.2
0,bonestab,3,80,0.4,0.3,,,,
0,bonestab,2,80,0.4,0.3,,,,
1,,,,,,,,,
0,GasterBlaster,3,323.5,308.5,323.5,308.5,120,0.35,0.1
0,GasterBlaster,3,323.5,308.5,323.5,308.5,240,0.35,0.1
0,GasterBlaster,3,323.5,308.5,323.5,308.5,360,0.35,0.1
0,GasterBlaster,0,0,0,259,166,90,0.2,0.2
0,GasterBlaster,0,640,480,379,446,270,0.2,0.2
0,GasterBlaster,0,0,480,189,246,0,0.2,0.2
0,GasterBlaster,0,640,480,449,366,180,0.2,0.2
0,bonestab,0,80,0.4,0.3,,,,
0,bonestab,3,80,0.4,0.3,,,,
1,,,,,,,,,
0,GasterBlaster,3,323.5,308.5,323.5,308.5,120,0.35,0.1
0,GasterBlaster,3,323.5,308.5,323.5,308.5,240,0.35,0.1
0,GasterBlaster,3,323.5,308.5,323.5,308.5,360,0.35,0.1
0,GasterBlaster,0,0,0,259,166,90,0.2,0.2
0,GasterBlaster,0,640,480,379,446,270,0.2,0.2
0,GasterBlaster,0,0,480,189,246,0,0.2,0.2
0,GasterBlaster,0,640,480,449,366,180,0.2,0.2
0,bonestab,2,80,0.4,0.3,,,,
0,bonestab,1,80,0.4,0.3,,,,
1,,,,,,,,,
0,GasterBlaster,3,323.5,308.5,323.5,308.5,120,0.35,0.1
0,GasterBlaster,3,323.5,308.5,323.5,308.5,240,0.35,0.1
0,GasterBlaster,3,323.5,308.5,323.5,308.5,360,0.35,0.1
0,GasterBlaster,0,0,0,259,166,90,0.2,0.2
0,GasterBlaster,0,640,480,379,446,270,0.2,0.2
0,GasterBlaster,0,0,480,189,246,0,0.2,0.2
0,GasterBlaster,0,640,480,449,366,180,0.2,0.2
0,bonestab,3,80,0.4,0.3,,,,
0,bonestab,2,80,0.4,0.3,,,,
1,,,,,,,,,
0,GasterBlaster,3,323.5,308.5,323.5,308.5,120,0.35,0.1
0,GasterBlaster,3,323.5,308.5,323.5,308.5,240,0.35,0.1
0,GasterBlaster,3,323.5,308.5,323.5,308.5,360,0.35,0.1
0,GasterBlaster,0,0,0,259,166,90,0.2,0.2
0,GasterBlaster,0,640,480,379,446,270,0.2,0.2
0,GasterBlaster,0,0,480,189,246,0,0.2,0.2
0,GasterBlaster,0,640,480,449,366,180,0.2,0.2
0,bonestab,1,80,0.4,0.3,,,,
0,bonestab,0,80,0.4,0.3,,,,
1,,,,,,,,,
0,GasterBlaster,3,323.5,308.5,323.5,308.5,120,0.35,0.1
0,GasterBlaster,3,323.5,308.5,323.5,308.5,240,0.35,0.1
0,GasterBlaster,3,323.5,308.5,323.5,308.5,360,0.35,0.1
0,GasterBlaster,0,0,0,259,166,90,0.2,0.2
0,GasterBlaster,0,640,480,379,446,270,0.2,0.2
0,GasterBlaster,0,0,480,189,246,0,0.2,0.2
0,GasterBlaster,0,640,480,449,366,180,0.2,0.2
0,bonestab,2,80,0.4,0.3,,,,
0,bonestab,3,80,0.4,0.3,,,,
1,,,,,,,,,
0,GasterBlaster,3,323.5,308.5,323.5,308.5,120,0.35,0.1
0,GasterBlaster,3,323.5,308.5,323.5,308.5,240,0.35,0.1
0,GasterBlaster,3,323.5,308.5,323.5,308.5,360,0.35,0.1
0,GasterBlaster,0,0,0,259,166,90,0.2,0.2
0,GasterBlaster,0,640,480,379,446,270,0.2,0.2
0,GasterBlaster,0,0,480,189,246,0,0.2,0.2
0,GasterBlaster,0,640,480,449,366,180,0.2,0.2
0,bonestab,3,80,0.4,0.3,,,,
0,bonestab,0,80,0.4,0.3,,,,
1,,,,,,,,,
0,GasterBlaster,3,323.5,308.5,323.5,308.5,120,0.35,0.1
0,GasterBlaster,3,323.5,308.5,323.5,308.5,240,0.35,0.1
0,GasterBlaster,3,323.5,308.5,323.5,308.5,360,0.35,0.1
0,GasterBlaster,0,0,0,259,166,90,0.2,0.2
0,GasterBlaster,0,640,480,379,446,270,0.2,0.2
0,GasterBlaster,0,0,480,189,246,0,0.2,0.2
0,GasterBlaster,0,640,480,449,366,180,0.2,0.2
0,bonestab,2,80,0.4,0.3,,,,
0,bonestab,3,80,0.4,0.3,,,,
1,,,,,,,,,
0,GasterBlaster,3,323.5,308.5,323.5,308.5,120,0.35,0.1
0,GasterBlaster,3,323.5,308.5,323.5,308.5,240,0.35,0.1
0,GasterBlaster,3,323.5,308.5,323.5,308.5,360,0.35,0.1
0,GasterBlaster,0,0,0,259,166,90,0.2,0.2
0,GasterBlaster,0,640,480,379,446,270,0.2,0.2
0,GasterBlaster,0,0,480,189,246,0,0.2,0.2
0,GasterBlaster,0,640,480,449,366,180,0.2,0.2
0,bonestab,0,80,0.4,0.3,,,,
0,bonestab,1,80,0.4,0.3,,,,
1,,,,,,,,,
0,GasterBlaster,3,323.5,308.5,323.5,308.5,120,0.35,0.1
0,GasterBlaster,3,323.5,308.5,323.5,308.5,240,0.35,0.1
0,GasterBlaster,3,323.5,308.5,323.5,308.5,360,0.35,0.1
0,GasterBlaster,0,0,0,259,166,90,0.2,0.2
0,GasterBlaster,0,640,480,379,446,270,0.2,0.2
0,GasterBlaster,0,0,480,189,246,0,0.2,0.2
0,GasterBlaster,0,640,480,449,366,180,0.2,0.2
0,bonestab,2,80,0.4,0.3,,,,
0,bonestab,1,80,0.4,0.3,,,,
1,,,,,,,,,
0,GasterBlaster,3,323.5,308.5,323.5,308.5,120,0.35,0.1
0,GasterBlaster,3,323.5,308.5,323.5,308.5,240,0.35,0.1
0,GasterBlaster,3,323.5,308.5,323.5,308.5,360,0.35,0.1
0,GasterBlaster,0,0,0,259,166,90,0.2,0.2
0,GasterBlaster,0,640,480,379,446,270,0.2,0.2
0,GasterBlaster,0,0,480,189,246,0,0.2,0.2
0,GasterBlaster,0,640,480,449,366,180,0.2,0.2
0,bonestab,0,80,0.4,0.3,,,,
0,bonestab,3,80,0.4,0.3,,,,
1,,,,,,,,,
0,GasterBlaster,3,323.5,308.5,323.5,308.5,120,0.35,0.1
0,GasterBlaster,3,323.5,308.5,323.5,308.5,240,0.35,0.1
0,GasterBlaster,3,323.5,308.5,323.5,308.5,360,0.35,0.1
0,GasterBlaster,0,0,0,259,166,90,0.2,0.2
0,GasterBlaster,0,640,480,379,446,270,0.2,0.2
0,GasterBlaster,0,0,480,189,246,0,0.2,0.2
0,GasterBlaster,0,640,480,449,366,180,0.2,0.2
0,bonestab,2,80,0.4,0.3,,,,
0,bonestab,1,80,0.4,0.3,,,,
1,,,,,,,,,
0,GasterBlaster,3,323.5,308.5,323.5,308.5,120,0.35,0.1
0,GasterBlaster,3,323.5,308.5,323.5,308.5,240,0.35,0.1
0,GasterBlaster,3,323.5,308.5,323.5,308.5,360,0.35,0.1
0,GasterBlaster,0,0,0,259,166,90,0.2,0.2
0,GasterBlaster,0,640,480,379,446,270,0.2,0.2
0,GasterBlaster,0,0,480,189,246,0,0.2,0.2
0,GasterBlaster,0,640,480,449,366,180,0.2,0.2
0,bonestab,3,80,0.4,0.3,,,,
0,bonestab,2,80,0.4,0.3,,,,
1,,,,,,,,,
0,GasterBlaster,3,323.5,308.5,323.5,308.5,120,0.35,0.1
0,GasterBlaster,3,323.5,308.5,323.5,308.5,240,0.35,0.1
0,GasterBlaster,3,323.5,308.5,323.5,308.5,360,0.35,0.1
0,GasterBlaster,0,0,0,259,166,90,0.2,0.2
0,GasterBlaster,0,640,480,379,446,270,0.2,0.2
0,GasterBlaster,0,0,480,189,246,0,0.2,0.2
0,GasterBlaster,0,640,480,449,366,180,0.2,0.2
0,bonestab,0,80,0.4,0.3,,,,
0,bonestab,3,80,0.4,0.3,,,,
1,,,,,,,,,
0,GasterBlaster,3,323.5,308.5,323.5,308.5,120,0.35,0.1
0,GasterBlaster,3,323.5,308.5,323.5,308.5,240,0.35,0.1
0,GasterBlaster,3,323.5,308.5,323.5,308.5,360,0.35,0.1
0,GasterBlaster,0,0,0,259,166,90,0.2,0.2
0,GasterBlaster,0,640,480,379,446,270,0.2,0.2
0,GasterBlaster,0,0,480,189,246,0,0.2,0.2
0,GasterBlaster,0,640,480,449,366,180,0.2,0.2
0,bonestab,2,80,0.4,0.3,,,,
0,bonestab,1,80,0.4,0.3,,,,
1,,,,,,,,,
0,GasterBlaster,3,323.5,308.5,323.5,308.5,120,0.35,0.1
0,GasterBlaster,3,323.5,308.5,323.5,308.5,240,0.35,0.1
0,GasterBlaster,3,323.5,308.5,323.5,308.5,360,0.35,0.1
0,GasterBlaster,0,0,0,259,166,90,0.2,0.2
0,GasterBlaster,0,640,480,379,446,270,0.2,0.2
0,GasterBlaster,0,0,480,189,246,0,0.2,0.2
0,GasterBlaster,0,640,480,449,366,180,0.2,0.2
0,bonestab,1,80,0.4,0.3,,,,
0,bonestab,2,80,0.4,0.3,,,,
1,,,,,,,,,
0,GasterBlaster,3,323.5,308.5,323.5,308.5,120,0.35,0.1
0,GasterBlaster,3,323.5,308.5,323.5,308.5,240,0.35,0.1
0,GasterBlaster,3,323.5,308.5,323.5,308.5,360,0.35,0.1
0,GasterBlaster,0,0,0,259,166,90,0.2,0.2
0,GasterBlaster,0,640,480,379,446,270,0.2,0.2
0,GasterBlaster,0,0,480,189,246,0,0.2,0.2
0,GasterBlaster,0,640,480,449,366,180,0.2,0.2
0,bonestab,1,80,0.4,0.3,,,,
0,bonestab,0,80,0.4,0.3,,,,
1,,,,,,,,,
0,GasterBlaster,3,323.5,308.5,323.5,308.5,120,0.35,0.1
0,GasterBlaster,3,323.5,308.5,323.5,308.5,240,0.35,0.1
0,GasterBlaster,3,323.5,308.5,323.5,308.5,360,0.35,0.1
0,GasterBlaster,0,0,0,259,166,90,0.2,0.2
0,GasterBlaster,0,640,480,379,446,270,0.2,0.2
0,GasterBlaster,0,0,480,189,246,0,0.2,0.2
0,GasterBlaster,0,640,480,449,366,180,0.2,0.2
0,bonestab,2,80,0.4,0.3,,,,
0,bonestab,3,80,0.4,0.3,,,,
1,,,,,,,,,
0,GasterBlaster,3,323.5,308.5,323.5,308.5,120,0.35,0.1
0,GasterBlaster,3,323.5,308.5,323.5,308.5,240,0.35,0.1
0,GasterBlaster,3,323.5,308.5,323.5,308.5,360,0.35,0.1
0,GasterBlaster,0,0,0,259,166,90,0.2,0.2
0,GasterBlaster,0,640,480,379,446,270,0.2,0.2
0,GasterBlaster,0,0,480,189,246,0,0.2,0.2
0,GasterBlaster,0,640,480,449,366,180,0.2,0.2
0,bonestab,3,80,0.4,0.3,,,,
0,bonestab,0,80,0.4,0.3,,,,
1,,,,,,,,,
0,GasterBlaster,3,323.5,308.5,323.5,308.5,120,0.35,0.1
0,GasterBlaster,3,323.5,308.5,323.5,308.5,240,0.35,0.1
0,GasterBlaster,3,323.5,308.5,323.5,308.5,360,0.35,0.1
0,GasterBlaster,0,0,0,259,166,90,0.2,0.2
0,GasterBlaster,0,640,480,379,446,270,0.2,0.2
0,GasterBlaster,0,0,480,189,246,0,0.2,0.2
0,GasterBlaster,0,640,480,449,366,180,0.2,0.2
0,bonestab,2,80,0.4,0.3,,,,
0,bonestab,3,80,0.4,0.3,,,,
0.87,,,,,,,,,
,,,,,,,,,
0.1,BlackScreen,1,,,,,,,
0,Sound,Flash,,,,,,,
0.23,BlackScreen,0,,,,,,,
,,,,,,,,,
0,Sound,Flash,,,,,,,
0,sansHead,Noeyes,,,,,,,
0,sound,Mus_zz_megalovania,20,,,,,,
0,SansText,too late!,,,,,,,
0,SansText,You have no other way             out of this!,,,,,,,
,,,,,,,,,
0,SansX,323.5,,,,,,,
0,Sound,Flash,,,,,,,
,,,,,,,,,
0,SansHead,tired2,,,,,,,
0.2,BlackScreen,0,,,,,,,
0,Sound,Flash,,,,,,,
0,SansBody,HandLeft,,,,,,,
0.5,SansAnimation,Tired,,,,,,,
0,Sanssweat,0,,,,,,,
0,SansHead,Default,,,,,,,
0,Sound,mus_zz_megalovania,1.35,,,,,,
1,RND,Direction,4,,,,,,
0,BoneStab,$Direction,20,0.4,,,,,
0,SansSlam,$Direction,,,,,,,
0,SansBody,HandUp,,,,,,,
,,,,,,,,,
0.55,RND,Direction,4,,,,,,
0,ADD,Jump,$Direction,1,,,,,
0,JMPREL,$Jump,,,,,,,
0,JMPREL,4,,,,,,,
0,JMPREL,5,,,,,,,
0,JMPREL,6,,,,,,,
0,JMPREL,7,,,,,,,
0,SansBody,HandRight,,,,,,,
0,JMPREL,7,,,,,,,
0,SansBody,HandDown,,,,,,,
0,JMPREL,5,,,,,,,
0,SansBody,HandLeft,,,,,,,
0,JMPREL,3,,,,,,,
0,SansBody,HandUp,,,,,,,
0,JMPREL,1,,,,,,,
0,SansSlam,$Direction,,,,,,,
0,BoneStab,$Direction,29,0.4,0,,,,
0.55,RND,Direction,4,,,,,,
0,ADD,Jump,$Direction,1,,,,,
0,JMPREL,$Jump,,,,,,,
0,JMPREL,4,,,,,,,
0,JMPREL,5,,,,,,,
0,JMPREL,6,,,,,,,
0,JMPREL,7,,,,,,,
0,SansBody,HandRight,,,,,,,
0,JMPREL,7,,,,,,,
0,SansBody,HandDown,,,,,,,
0,JMPREL,5,,,,,,,
0,SansBody,HandLeft,,,,,,,
0,JMPREL,3,,,,,,,
0,SansBody,HandUp,,,,,,,
0,JMPREL,1,,,,,,,
0,SansSlam,$Direction,,,,,,,
0,BoneStab,$Direction,29,0.4,0,,,,
0.55,RND,Direction,4,,,,,,
0,ADD,Jump,$Direction,1,,,,,
0,JMPREL,$Jump,,,,,,,
0,JMPREL,4,,,,,,,
0,JMPREL,5,,,,,,,
0,JMPREL,6,,,,,,,
0,JMPREL,7,,,,,,,
0,SansBody,HandRight,,,,,,,
0,JMPREL,7,,,,,,,
0,SansBody,HandDown,,,,,,,
0,JMPREL,5,,,,,,,
0,SansBody,HandLeft,,,,,,,
0,JMPREL,3,,,,,,,
0,SansBody,HandUp,,,,,,,
0,JMPREL,1,,,,,,,
0,SansSlam,$Direction,,,,,,,
0,BoneStab,$Direction,29,0.4,0,,,,
0.55,RND,Direction,4,,,,,,
0,ADD,Jump,$Direction,1,,,,,
0,JMPREL,$Jump,,,,,,,
0,JMPREL,4,,,,,,,
0,JMPREL,5,,,,,,,
0,JMPREL,6,,,,,,,
0,JMPREL,7,,,,,,,
0,SansBody,HandRight,,,,,,,
0,JMPREL,7,,,,,,,
0,SansBody,HandDown,,,,,,,
0,JMPREL,5,,,,,,,
0,SansBody,HandLeft,,,,,,,
0,JMPREL,3,,,,,,,
0,SansBody,HandUp,,,,,,,
0,JMPREL,1,,,,,,,
0,SansSlam,$Direction,,,,,,,
0,BoneStab,$Direction,29,0.4,0,,,,
0.55,RND,Direction,4,,,,,,
0,ADD,Jump,$Direction,1,,,,,
0,JMPREL,$Jump,,,,,,,
0,JMPREL,4,,,,,,,
0,JMPREL,5,,,,,,,
0,JMPREL,6,,,,,,,
0,JMPREL,7,,,,,,,
0,SansBody,HandRight,,,,,,,
0,JMPREL,7,,,,,,,
0,SansBody,HandDown,,,,,,,
0,JMPREL,5,,,,,,,
0,SansBody,HandLeft,,,,,,,
0,JMPREL,3,,,,,,,
0,SansBody,HandUp,,,,,,,
0,JMPREL,1,,,,,,,
0,SansSlam,$Direction,,,,,,,
0,BoneStab,$Direction,29,0.4,0,,,,
0.55,RND,Direction,4,,,,,,
0,ADD,Jump,$Direction,1,,,,,
0,JMPREL,$Jump,,,,,,,
0,JMPREL,4,,,,,,,
0,JMPREL,5,,,,,,,
0,JMPREL,6,,,,,,,
0,JMPREL,7,,,,,,,
0,SansBody,HandRight,,,,,,,
0,JMPREL,7,,,,,,,
0,SansBody,HandDown,,,,,,,
0,JMPREL,5,,,,,,,
0,SansBody,HandLeft,,,,,,,
0,JMPREL,3,,,,,,,
0,SansBody,HandUp,,,,,,,
0,JMPREL,1,,,,,,,
0,SansSlam,$Direction,,,,,,,
0,BoneStab,$Direction,29,0.4,0,,,,
0.55,RND,Direction,4,,,,,,
0,ADD,Jump,$Direction,1,,,,,
0,JMPREL,$Jump,,,,,,,
0,JMPREL,4,,,,,,,
0,JMPREL,5,,,,,,,
0,JMPREL,6,,,,,,,
0,JMPREL,7,,,,,,,
0,SansBody,HandRight,,,,,,,
0,JMPREL,7,,,,,,,
0,SansBody,HandDown,,,,,,,
0,JMPREL,5,,,,,,,
0,SansBody,HandLeft,,,,,,,
0,JMPREL,3,,,,,,,
0,SansBody,HandUp,,,,,,,
0,JMPREL,1,,,,,,,
0,SansSlam,$Direction,,,,,,,
0,BoneStab,$Direction,29,0.4,0,,,,
0.55,RND,Direction,4,,,,,,
0,ADD,Jump,$Direction,1,,,,,
0,JMPREL,$Jump,,,,,,,
0,JMPREL,4,,,,,,,
0,JMPREL,5,,,,,,,
0,JMPREL,6,,,,,,,
0,JMPREL,7,,,,,,,
0,SansBody,HandRight,,,,,,,
0,JMPREL,7,,,,,,,
0,SansBody,HandDown,,,,,,,
0,JMPREL,5,,,,,,,
0,SansBody,HandLeft,,,,,,,
0,JMPREL,3,,,,,,,
0,SansBody,HandUp,,,,,,,
0,JMPREL,1,,,,,,,
0,SansSlam,$Direction,,,,,,,
0,BoneStab,$Direction,29,0.4,0,,,,
0.55,RND,Direction,4,,,,,,
0,ADD,Jump,$Direction,1,,,,,
0,JMPREL,$Jump,,,,,,,
0,JMPREL,4,,,,,,,
0,JMPREL,5,,,,,,,
0,JMPREL,6,,,,,,,
0,JMPREL,7,,,,,,,
0,SansBody,HandRight,,,,,,,
0,JMPREL,7,,,,,,,
0,SansBody,HandDown,,,,,,,
0,JMPREL,5,,,,,,,
0,SansBody,HandLeft,,,,,,,
0,JMPREL,3,,,,,,,
0,SansBody,HandUp,,,,,,,
0,JMPREL,1,,,,,,,
0,SansSlam,$Direction,,,,,,,
0,BoneStab,$Direction,29,0.4,0,,,,
,,,,,,,,,
,,,,,,,,,
,,,,,,,,,
,,,,,,,,,
0.3,BoneHRepeat,130,-10,200,1,500,10,250,
0,BoneHRepeat,330,650,200,3,500,10,250,
0.1,HeartMode,0,,,,,,,
5.5,,,,,,,,,
0,ComBatZoneResizeInstant,241,226,406,391,,,,
,,,,,,,,,
0.2,SansSlam,2,,,,,,,
0,SansBody,HandRight,,,,,,,
0,BoneStab,2,30,0.3,0.1,,,,
0.2,HeartMaxFallSpeed,450,,,,,,,
0.4,SansSlam,0,,,,,,,
0,CombatZoneResizeInstant,241,226,449,391,,,,
0,CombatZoneSpeed,900,,,,,,,
0,CombatZoneResize,241,226,1000,391,,,,
0.33333,HeartMaxFallSpeed,-300,,,,,,,
0,SansAnimation,Idle,,,,,,,
0,SansRepeat,,,,,,,,
0,CombatZoneResize,-50,226,1000,391,,,,
0.3,CombatZoneSpeed,300,,,,,,,
0,CombatZoneResize,-50,276,1000,391,,,,
0.9,GetHeartPos,HeartX,HeartY,,,,,,
0,HeartTeleport,40,$HeartY,,,,,,
0,HeartMaxFallSpeed,0,,,,,,,
0,SansSlam,0,,,,,,,
0,GetHeartPos,HeartX,HeartY,,,,,,
0,BoneH,650,$HeartY,50.5,2,800,,,
0,Sound,Ding,,,,,,,
0,GetHeartPos,HeartX,HeartY,,,,,,
0.2,BoneH,650,$HeartY,50.5,2,800,,,
0,Sound,Ding,,,,,,,
0,GetHeartPos,HeartX,HeartY,,,,,,
0.2,BoneH,650,$HeartY,50.5,2,800,,,
0,Sound,Ding,,,,,,,
0,GetHeartPos,HeartX,HeartY,,,,,,
0.2,BoneH,650,$HeartY,50.5,2,800,,,
0,Sound,Ding,,,,,,,
0.2,GetHeartPos,HeartX,HeartY,,,,,,
0,BoneH,650,$HeartY,50.5,2,800,,,
0,Sound,Ding,,,,,,,
0,GetHeartPos,HeartX,HeartY,,,,,,
0.2,BoneH,650,$HeartY,50.5,2,800,,,
0,Sound,Ding,,,,,,,
0,GetHeartPos,HeartX,HeartY,,,,,,
0.2,BoneH,650,$HeartY,50.5,2,800,,,
0,Sound,Ding,,,,,,,
0,GetHeartPos,HeartX,HeartY,,,,,,
0.2,BoneH,650,$HeartY,50.5,2,800,,,
0,Sound,Ding,,,,,,,
0.2,BoneH,650,$HeartY,50.5,2,800,,,
0,Sound,Ding,,,,,,,
0,GetHeartPos,HeartX,HeartY,,,,,,
0.2,BoneH,650,$HeartY,50.5,2,800,,,
0,Sound,Ding,,,,,,,
0.35,,,,,,,,,
0,SineBoneS,90,30,900,27,,,,
3.4,,,,,,,,,
0,BoneH,650,279,50.5,2,650,,,
0,BoneH,650,289,50.5,2,650,1,,
0,BoneH,650,299,50.5,2,650,1,,
0,BoneH,650,309,50.5,2,650,1,,
0,BoneH,650,319,50.5,2,650,,,
0,BoneH,650,329,50.5,2,650,,,
0,BoneH,650,339,50.5,2,650,,,
0,BoneH,650,349,50.5,2,650,,,
0,BoneH,650,359,50.5,2,650,,,
0,BoneH,650,369,50.5,2,650,,,
0,BoneH,650,379,50.5,2,650,,,
0.4,,,,,,,,,
0,BoneH,650,279,50.5,2,650,,,
0,BoneH,650,289,50.5,2,650,,,
0,BoneH,650,299,50.5,2,650,,,
0,BoneH,650,309,50.5,2,650,,,
0,BoneH,650,319,50.5,2,650,1,,
0,BoneH,650,329,50.5,2,650,1,,
0,BoneH,650,339,50.5,2,650,1,,
0,BoneH,650,349,50.5,2,650,,,
0,BoneH,650,359,50.5,2,650,,,
0,BoneH,650,369,50.5,2,650,,,
0,BoneH,650,379,50.5,2,650,,,
0.4,,,,,,,,,
0,BoneH,650,279,50.5,2,650,,,
0,BoneH,650,289,50.5,2,650,,,
0,BoneH,650,299,50.5,2,650,,,
0,BoneH,650,309,50.5,2,650,,,
0,BoneH,650,319,50.5,2,650,,,
0,BoneH,650,329,50.5,2,650,1,,
0,BoneH,650,339,50.5,2,650,1,,
0,BoneH,650,349,50.5,2,650,1,,
0,BoneH,650,359,50.5,2,650,,,
0,BoneH,650,369,50.5,2,650,,,
0,BoneH,650,379,50.5,2,650,,,
0.4,,,,,,,,,
0,BoneH,650,279,50.5,2,650,,,
0,BoneH,650,289,50.5,2,650,,,
0,BoneH,650,299,50.5,2,650,,,
0,BoneH,650,309,50.5,2,650,,,
0,BoneH,650,319,50.5,2,650,,,
0,BoneH,650,329,50.5,2,650,,,
0,BoneH,650,339,50.5,2,650,,,
0,BoneH,650,349,50.5,2,650,1,,
0,BoneH,650,359,50.5,2,650,1,,
0,BoneH,650,369,50.5,2,650,1,,
0,BoneH,650,379,50.5,2,650,,,
0.4,,,,,,,,,
0,BoneH,650,279,50.5,2,650,,,
0,BoneH,650,289,50.5,2,650,,,
0,BoneH,650,299,50.5,2,650,,,
0,BoneH,650,309,50.5,2,650,,,
0,BoneH,650,319,50.5,2,650,,,
0,BoneH,650,329,50.5,2,650,1,,
0,BoneH,650,339,50.5,2,650,1,,
0,BoneH,650,349,50.5,2,650,1,,
0,BoneH,650,359,50.5,2,650,,,
0,BoneH,650,369,50.5,2,650,,,
0,BoneH,650,379,50.5,2,650,,,
0.4,,,,,,,,,
0,BoneH,650,279,50.5,2,650,,,
0,BoneH,650,289,50.5,2,650,,,
0,BoneH,650,299,50.5,2,650,,,
0,BoneH,650,309,50.5,2,650,,,
0,BoneH,650,319,50.5,2,650,1,,
0,BoneH,650,329,50.5,2,650,1,,
0,BoneH,650,339,50.5,2,650,1,,
0,BoneH,650,349,50.5,2,650,,,
0,BoneH,650,359,50.5,2,650,,,
0,BoneH,650,369,50.5,2,650,,,
0,BoneH,650,379,50.5,2,650,,,
0.4,,,,,,,,,
0,BoneH,650,279,50.5,2,650,,,
0,BoneH,650,289,50.5,2,650,1,,
0,BoneH,650,299,50.5,2,650,1,,
0,BoneH,650,309,50.5,2,650,1,,
0,BoneH,650,319,50.5,2,650,,,
0,BoneH,650,329,50.5,2,650,,,
0,BoneH,650,339,50.5,2,650,,,
0,BoneH,650,349,50.5,2,650,,,
0,BoneH,650,359,50.5,2,650,,,
0,BoneH,650,369,50.5,2,650,,,
0,BoneH,650,379,50.5,2,650,,,
1.13,HeartMaxFallSpeed,750,,,,,,,
0,SansSlam,1,,,,,,,
0,SansBody,HandDown,,,,,,,
0,BoneStab,1,36,0.3,0.2,,,,
0.67,,,,,,,,,
0,SansSlam,3,,,,,,,
0,SansBody,HandUp,,,,,,,
0,BoneStab,3,36,0.3,0.2,,,,
0.67,,,,,,,,,
0,SansSlam,1,,,,,,,
0,SansBody,HandDown,,,,,,,
0,BoneStab,1,36,0.3,0.2,,,,
0,BoneStab,3,36,0.3,0.2,,,,
0.67,,,,,,,,,
0,SansSlam,3,,,,,,,
0,SansBody,HandUp,,,,,,,
0,BoneStab,1,36,0.3,0.2,,,,
0,BoneStab,3,36,0.3,0.2,,,,
0.67,,,,,,,,,
0,SansSlam,1,,,,,,,
0,SansBody,HandDown,,,,,,,
0,BoneStab,1,36,0.3,0.2,,,,
0,BoneStab,3,36,0.3,0.2,,,,
0.67,,,,,,,,,
0,SansSlam,3,,,,,,,
0,SansBody,HandUp,,,,,,,
0,BoneStab,1,36,0.3,0.2,,,,
0,BoneStab,3,36,0.3,0.2,,,,
0.7,,,,,,,,,
0,SansSlam,0,,,,,,,
0,HeartMaxFallSpeed,0,,,,,,,
0,BoneV,650,276,30,2,800,,,
0,BoneV,650,360,30,2,800,,,
0.05,,,,,,,,,
0,BoneV,650,276,33,2,800,,,
0,BoneV,650,357,33,2,800,,,
0.05,,,,,,,,,
0,BoneV,650,276,36,2,800,,,
0,BoneV,650,354,36,2,800,,,
0.05,,,,,,,,,
0,BoneV,650,276,39,2,800,,,
0,BoneV,650,351,39,2,800,,,
0.05,,,,,,,,,
0,BoneV,650,276,42,2,800,,,
0,BoneV,650,348,42,2,800,,,
0.05,,,,,,,,,
0,BoneV,650,276,45,2,800,,,
0,BoneV,650,345,45,2,800,,,
0.05,,,,,,,,,
0,BoneV,650,276,48,2,800,,,
0,BoneV,650,342,48,2,800,,,
0,SansBody,HandLeft,,,,,,,
0,SansTorso,Default,,,,,,,
0,SansX,323.5,,,,,,,
0.4,,,,,,,,,
0,SansEndRepeat,,,,,,,,
0,HeartMaxFallSpeed,750,,,,,,,
0,CombatZoneResizeInstant,-10,276,575,391,,,,
0,BoneStab,0,55,0,100,,,,
2.214,BlackScreen,1,,,,,,,
0,Sound,Flash,,,,,,,
0.2,BlackScreen,0,,,,,,,
0,Sound,Flash,,,,,,,
0,SansX,323.5,,,,,,,
0,ComBatZoneResizeInstant,241,226,406,391,,,,
0,SansSweat,3,,,,,,,
0,sansHead,BlueEye,,,,,,,
0,HeartTelePort,323.5,308.5,,,,,,
0,HeartMode,0,,,,,,,
1.3,GasterBlaster,3,323.5,308.5,323.5,308.5,0,0.1,0
0,GasterBlaster,3,323.5,308.5,323.5,308.5,45,0.1,0
0,GasterBlaster,3,323.5,308.5,323.5,308.5,90,0.1,0
0,GasterBlaster,3,323.5,308.5,323.5,308.5,135,0.1,0
0,GasterBlaster,3,323.5,308.5,323.5,308.5,180,0.1,0
0,GasterBlaster,3,323.5,308.5,323.5,308.5,225,0.1,0
0,GasterBlaster,3,323.5,308.5,323.5,308.5,270,0.1,0
0,GasterBlaster,3,323.5,308.5,323.5,308.5,315,0.1,0
0,GasterBlaster,3,323.5,308.5,323.5,308.5,360,0.1,0
0.0999,,,,,,,,,
0,GasterBlaster,3,323.5,308.5,323.5,308.5,5,0.1,0
0,GasterBlaster,3,323.5,308.5,323.5,308.5,55,0.1,0
0,GasterBlaster,3,323.5,308.5,323.5,308.5,95,0.1,0
0,GasterBlaster,3,323.5,308.5,323.5,308.5,140,0.1,0
0,GasterBlaster,3,323.5,308.5,323.5,308.5,185,0.1,0
0,GasterBlaster,3,323.5,308.5,323.5,308.5,230,0.1,0
0,GasterBlaster,3,323.5,308.5,323.5,308.5,275,0.1,0
0,GasterBlaster,3,323.5,308.5,323.5,308.5,320,0.1,0
0,GasterBlaster,3,323.5,308.5,323.5,308.5,365,0.1,0
0.0999,,,,,,,,,
0,GasterBlaster,3,323.5,308.5,323.5,308.5,10,0.1,0
0,GasterBlaster,3,323.5,308.5,323.5,308.5,60,0.1,0
0,GasterBlaster,3,323.5,308.5,323.5,308.5,100,0.1,0
0,GasterBlaster,3,323.5,308.5,323.5,308.5,145,0.1,0
0,GasterBlaster,3,323.5,308.5,323.5,308.5,190,0.1,0
0,GasterBlaster,3,323.5,308.5,323.5,308.5,235,0.1,0
0,GasterBlaster,3,323.5,308.5,323.5,308.5,280,0.1,0
0,GasterBlaster,3,323.5,308.5,323.5,308.5,325,0.1,0
0,GasterBlaster,3,323.5,308.5,323.5,308.5,370,0.1,0
0.0999,,,,,,,,,
0,GasterBlaster,3,323.5,308.5,323.5,308.5,15,0.1,0
0,GasterBlaster,3,323.5,308.5,323.5,308.5,65,0.1,0
0,GasterBlaster,3,323.5,308.5,323.5,308.5,105,0.1,0
0,GasterBlaster,3,323.5,308.5,323.5,308.5,150,0.1,0
0,GasterBlaster,3,323.5,308.5,323.5,308.5,195,0.1,0
0,GasterBlaster,3,323.5,308.5,323.5,308.5,240,0.1,0
0,GasterBlaster,3,323.5,308.5,323.5,308.5,285,0.1,0
0,GasterBlaster,3,323.5,308.5,323.5,308.5,330,0.1,0
0,GasterBlaster,3,323.5,308.5,323.5,308.5,375,0.1,0
0.0999,,,,,,,,,
0,GasterBlaster,3,323.5,308.5,323.5,308.5,20,0.1,0
0,GasterBlaster,3,323.5,308.5,323.5,308.5,70,0.1,0
0,GasterBlaster,3,323.5,308.5,323.5,308.5,110,0.1,0
0,GasterBlaster,3,323.5,308.5,323.5,308.5,155,0.1,0
0,GasterBlaster,3,323.5,308.5,323.5,308.5,200,0.1,0
0,GasterBlaster,3,323.5,308.5,323.5,308.5,245,0.1,0
0,GasterBlaster,3,323.5,308.5,323.5,308.5,290,0.1,0
0,GasterBlaster,3,323.5,308.5,323.5,308.5,335,0.1,0
0,GasterBlaster,3,323.5,308.5,323.5,308.5,380,0.1,0
0.0999,,,,,,,,,
0,GasterBlaster,3,323.5,308.5,323.5,308.5,25,0.1,0
0,GasterBlaster,3,323.5,308.5,323.5,308.5,75,0.1,0
0,GasterBlaster,3,323.5,308.5,323.5,308.5,115,0.1,0
0,GasterBlaster,3,323.5,308.5,323.5,308.5,160,0.1,0
0,GasterBlaster,3,323.5,308.5,323.5,308.5,205,0.1,0
0,GasterBlaster,3,323.5,308.5,323.5,308.5,250,0.1,0
0,GasterBlaster,3,323.5,308.5,323.5,308.5,295,0.1,0
0,GasterBlaster,3,323.5,308.5,323.5,308.5,340,0.1,0
0,GasterBlaster,3,323.5,308.5,323.5,308.5,385,0.1,0
0.0999,,,,,,,,,
0,GasterBlaster,3,323.5,308.5,323.5,308.5,30,0.1,0
0,GasterBlaster,3,323.5,308.5,323.5,308.5,80,0.1,0
0,GasterBlaster,3,323.5,308.5,323.5,308.5,120,0.1,0
0,GasterBlaster,3,323.5,308.5,323.5,308.5,165,0.1,0
0,GasterBlaster,3,323.5,308.5,323.5,308.5,210,0.1,0
0,GasterBlaster,3,323.5,308.5,323.5,308.5,255,0.1,0
0,GasterBlaster,3,323.5,308.5,323.5,308.5,300,0.1,0
0,GasterBlaster,3,323.5,308.5,323.5,308.5,345,0.1,0
0,GasterBlaster,3,323.5,308.5,323.5,308.5,390,0.1,0
0.0999,,,,,,,,,
0,GasterBlaster,3,323.5,308.5,323.5,308.5,35,0.1,0
0,GasterBlaster,3,323.5,308.5,323.5,308.5,85,0.1,0
0,GasterBlaster,3,323.5,308.5,323.5,308.5,125,0.1,0
0,GasterBlaster,3,323.5,308.5,323.5,308.5,170,0.1,0
0,GasterBlaster,3,323.5,308.5,323.5,308.5,215,0.1,0
0,GasterBlaster,3,323.5,308.5,323.5,308.5,260,0.1,0
0,GasterBlaster,3,323.5,308.5,323.5,308.5,305,0.1,0
0,GasterBlaster,3,323.5,308.5,323.5,308.5,350,0.1,0
0,GasterBlaster,3,323.5,308.5,323.5,308.5,395,0.1,0
0.0999,,,,,,,,,
0,GasterBlaster,3,323.5,308.5,323.5,308.5,40,0.1,0
0,GasterBlaster,3,323.5,308.5,323.5,308.5,90,0.1,0
0,GasterBlaster,3,323.5,308.5,323.5,308.5,130,0.1,0
0,GasterBlaster,3,323.5,308.5,323.5,308.5,175,0.1,0
0,GasterBlaster,3,323.5,308.5,323.5,308.5,220,0.1,0
0,GasterBlaster,3,323.5,308.5,323.5,308.5,265,0.1,0
0,GasterBlaster,3,323.5,308.5,323.5,308.5,310,0.1,0
0,GasterBlaster,3,323.5,308.5,323.5,308.5,355,0.1,0
0,GasterBlaster,3,323.5,308.5,323.5,308.5,400,0.1,0
0.0999,,,,,,,,,
0,GasterBlaster,3,323.5,308.5,323.5,308.5,45,0.1,0
0,GasterBlaster,3,323.5,308.5,323.5,308.5,95,0.1,0
0,GasterBlaster,3,323.5,308.5,323.5,308.5,135,0.1,0
0,GasterBlaster,3,323.5,308.5,323.5,308.5,180,0.1,0
0,GasterBlaster,3,323.5,308.5,323.5,308.5,225,0.1,0
0,GasterBlaster,3,323.5,308.5,323.5,308.5,270,0.1,0
0,GasterBlaster,3,323.5,308.5,323.5,308.5,315,0.1,0
0,GasterBlaster,3,323.5,308.5,323.5,308.5,360,0.1,0
0,GasterBlaster,3,323.5,308.5,323.5,308.5,405,0.1,0
0.0999,,,,,,,,,
0,GasterBlaster,3,323.5,308.5,323.5,308.5,50,0.1,0
0,GasterBlaster,3,323.5,308.5,323.5,308.5,100,0.1,0
0,GasterBlaster,3,323.5,308.5,323.5,308.5,140,0.1,0
0,GasterBlaster,3,323.5,308.5,323.5,308.5,185,0.1,0
0,GasterBlaster,3,323.5,308.5,323.5,308.5,230,0.1,0
0,GasterBlaster,3,323.5,308.5,323.5,308.5,275,0.1,0
0,GasterBlaster,3,323.5,308.5,323.5,308.5,320,0.1,0
0,GasterBlaster,3,323.5,308.5,323.5,308.5,365,0.1,0
0,GasterBlaster,3,323.5,308.5,323.5,308.5,410,0.1,0
0.0999,,,,,,,,,
0,GasterBlaster,3,323.5,308.5,323.5,308.5,55,0.1,0
0,GasterBlaster,3,323.5,308.5,323.5,308.5,105,0.1,0
0,GasterBlaster,3,323.5,308.5,323.5,308.5,145,0.1,0
0,GasterBlaster,3,323.5,308.5,323.5,308.5,190,0.1,0
0,GasterBlaster,3,323.5,308.5,323.5,308.5,235,0.1,0
0,GasterBlaster,3,323.5,308.5,323.5,308.5,280,0.1,0
0,GasterBlaster,3,323.5,308.5,323.5,308.5,325,0.1,0
0,GasterBlaster,3,323.5,308.5,323.5,308.5,370,0.1,0
0,GasterBlaster,3,323.5,308.5,323.5,308.5,415,0.1,0
0.0999,,,,,,,,,
0,GasterBlaster,3,323.5,308.5,323.5,308.5,60,0.1,0
0,GasterBlaster,3,323.5,308.5,323.5,308.5,110,0.1,0
0,GasterBlaster,3,323.5,308.5,323.5,308.5,150,0.1,0
0,GasterBlaster,3,323.5,308.5,323.5,308.5,195,0.1,0
0,GasterBlaster,3,323.5,308.5,323.5,308.5,240,0.1,0
0,GasterBlaster,3,323.5,308.5,323.5,308.5,285,0.1,0
0,GasterBlaster,3,323.5,308.5,323.5,308.5,330,0.1,0
0,GasterBlaster,3,323.5,308.5,323.5,308.5,375,0.1,0
0,GasterBlaster,3,323.5,308.5,323.5,308.5,420,0.1,0
0.0999,,,,,,,,,
0,GasterBlaster,3,323.5,308.5,323.5,308.5,65,0.1,0
0,GasterBlaster,3,323.5,308.5,323.5,308.5,115,0.1,0
0,GasterBlaster,3,323.5,308.5,323.5,308.5,155,0.1,0
0,GasterBlaster,3,323.5,308.5,323.5,308.5,200,0.1,0
0,GasterBlaster,3,323.5,308.5,323.5,308.5,245,0.1,0
0,GasterBlaster,3,323.5,308.5,323.5,308.5,290,0.1,0
0,GasterBlaster,3,323.5,308.5,323.5,308.5,335,0.1,0
0,GasterBlaster,3,323.5,308.5,323.5,308.5,380,0.1,0
0,GasterBlaster,3,323.5,308.5,323.5,308.5,425,0.1,0
0.0999,,,,,,,,,
0,GasterBlaster,3,323.5,308.5,323.5,308.5,70,0.1,0
0,GasterBlaster,3,323.5,308.5,323.5,308.5,120,0.1,0
0,GasterBlaster,3,323.5,308.5,323.5,308.5,160,0.1,0
0,GasterBlaster,3,323.5,308.5,323.5,308.5,205,0.1,0
0,GasterBlaster,3,323.5,308.5,323.5,308.5,250,0.1,0
0,GasterBlaster,3,323.5,308.5,323.5,308.5,295,0.1,0
0,GasterBlaster,3,323.5,308.5,323.5,308.5,340,0.1,0
0,GasterBlaster,3,323.5,308.5,323.5,308.5,385,0.1,0
0,GasterBlaster,3,323.5,308.5,323.5,308.5,430,0.1,0
0.0999,,,,,,,,,
0,GasterBlaster,3,323.5,308.5,323.5,308.5,75,0.1,0
0,GasterBlaster,3,323.5,308.5,323.5,308.5,125,0.1,0
0,GasterBlaster,3,323.5,308.5,323.5,308.5,165,0.1,0
0,GasterBlaster,3,323.5,308.5,323.5,308.5,210,0.1,0
0,GasterBlaster,3,323.5,308.5,323.5,308.5,255,0.1,0
0,GasterBlaster,3,323.5,308.5,323.5,308.5,300,0.1,0
0,GasterBlaster,3,323.5,308.5,323.5,308.5,345,0.1,0
0,GasterBlaster,3,323.5,308.5,323.5,308.5,390,0.1,0
0,GasterBlaster,3,323.5,308.5,323.5,308.5,435,0.1,0
0.0999,,,,,,,,,
0,GasterBlaster,3,323.5,308.5,323.5,308.5,80,0.1,0
0,GasterBlaster,3,323.5,308.5,323.5,308.5,130,0.1,0
0,GasterBlaster,3,323.5,308.5,323.5,308.5,170,0.1,0
0,GasterBlaster,3,323.5,308.5,323.5,308.5,215,0.1,0
0,GasterBlaster,3,323.5,308.5,323.5,308.5,260,0.1,0
0,GasterBlaster,3,323.5,308.5,323.5,308.5,305,0.1,0
0,GasterBlaster,3,323.5,308.5,323.5,308.5,350,0.1,0
0,GasterBlaster,3,323.5,308.5,323.5,308.5,395,0.1,0
0,GasterBlaster,3,323.5,308.5,323.5,308.5,440,0.1,0
0.0999,,,,,,,,,
0,GasterBlaster,3,323.5,308.5,323.5,308.5,85,0.1,0
0,GasterBlaster,3,323.5,308.5,323.5,308.5,135,0.1,0
0,GasterBlaster,3,323.5,308.5,323.5,308.5,175,0.1,0
0,GasterBlaster,3,323.5,308.5,323.5,308.5,220,0.1,0
0,GasterBlaster,3,323.5,308.5,323.5,308.5,265,0.1,0
0,GasterBlaster,3,323.5,308.5,323.5,308.5,310,0.1,0
0,GasterBlaster,3,323.5,308.5,323.5,308.5,355,0.1,0
0,GasterBlaster,3,323.5,308.5,323.5,308.5,400,0.1,0
0,GasterBlaster,3,323.5,308.5,323.5,308.5,445,0.1,0
0.0999,,,,,,,,,
0,GasterBlaster,3,323.5,308.5,323.5,308.5,90,0.1,0
0,GasterBlaster,3,323.5,308.5,323.5,308.5,140,0.1,0
0,GasterBlaster,3,323.5,308.5,323.5,308.5,180,0.1,0
0,GasterBlaster,3,323.5,308.5,323.5,308.5,225,0.1,0
0,GasterBlaster,3,323.5,308.5,323.5,308.5,270,0.1,0
0,GasterBlaster,3,323.5,308.5,323.5,308.5,315,0.1,0
0,GasterBlaster,3,323.5,308.5,323.5,308.5,360,0.1,0
0,GasterBlaster,3,323.5,308.5,323.5,308.5,405,0.1,0
0,GasterBlaster,3,323.5,308.5,323.5,308.5,450,0.1,0
0.0999,,,,,,,,,
0,GasterBlaster,3,323.5,308.5,323.5,308.5,0,0.1,0
0,GasterBlaster,3,323.5,308.5,323.5,308.5,45,0.1,0
0,GasterBlaster,3,323.5,308.5,323.5,308.5,90,0.1,0
0,GasterBlaster,3,323.5,308.5,323.5,308.5,135,0.1,0
0,GasterBlaster,3,323.5,308.5,323.5,308.5,180,0.1,0
0,GasterBlaster,3,323.5,308.5,323.5,308.5,225,0.1,0
0,GasterBlaster,3,323.5,308.5,323.5,308.5,270,0.1,0
0,GasterBlaster,3,323.5,308.5,323.5,308.5,315,0.1,0
0,GasterBlaster,3,323.5,308.5,323.5,308.5,360,0.1,0
0.0999,,,,,,,,,
0,GasterBlaster,3,323.5,308.5,323.5,308.5,5,0.1,0
0,GasterBlaster,3,323.5,308.5,323.5,308.5,55,0.1,0
0,GasterBlaster,3,323.5,308.5,323.5,308.5,95,0.1,0
0,GasterBlaster,3,323.5,308.5,323.5,308.5,140,0.1,0
0,GasterBlaster,3,323.5,308.5,323.5,308.5,185,0.1,0
0,GasterBlaster,3,323.5,308.5,323.5,308.5,230,0.1,0
0,GasterBlaster,3,323.5,308.5,323.5,308.5,275,0.1,0
0,GasterBlaster,3,323.5,308.5,323.5,308.5,320,0.1,0
0,GasterBlaster,3,323.5,308.5,323.5,308.5,365,0.1,0
0.0999,,,,,,,,,
0,GasterBlaster,3,323.5,308.5,323.5,308.5,10,0.1,0
0,GasterBlaster,3,323.5,308.5,323.5,308.5,60,0.1,0
0,GasterBlaster,3,323.5,308.5,323.5,308.5,100,0.1,0
0,GasterBlaster,3,323.5,308.5,323.5,308.5,145,0.1,0
0,GasterBlaster,3,323.5,308.5,323.5,308.5,190,0.1,0
0,GasterBlaster,3,323.5,308.5,323.5,308.5,235,0.1,0
0,GasterBlaster,3,323.5,308.5,323.5,308.5,280,0.1,0
0,GasterBlaster,3,323.5,308.5,323.5,308.5,325,0.1,0
0,GasterBlaster,3,323.5,308.5,323.5,308.5,370,0.1,0
0.0999,,,,,,,,,
0,GasterBlaster,3,323.5,308.5,323.5,308.5,15,0.1,0
0,GasterBlaster,3,323.5,308.5,323.5,308.5,65,0.1,0
0,GasterBlaster,3,323.5,308.5,323.5,308.5,105,0.1,0
0,GasterBlaster,3,323.5,308.5,323.5,308.5,150,0.1,0
0,GasterBlaster,3,323.5,308.5,323.5,308.5,195,0.1,0
0,GasterBlaster,3,323.5,308.5,323.5,308.5,240,0.1,0
0,GasterBlaster,3,323.5,308.5,323.5,308.5,285,0.1,0
0,GasterBlaster,3,323.5,308.5,323.5,308.5,330,0.1,0
0,GasterBlaster,3,323.5,308.5,323.5,308.5,375,0.1,0
0.0999,,,,,,,,,
0,GasterBlaster,3,323.5,308.5,323.5,308.5,20,0.1,0
0,GasterBlaster,3,323.5,308.5,323.5,308.5,70,0.1,0
0,GasterBlaster,3,323.5,308.5,323.5,308.5,110,0.1,0
0,GasterBlaster,3,323.5,308.5,323.5,308.5,155,0.1,0
0,GasterBlaster,3,323.5,308.5,323.5,308.5,200,0.1,0
0,GasterBlaster,3,323.5,308.5,323.5,308.5,245,0.1,0
0,GasterBlaster,3,323.5,308.5,323.5,308.5,290,0.1,0
0,GasterBlaster,3,323.5,308.5,323.5,308.5,335,0.1,0
0,GasterBlaster,3,323.5,308.5,323.5,308.5,380,0.1,0
0.0999,,,,,,,,,
0,GasterBlaster,3,323.5,308.5,323.5,308.5,25,0.1,0
0,GasterBlaster,3,323.5,308.5,323.5,308.5,75,0.1,0
0,GasterBlaster,3,323.5,308.5,323.5,308.5,115,0.1,0
0,GasterBlaster,3,323.5,308.5,323.5,308.5,160,0.1,0
0,GasterBlaster,3,323.5,308.5,323.5,308.5,205,0.1,0
0,GasterBlaster,3,323.5,308.5,323.5,308.5,250,0.1,0
0,GasterBlaster,3,323.5,308.5,323.5,308.5,295,0.1,0
0,GasterBlaster,3,323.5,308.5,323.5,308.5,340,0.1,0
0,GasterBlaster,3,323.5,308.5,323.5,308.5,385,0.1,0
0.0999,,,,,,,,,
0,GasterBlaster,3,323.5,308.5,323.5,308.5,30,0.1,0
0,GasterBlaster,3,323.5,308.5,323.5,308.5,80,0.1,0
0,GasterBlaster,3,323.5,308.5,323.5,308.5,120,0.1,0
0,GasterBlaster,3,323.5,308.5,323.5,308.5,165,0.1,0
0,GasterBlaster,3,323.5,308.5,323.5,308.5,210,0.1,0
0,GasterBlaster,3,323.5,308.5,323.5,308.5,255,0.1,0
0,GasterBlaster,3,323.5,308.5,323.5,308.5,300,0.1,0
0,GasterBlaster,3,323.5,308.5,323.5,308.5,345,0.1,0
0,GasterBlaster,3,323.5,308.5,323.5,308.5,390,0.1,0
0.0999,,,,,,,,,
0,GasterBlaster,3,323.5,308.5,323.5,308.5,35,0.1,0
0,GasterBlaster,3,323.5,308.5,323.5,308.5,85,0.1,0
0,GasterBlaster,3,323.5,308.5,323.5,308.5,125,0.1,0
0,GasterBlaster,3,323.5,308.5,323.5,308.5,170,0.1,0
0,GasterBlaster,3,323.5,308.5,323.5,308.5,215,0.1,0
0,GasterBlaster,3,323.5,308.5,323.5,308.5,260,0.1,0
0,GasterBlaster,3,323.5,308.5,323.5,308.5,305,0.1,0
0,GasterBlaster,3,323.5,308.5,323.5,308.5,350,0.1,0
0,GasterBlaster,3,323.5,308.5,323.5,308.5,395,0.1,0
0.0999,,,,,,,,,
0,GasterBlaster,3,323.5,308.5,323.5,308.5,40,0.1,0
0,GasterBlaster,3,323.5,308.5,323.5,308.5,90,0.1,0
0,GasterBlaster,3,323.5,308.5,323.5,308.5,130,0.1,0
0,GasterBlaster,3,323.5,308.5,323.5,308.5,175,0.1,0
0,GasterBlaster,3,323.5,308.5,323.5,308.5,220,0.1,0
0,GasterBlaster,3,323.5,308.5,323.5,308.5,265,0.1,0
0,GasterBlaster,3,323.5,308.5,323.5,308.5,310,0.1,0
0,GasterBlaster,3,323.5,308.5,323.5,308.5,355,0.1,0
0,GasterBlaster,3,323.5,308.5,323.5,308.5,400,0.1,0
0.0999,,,,,,,,,
0,GasterBlaster,3,323.5,308.5,323.5,308.5,45,0.1,0
0,GasterBlaster,3,323.5,308.5,323.5,308.5,95,0.1,0
0,GasterBlaster,3,323.5,308.5,323.5,308.5,135,0.1,0
0,GasterBlaster,3,323.5,308.5,323.5,308.5,180,0.1,0
0,GasterBlaster,3,323.5,308.5,323.5,308.5,225,0.1,0
0,GasterBlaster,3,323.5,308.5,323.5,308.5,270,0.1,0
0,GasterBlaster,3,323.5,308.5,323.5,308.5,315,0.1,0
0,GasterBlaster,3,323.5,308.5,323.5,308.5,360,0.1,0
0,GasterBlaster,3,323.5,308.5,323.5,308.5,405,0.1,0
0.0999,,,,,,,,,
0,GasterBlaster,3,323.5,308.5,323.5,308.5,50,0.1,0
0,GasterBlaster,3,323.5,308.5,323.5,308.5,100,0.1,0
0,GasterBlaster,3,323.5,308.5,323.5,308.5,140,0.1,0
0,GasterBlaster,3,323.5,308.5,323.5,308.5,185,0.1,0
0,GasterBlaster,3,323.5,308.5,323.5,308.5,230,0.1,0
0,GasterBlaster,3,323.5,308.5,323.5,308.5,275,0.1,0
0,GasterBlaster,3,323.5,308.5,323.5,308.5,320,0.1,0
0,GasterBlaster,3,323.5,308.5,323.5,308.5,365,0.1,0
0,GasterBlaster,3,323.5,308.5,323.5,308.5,410,0.1,0
0.0999,,,,,,,,,
0,GasterBlaster,3,323.5,308.5,323.5,308.5,55,0.1,0
0,GasterBlaster,3,323.5,308.5,323.5,308.5,105,0.1,0
0,GasterBlaster,3,323.5,308.5,323.5,308.5,145,0.1,0
0,GasterBlaster,3,323.5,308.5,323.5,308.5,190,0.1,0
0,GasterBlaster,3,323.5,308.5,323.5,308.5,235,0.1,0
0,GasterBlaster,3,323.5,308.5,323.5,308.5,280,0.1,0
0,GasterBlaster,3,323.5,308.5,323.5,308.5,325,0.1,0
0,GasterBlaster,3,323.5,308.5,323.5,308.5,370,0.1,0
0,GasterBlaster,3,323.5,308.5,323.5,308.5,415,0.1,0
0.0999,,,,,,,,,
0,GasterBlaster,3,323.5,308.5,323.5,308.5,60,0.1,0
0,GasterBlaster,3,323.5,308.5,323.5,308.5,110,0.1,0
0,GasterBlaster,3,323.5,308.5,323.5,308.5,150,0.1,0
0,GasterBlaster,3,323.5,308.5,323.5,308.5,195,0.1,0
0,GasterBlaster,3,323.5,308.5,323.5,308.5,240,0.1,0
0,GasterBlaster,3,323.5,308.5,323.5,308.5,285,0.1,0
0,GasterBlaster,3,323.5,308.5,323.5,308.5,330,0.1,0
0,GasterBlaster,3,323.5,308.5,323.5,308.5,375,0.1,0
0,GasterBlaster,3,323.5,308.5,323.5,308.5,420,0.1,0
0.0999,,,,,,,,,
0,GasterBlaster,3,323.5,308.5,323.5,308.5,65,0.1,0
0,GasterBlaster,3,323.5,308.5,323.5,308.5,115,0.1,0
0,GasterBlaster,3,323.5,308.5,323.5,308.5,155,0.1,0
0,GasterBlaster,3,323.5,308.5,323.5,308.5,200,0.1,0
0,GasterBlaster,3,323.5,308.5,323.5,308.5,245,0.1,0
0,GasterBlaster,3,323.5,308.5,323.5,308.5,290,0.1,0
0,GasterBlaster,3,323.5,308.5,323.5,308.5,335,0.1,0
0,GasterBlaster,3,323.5,308.5,323.5,308.5,380,0.1,0
0,GasterBlaster,3,323.5,308.5,323.5,308.5,425,0.1,0
0.0999,,,,,,,,,
0,GasterBlaster,3,323.5,308.5,323.5,308.5,70,0.1,0
0,GasterBlaster,3,323.5,308.5,323.5,308.5,120,0.1,0
0,GasterBlaster,3,323.5,308.5,323.5,308.5,160,0.1,0
0,GasterBlaster,3,323.5,308.5,323.5,308.5,205,0.1,0
0,GasterBlaster,3,323.5,308.5,323.5,308.5,250,0.1,0
0,GasterBlaster,3,323.5,308.5,323.5,308.5,295,0.1,0
0,GasterBlaster,3,323.5,308.5,323.5,308.5,340,0.1,0
0,GasterBlaster,3,323.5,308.5,323.5,308.5,385,0.1,0
0,GasterBlaster,3,323.5,308.5,323.5,308.5,430,0.1,0
0.0999,,,,,,,,,
0,GasterBlaster,3,323.5,308.5,323.5,308.5,75,0.1,0
0,GasterBlaster,3,323.5,308.5,323.5,308.5,125,0.1,0
0,GasterBlaster,3,323.5,308.5,323.5,308.5,165,0.1,0
0,GasterBlaster,3,323.5,308.5,323.5,308.5,210,0.1,0
0,GasterBlaster,3,323.5,308.5,323.5,308.5,255,0.1,0
0,GasterBlaster,3,323.5,308.5,323.5,308.5,300,0.1,0
0,GasterBlaster,3,323.5,308.5,323.5,308.5,345,0.1,0
0,GasterBlaster,3,323.5,308.5,323.5,308.5,390,0.1,0
0,GasterBlaster,3,323.5,308.5,323.5,308.5,435,0.1,0
0.0999,,,,,,,,,
0,GasterBlaster,3,323.5,308.5,323.5,308.5,80,0.1,0
0,GasterBlaster,3,323.5,308.5,323.5,308.5,130,0.1,0
0,GasterBlaster,3,323.5,308.5,323.5,308.5,170,0.1,0
0,GasterBlaster,3,323.5,308.5,323.5,308.5,215,0.1,0
0,GasterBlaster,3,323.5,308.5,323.5,308.5,260,0.1,0
0,GasterBlaster,3,323.5,308.5,323.5,308.5,305,0.1,0
0,GasterBlaster,3,323.5,308.5,323.5,308.5,350,0.1,0
0,GasterBlaster,3,323.5,308.5,323.5,308.5,395,0.1,0
0,GasterBlaster,3,323.5,308.5,323.5,308.5,440,0.1,0
0.0999,,,,,,,,,
0,GasterBlaster,3,323.5,308.5,323.5,308.5,85,0.1,0
0,GasterBlaster,3,323.5,308.5,323.5,308.5,135,0.1,0
0,GasterBlaster,3,323.5,308.5,323.5,308.5,175,0.1,0
0,GasterBlaster,3,323.5,308.5,323.5,308.5,220,0.1,0
0,GasterBlaster,3,323.5,308.5,323.5,308.5,265,0.1,0
0,GasterBlaster,3,323.5,308.5,323.5,308.5,310,0.1,0
0,GasterBlaster,3,323.5,308.5,323.5,308.5,355,0.1,0
0,GasterBlaster,3,323.5,308.5,323.5,308.5,400,0.1,0
0,GasterBlaster,3,323.5,308.5,323.5,308.5,445,0.1,0
0.0999,,,,,,,,,
0,GasterBlaster,3,323.5,308.5,323.5,308.5,90,0.1,0
0,GasterBlaster,3,323.5,308.5,323.5,308.5,140,0.1,0
0,GasterBlaster,3,323.5,308.5,323.5,308.5,180,0.1,0
0,GasterBlaster,3,323.5,308.5,323.5,308.5,225,0.1,0
0,GasterBlaster,3,323.5,308.5,323.5,308.5,270,0.1,0
0,GasterBlaster,3,323.5,308.5,323.5,308.5,315,0.1,0
0,GasterBlaster,3,323.5,308.5,323.5,308.5,360,0.1,0
0,GasterBlaster,3,323.5,308.5,323.5,308.5,405,0.1,0
0,GasterBlaster,3,323.5,308.5,323.5,308.5,450,0.1,0
0.0999,,,,,,,,,
0,GasterBlaster,3,323.5,308.5,323.5,308.5,0,0.1,0
0,GasterBlaster,3,323.5,308.5,323.5,308.5,45,0.1,0
0,GasterBlaster,3,323.5,308.5,323.5,308.5,90,0.1,0
0,GasterBlaster,3,323.5,308.5,323.5,308.5,135,0.1,0
0,GasterBlaster,3,323.5,308.5,323.5,308.5,180,0.1,0
0,GasterBlaster,3,323.5,308.5,323.5,308.5,225,0.1,0
0,GasterBlaster,3,323.5,308.5,323.5,308.5,270,0.1,0
0,GasterBlaster,3,323.5,308.5,323.5,308.5,315,0.1,0
0,GasterBlaster,3,323.5,308.5,323.5,308.5,360,0.1,0
0.0999,,,,,,,,,
0,GasterBlaster,3,323.5,308.5,323.5,308.5,5,0.1,0
0,GasterBlaster,3,323.5,308.5,323.5,308.5,55,0.1,0
0,GasterBlaster,3,323.5,308.5,323.5,308.5,95,0.1,0
0,GasterBlaster,3,323.5,308.5,323.5,308.5,140,0.1,0
0,GasterBlaster,3,323.5,308.5,323.5,308.5,185,0.1,0
0,GasterBlaster,3,323.5,308.5,323.5,308.5,230,0.1,0
0,GasterBlaster,3,323.5,308.5,323.5,308.5,275,0.1,0
0,GasterBlaster,3,323.5,308.5,323.5,308.5,320,0.1,0
0,GasterBlaster,3,323.5,308.5,323.5,308.5,365,0.1,0
0.0999,,,,,,,,,
0,GasterBlaster,3,323.5,308.5,323.5,308.5,10,0.1,0
0,GasterBlaster,3,323.5,308.5,323.5,308.5,60,0.1,0
0,GasterBlaster,3,323.5,308.5,323.5,308.5,100,0.1,0
0,GasterBlaster,3,323.5,308.5,323.5,308.5,145,0.1,0
0,GasterBlaster,3,323.5,308.5,323.5,308.5,190,0.1,0
0,GasterBlaster,3,323.5,308.5,323.5,308.5,235,0.1,0
0,GasterBlaster,3,323.5,308.5,323.5,308.5,280,0.1,0
0,GasterBlaster,3,323.5,308.5,323.5,308.5,325,0.1,0
0,GasterBlaster,3,323.5,308.5,323.5,308.5,370,0.1,0
0.0999,,,,,,,,,
0,GasterBlaster,3,323.5,308.5,323.5,308.5,15,0.1,0
0,GasterBlaster,3,323.5,308.5,323.5,308.5,65,0.1,0
0,GasterBlaster,3,323.5,308.5,323.5,308.5,105,0.1,0
0,GasterBlaster,3,323.5,308.5,323.5,308.5,150,0.1,0
0,GasterBlaster,3,323.5,308.5,323.5,308.5,195,0.1,0
0,GasterBlaster,3,323.5,308.5,323.5,308.5,240,0.1,0
0,GasterBlaster,3,323.5,308.5,323.5,308.5,285,0.1,0
0,GasterBlaster,3,323.5,308.5,323.5,308.5,330,0.1,0
0,GasterBlaster,3,323.5,308.5,323.5,308.5,375,0.1,0
0.0999,,,,,,,,,
0,GasterBlaster,3,323.5,308.5,323.5,308.5,20,0.1,0
0,GasterBlaster,3,323.5,308.5,323.5,308.5,70,0.1,0
0,GasterBlaster,3,323.5,308.5,323.5,308.5,110,0.1,0
0,GasterBlaster,3,323.5,308.5,323.5,308.5,155,0.1,0
0,GasterBlaster,3,323.5,308.5,323.5,308.5,200,0.1,0
0,GasterBlaster,3,323.5,308.5,323.5,308.5,245,0.1,0
0,GasterBlaster,3,323.5,308.5,323.5,308.5,290,0.1,0
0,GasterBlaster,3,323.5,308.5,323.5,308.5,335,0.1,0
0,GasterBlaster,3,323.5,308.5,323.5,308.5,380,0.1,0
0.0999,,,,,,,,,
0,GasterBlaster,3,323.5,308.5,323.5,308.5,25,0.1,0
0,GasterBlaster,3,323.5,308.5,323.5,308.5,75,0.1,0
0,GasterBlaster,3,323.5,308.5,323.5,308.5,115,0.1,0
0,GasterBlaster,3,323.5,308.5,323.5,308.5,160,0.1,0
0,GasterBlaster,3,323.5,308.5,323.5,308.5,205,0.1,0
0,GasterBlaster,3,323.5,308.5,323.5,308.5,250,0.1,0
0,GasterBlaster,3,323.5,308.5,323.5,308.5,295,0.1,0
0,GasterBlaster,3,323.5,308.5,323.5,308.5,340,0.1,0
0,GasterBlaster,3,323.5,308.5,323.5,308.5,385,0.1,0
0.0999,,,,,,,,,
0,GasterBlaster,3,323.5,308.5,323.5,308.5,30,0.1,0
0,GasterBlaster,3,323.5,308.5,323.5,308.5,80,0.1,0
0,GasterBlaster,3,323.5,308.5,323.5,308.5,120,0.1,0
0,GasterBlaster,3,323.5,308.5,323.5,308.5,165,0.1,0
0,GasterBlaster,3,323.5,308.5,323.5,308.5,210,0.1,0
0,GasterBlaster,3,323.5,308.5,323.5,308.5,255,0.1,0
0,GasterBlaster,3,323.5,308.5,323.5,308.5,300,0.1,0
0,GasterBlaster,3,323.5,308.5,323.5,308.5,345,0.1,0
0,GasterBlaster,3,323.5,308.5,323.5,308.5,390,0.1,0
0.0999,,,,,,,,,
0,GasterBlaster,3,323.5,308.5,323.5,308.5,35,0.1,0
0,GasterBlaster,3,323.5,308.5,323.5,308.5,85,0.1,0
0,GasterBlaster,3,323.5,308.5,323.5,308.5,125,0.1,0
0,GasterBlaster,3,323.5,308.5,323.5,308.5,170,0.1,0
0,GasterBlaster,3,323.5,308.5,323.5,308.5,215,0.1,0
0,GasterBlaster,3,323.5,308.5,323.5,308.5,260,0.1,0
0,GasterBlaster,3,323.5,308.5,323.5,308.5,305,0.1,0
0,GasterBlaster,3,323.5,308.5,323.5,308.5,350,0.1,0
0,GasterBlaster,3,323.5,308.5,323.5,308.5,395,0.1,0
0.0999,,,,,,,,,
0,GasterBlaster,3,323.5,308.5,323.5,308.5,40,0.1,0
0,GasterBlaster,3,323.5,308.5,323.5,308.5,90,0.1,0
0,GasterBlaster,3,323.5,308.5,323.5,308.5,130,0.1,0
0,GasterBlaster,3,323.5,308.5,323.5,308.5,175,0.1,0
0,GasterBlaster,3,323.5,308.5,323.5,308.5,220,0.1,0
0,GasterBlaster,3,323.5,308.5,323.5,308.5,265,0.1,0
0,GasterBlaster,3,323.5,308.5,323.5,308.5,310,0.1,0
0,GasterBlaster,3,323.5,308.5,323.5,308.5,355,0.1,0
0,GasterBlaster,3,323.5,308.5,323.5,308.5,400,0.1,0
0.0999,,,,,,,,,
0,GasterBlaster,3,323.5,308.5,323.5,308.5,45,0.1,0
0,GasterBlaster,3,323.5,308.5,323.5,308.5,95,0.1,0
0,GasterBlaster,3,323.5,308.5,323.5,308.5,135,0.1,0
0,GasterBlaster,3,323.5,308.5,323.5,308.5,180,0.1,0
0,GasterBlaster,3,323.5,308.5,323.5,308.5,225,0.1,0
0,GasterBlaster,3,323.5,308.5,323.5,308.5,270,0.1,0
0,GasterBlaster,3,323.5,308.5,323.5,308.5,315,0.1,0
0,GasterBlaster,3,323.5,308.5,323.5,308.5,360,0.1,0
0,GasterBlaster,3,323.5,308.5,323.5,308.5,405,0.1,0
0.0999,,,,,,,,,
0,GasterBlaster,3,323.5,308.5,323.5,308.5,50,0.1,0
0,GasterBlaster,3,323.5,308.5,323.5,308.5,100,0.1,0
0,GasterBlaster,3,323.5,308.5,323.5,308.5,140,0.1,0
0,GasterBlaster,3,323.5,308.5,323.5,308.5,185,0.1,0
0,GasterBlaster,3,323.5,308.5,323.5,308.5,230,0.1,0
0,GasterBlaster,3,323.5,308.5,323.5,308.5,275,0.1,0
0,GasterBlaster,3,323.5,308.5,323.5,308.5,320,0.1,0
0,GasterBlaster,3,323.5,308.5,323.5,308.5,365,0.1,0
0,GasterBlaster,3,323.5,308.5,323.5,308.5,410,0.1,0
0.0999,,,,,,,,,
0,GasterBlaster,3,323.5,308.5,323.5,308.5,55,0.1,0
0,GasterBlaster,3,323.5,308.5,323.5,308.5,105,0.1,0
0,GasterBlaster,3,323.5,308.5,323.5,308.5,145,0.1,0
0,GasterBlaster,3,323.5,308.5,323.5,308.5,190,0.1,0
0,GasterBlaster,3,323.5,308.5,323.5,308.5,235,0.1,0
0,GasterBlaster,3,323.5,308.5,323.5,308.5,280,0.1,0
0,GasterBlaster,3,323.5,308.5,323.5,308.5,325,0.1,0
0,GasterBlaster,3,323.5,308.5,323.5,308.5,370,0.1,0
0,GasterBlaster,3,323.5,308.5,323.5,308.5,415,0.1,0
0.0999,,,,,,,,,
0,GasterBlaster,3,323.5,308.5,323.5,308.5,60,0.1,0
0,GasterBlaster,3,323.5,308.5,323.5,308.5,110,0.1,0
0,GasterBlaster,3,323.5,308.5,323.5,308.5,150,0.1,0
0,GasterBlaster,3,323.5,308.5,323.5,308.5,195,0.1,0
0,GasterBlaster,3,323.5,308.5,323.5,308.5,240,0.1,0
0,GasterBlaster,3,323.5,308.5,323.5,308.5,285,0.1,0
0,GasterBlaster,3,323.5,308.5,323.5,308.5,330,0.1,0
0,GasterBlaster,3,323.5,308.5,323.5,308.5,375,0.1,0
0,GasterBlaster,3,323.5,308.5,323.5,308.5,420,0.1,0
0.0999,,,,,,,,,
0,GasterBlaster,3,323.5,308.5,323.5,308.5,65,0.1,0
0,GasterBlaster,3,323.5,308.5,323.5,308.5,115,0.1,0
0,GasterBlaster,3,323.5,308.5,323.5,308.5,155,0.1,0
0,GasterBlaster,3,323.5,308.5,323.5,308.5,200,0.1,0
0,GasterBlaster,3,323.5,308.5,323.5,308.5,245,0.1,0
0,GasterBlaster,3,323.5,308.5,323.5,308.5,290,0.1,0
0,GasterBlaster,3,323.5,308.5,323.5,308.5,335,0.1,0
0,GasterBlaster,3,323.5,308.5,323.5,308.5,380,0.1,0
0,GasterBlaster,3,323.5,308.5,323.5,308.5,425,0.1,0
0.0999,,,,,,,,,
0,GasterBlaster,3,323.5,308.5,323.5,308.5,70,0.1,0
0,GasterBlaster,3,323.5,308.5,323.5,308.5,120,0.1,0
0,GasterBlaster,3,323.5,308.5,323.5,308.5,160,0.1,0
0,GasterBlaster,3,323.5,308.5,323.5,308.5,205,0.1,0
0,GasterBlaster,3,323.5,308.5,323.5,308.5,250,0.1,0
0,GasterBlaster,3,323.5,308.5,323.5,308.5,295,0.1,0
0,GasterBlaster,3,323.5,308.5,323.5,308.5,340,0.1,0
0,GasterBlaster,3,323.5,308.5,323.5,308.5,385,0.1,0
0,GasterBlaster,3,323.5,308.5,323.5,308.5,430,0.1,0
0.0999,,,,,,,,,
0,GasterBlaster,3,323.5,308.5,323.5,308.5,75,0.1,0
0,GasterBlaster,3,323.5,308.5,323.5,308.5,125,0.1,0
0,GasterBlaster,3,323.5,308.5,323.5,308.5,165,0.1,0
0,GasterBlaster,3,323.5,308.5,323.5,308.5,210,0.1,0
0,GasterBlaster,3,323.5,308.5,323.5,308.5,255,0.1,0
0,GasterBlaster,3,323.5,308.5,323.5,308.5,300,0.1,0
0,GasterBlaster,3,323.5,308.5,323.5,308.5,345,0.1,0
0,GasterBlaster,3,323.5,308.5,323.5,308.5,390,0.1,0
0,GasterBlaster,3,323.5,308.5,323.5,308.5,435,0.1,0
0.0999,,,,,,,,,
0,GasterBlaster,3,323.5,308.5,323.5,308.5,80,0.1,0
0,GasterBlaster,3,323.5,308.5,323.5,308.5,130,0.1,0
0,GasterBlaster,3,323.5,308.5,323.5,308.5,170,0.1,0
0,GasterBlaster,3,323.5,308.5,323.5,308.5,215,0.1,0
0,GasterBlaster,3,323.5,308.5,323.5,308.5,260,0.1,0
0,GasterBlaster,3,323.5,308.5,323.5,308.5,305,0.1,0
0,GasterBlaster,3,323.5,308.5,323.5,308.5,350,0.1,0
0,GasterBlaster,3,323.5,308.5,323.5,308.5,395,0.1,0
0,GasterBlaster,3,323.5,308.5,323.5,308.5,440,0.1,0
0.0999,,,,,,,,,
0,GasterBlaster,3,323.5,308.5,323.5,308.5,85,0.1,0
0,GasterBlaster,3,323.5,308.5,323.5,308.5,135,0.1,0
0,GasterBlaster,3,323.5,308.5,323.5,308.5,175,0.1,0
0,GasterBlaster,3,323.5,308.5,323.5,308.5,220,0.1,0
0,GasterBlaster,3,323.5,308.5,323.5,308.5,265,0.1,0
0,GasterBlaster,3,323.5,308.5,323.5,308.5,310,0.1,0
0,GasterBlaster,3,323.5,308.5,323.5,308.5,355,0.1,0
0,GasterBlaster,3,323.5,308.5,323.5,308.5,400,0.1,0
0,GasterBlaster,3,323.5,308.5,323.5,308.5,445,0.1,0
0.0999,,,,,,,,,
0,GasterBlaster,3,323.5,308.5,323.5,308.5,90,0.1,0
0,GasterBlaster,3,323.5,308.5,323.5,308.5,140,0.1,0
0,GasterBlaster,3,323.5,308.5,323.5,308.5,180,0.1,0
0,GasterBlaster,3,323.5,308.5,323.5,308.5,225,0.1,0
0,GasterBlaster,3,323.5,308.5,323.5,308.5,270,0.1,0
0,GasterBlaster,3,323.5,308.5,323.5,308.5,315,0.1,0
0,GasterBlaster,3,323.5,308.5,323.5,308.5,360,0.1,0
0,GasterBlaster,3,323.5,308.5,323.5,308.5,405,0.1,0
0,GasterBlaster,3,323.5,308.5,323.5,308.5,450,0.1,0
0.0999,,,,,,,,,
0,,,,,,,,,
0,,,,,,,,,
0,,,,,,,,,
0,,,,,,,,,
0,,,,,,,,,
0,,,,,,,,,
0,,,,,,,,,
0,,,,,,,,,
0,,,,,,,,,
0.0999,,,,,,,,,
0,GasterBlaster,3,323.5,308.5,323.5,308.5,5,0.1,0
0,GasterBlaster,3,323.5,308.5,323.5,308.5,55,0.1,0
0,GasterBlaster,3,323.5,308.5,323.5,308.5,95,0.1,0
0,GasterBlaster,3,323.5,308.5,323.5,308.5,140,0.1,0
0,GasterBlaster,3,323.5,308.5,323.5,308.5,185,0.1,0
0,GasterBlaster,3,323.5,308.5,323.5,308.5,230,0.1,0
0,GasterBlaster,3,323.5,308.5,323.5,308.5,275,0.1,0
0,GasterBlaster,3,323.5,308.5,323.5,308.5,320,0.1,0
0,GasterBlaster,3,323.5,308.5,323.5,308.5,365,0.1,0
0.0999,,,,,,,,,
0,GasterBlaster,3,323.5,308.5,323.5,308.5,10,0.1,0
0,GasterBlaster,3,323.5,308.5,323.5,308.5,60,0.1,0
0,GasterBlaster,3,323.5,308.5,323.5,308.5,100,0.1,0
0,GasterBlaster,3,323.5,308.5,323.5,308.5,145,0.1,0
0,GasterBlaster,3,323.5,308.5,323.5,308.5,190,0.1,0
0,GasterBlaster,3,323.5,308.5,323.5,308.5,235,0.1,0
0,GasterBlaster,3,323.5,308.5,323.5,308.5,280,0.1,0
0,GasterBlaster,3,323.5,308.5,323.5,308.5,325,0.1,0
0,GasterBlaster,3,323.5,308.5,323.5,308.5,370,0.1,0
0.0999,,,,,,,,,
0,GasterBlaster,3,323.5,308.5,323.5,308.5,15,0.1,0
0,GasterBlaster,3,323.5,308.5,323.5,308.5,65,0.1,0
0,GasterBlaster,3,323.5,308.5,323.5,308.5,105,0.1,0
0,GasterBlaster,3,323.5,308.5,323.5,308.5,150,0.1,0
0,GasterBlaster,3,323.5,308.5,323.5,308.5,195,0.1,0
0,GasterBlaster,3,323.5,308.5,323.5,308.5,240,0.1,0
0,GasterBlaster,3,323.5,308.5,323.5,308.5,285,0.1,0
0,GasterBlaster,3,323.5,308.5,323.5,308.5,330,0.1,0
0,GasterBlaster,3,323.5,308.5,323.5,308.5,375,0.1,0
0.0999,,,,,,,,,
0,GasterBlaster,3,323.5,308.5,323.5,308.5,20,0.1,0
0,GasterBlaster,3,323.5,308.5,323.5,308.5,70,0.1,0
0,GasterBlaster,3,323.5,308.5,323.5,308.5,110,0.1,0
0,GasterBlaster,3,323.5,308.5,323.5,308.5,155,0.1,0
0,GasterBlaster,3,323.5,308.5,323.5,308.5,200,0.1,0
0,GasterBlaster,3,323.5,308.5,323.5,308.5,245,0.1,0
0,GasterBlaster,3,323.5,308.5,323.5,308.5,290,0.1,0
0,GasterBlaster,3,323.5,308.5,323.5,308.5,335,0.1,0
0,GasterBlaster,3,323.5,308.5,323.5,308.5,380,0.1,0
0.0999,,,,,,,,,
0,GasterBlaster,3,323.5,308.5,323.5,308.5,25,0.1,0
0,GasterBlaster,3,323.5,308.5,323.5,308.5,75,0.1,0
0,GasterBlaster,3,323.5,308.5,323.5,308.5,115,0.1,0
0,GasterBlaster,3,323.5,308.5,323.5,308.5,160,0.1,0
0,GasterBlaster,3,323.5,308.5,323.5,308.5,205,0.1,0
0,GasterBlaster,3,323.5,308.5,323.5,308.5,250,0.1,0
0,GasterBlaster,3,323.5,308.5,323.5,308.5,295,0.1,0
0,GasterBlaster,3,323.5,308.5,323.5,308.5,340,0.1,0
0,GasterBlaster,3,323.5,308.5,323.5,308.5,385,0.1,0
0.0999,,,,,,,,,
0,GasterBlaster,3,323.5,308.5,323.5,308.5,30,0.1,0
0,GasterBlaster,3,323.5,308.5,323.5,308.5,80,0.1,0
0,GasterBlaster,3,323.5,308.5,323.5,308.5,120,0.1,0
0,GasterBlaster,3,323.5,308.5,323.5,308.5,165,0.1,0
0,GasterBlaster,3,323.5,308.5,323.5,308.5,210,0.1,0
0,GasterBlaster,3,323.5,308.5,323.5,308.5,255,0.1,0
0,GasterBlaster,3,323.5,308.5,323.5,308.5,300,0.1,0
0,GasterBlaster,3,323.5,308.5,323.5,308.5,345,0.1,0
0,GasterBlaster,3,323.5,308.5,323.5,308.5,390,0.1,0
0.0999,,,,,,,,,
0,GasterBlaster,3,323.5,308.5,323.5,308.5,35,0.1,0
0,GasterBlaster,3,323.5,308.5,323.5,308.5,85,0.1,0
0,GasterBlaster,3,323.5,308.5,323.5,308.5,125,0.1,0
0,GasterBlaster,3,323.5,308.5,323.5,308.5,170,0.1,0
0,GasterBlaster,3,323.5,308.5,323.5,308.5,215,0.1,0
0,GasterBlaster,3,323.5,308.5,323.5,308.5,260,0.1,0
0,GasterBlaster,3,323.5,308.5,323.5,308.5,305,0.1,0
0,GasterBlaster,3,323.5,308.5,323.5,308.5,350,0.1,0
0,GasterBlaster,3,323.5,308.5,323.5,308.5,395,0.1,0
0.0999,,,,,,,,,
0,GasterBlaster,3,323.5,308.5,323.5,308.5,40,0.1,0
0,GasterBlaster,3,323.5,308.5,323.5,308.5,90,0.1,0
0,GasterBlaster,3,323.5,308.5,323.5,308.5,130,0.1,0
0,GasterBlaster,3,323.5,308.5,323.5,308.5,175,0.1,0
0,GasterBlaster,3,323.5,308.5,323.5,308.5,220,0.1,0
0,GasterBlaster,3,323.5,308.5,323.5,308.5,265,0.1,0
0,GasterBlaster,3,323.5,308.5,323.5,308.5,310,0.1,0
0,GasterBlaster,3,323.5,308.5,323.5,308.5,355,0.1,0
0,GasterBlaster,3,323.5,308.5,323.5,308.5,400,0.1,0
0.0999,,,,,,,,,
0,GasterBlaster,3,323.5,308.5,323.5,308.5,45,0.1,0
0,GasterBlaster,3,323.5,308.5,323.5,308.5,95,0.1,0
0,GasterBlaster,3,323.5,308.5,323.5,308.5,135,0.1,0
0,GasterBlaster,3,323.5,308.5,323.5,308.5,180,0.1,0
0,GasterBlaster,3,323.5,308.5,323.5,308.5,225,0.1,0
0,GasterBlaster,3,323.5,308.5,323.5,308.5,270,0.1,0
0,GasterBlaster,3,323.5,308.5,323.5,308.5,315,0.1,0
0,GasterBlaster,3,323.5,308.5,323.5,308.5,360,0.1,0
0,GasterBlaster,3,323.5,308.5,323.5,308.5,405,0.1,0
0.0999,,,,,,,,,
0,GasterBlaster,3,323.5,308.5,323.5,308.5,50,0.1,0
0,GasterBlaster,3,323.5,308.5,323.5,308.5,100,0.1,0
0,GasterBlaster,3,323.5,308.5,323.5,308.5,140,0.1,0
0,GasterBlaster,3,323.5,308.5,323.5,308.5,185,0.1,0
0,GasterBlaster,3,323.5,308.5,323.5,308.5,230,0.1,0
0,GasterBlaster,3,323.5,308.5,323.5,308.5,275,0.1,0
0,GasterBlaster,3,323.5,308.5,323.5,308.5,320,0.1,0
0,GasterBlaster,3,323.5,308.5,323.5,308.5,365,0.1,0
0,GasterBlaster,3,323.5,308.5,323.5,308.5,410,0.1,0
0.0999,,,,,,,,,
0,GasterBlaster,3,323.5,308.5,323.5,308.5,55,0.1,0
0,GasterBlaster,3,323.5,308.5,323.5,308.5,105,0.1,0
0,GasterBlaster,3,323.5,308.5,323.5,308.5,145,0.1,0
0,GasterBlaster,3,323.5,308.5,323.5,308.5,190,0.1,0
0,GasterBlaster,3,323.5,308.5,323.5,308.5,235,0.1,0
0,GasterBlaster,3,323.5,308.5,323.5,308.5,280,0.1,0
0,GasterBlaster,3,323.5,308.5,323.5,308.5,325,0.1,0
0,GasterBlaster,3,323.5,308.5,323.5,308.5,370,0.1,0
0,GasterBlaster,3,323.5,308.5,323.5,308.5,415,0.1,0
0.0999,,,,,,,,,
0,GasterBlaster,3,323.5,308.5,323.5,308.5,60,0.1,0
0,GasterBlaster,3,323.5,308.5,323.5,308.5,110,0.1,0
0,GasterBlaster,3,323.5,308.5,323.5,308.5,150,0.1,0
0,GasterBlaster,3,323.5,308.5,323.5,308.5,195,0.1,0
0,GasterBlaster,3,323.5,308.5,323.5,308.5,240,0.1,0
0,GasterBlaster,3,323.5,308.5,323.5,308.5,285,0.1,0
0,GasterBlaster,3,323.5,308.5,323.5,308.5,330,0.1,0
0,GasterBlaster,3,323.5,308.5,323.5,308.5,375,0.1,0
0,GasterBlaster,3,323.5,308.5,323.5,308.5,420,0.1,0
0.0999,,,,,,,,,
0,GasterBlaster,3,323.5,308.5,323.5,308.5,65,0.1,0
0,GasterBlaster,3,323.5,308.5,323.5,308.5,115,0.1,0
0,GasterBlaster,3,323.5,308.5,323.5,308.5,155,0.1,0
0,GasterBlaster,3,323.5,308.5,323.5,308.5,200,0.1,0
0,GasterBlaster,3,323.5,308.5,323.5,308.5,245,0.1,0
0,GasterBlaster,3,323.5,308.5,323.5,308.5,290,0.1,0
0,GasterBlaster,3,323.5,308.5,323.5,308.5,335,0.1,0
0,GasterBlaster,3,323.5,308.5,323.5,308.5,380,0.1,0
0,GasterBlaster,3,323.5,308.5,323.5,308.5,425,0.1,0
0.0999,,,,,,,,,
0,GasterBlaster,3,323.5,308.5,323.5,308.5,70,0.1,0
0,GasterBlaster,3,323.5,308.5,323.5,308.5,120,0.1,0
0,GasterBlaster,3,323.5,308.5,323.5,308.5,160,0.1,0
0,GasterBlaster,3,323.5,308.5,323.5,308.5,205,0.1,0
0,GasterBlaster,3,323.5,308.5,323.5,308.5,250,0.1,0
0,GasterBlaster,3,323.5,308.5,323.5,308.5,295,0.1,0
0,GasterBlaster,3,323.5,308.5,323.5,308.5,340,0.1,0
0,GasterBlaster,3,323.5,308.5,323.5,308.5,385,0.1,0
0,GasterBlaster,3,323.5,308.5,323.5,308.5,430,0.1,0
0.0999,,,,,,,,,
0,GasterBlaster,3,323.5,308.5,323.5,308.5,75,0.1,0
0,GasterBlaster,3,323.5,308.5,323.5,308.5,125,0.1,0
0,GasterBlaster,3,323.5,308.5,323.5,308.5,165,0.1,0
0,GasterBlaster,3,323.5,308.5,323.5,308.5,210,0.1,0
0,GasterBlaster,3,323.5,308.5,323.5,308.5,255,0.1,0
0,GasterBlaster,3,323.5,308.5,323.5,308.5,300,0.1,0
0,GasterBlaster,3,323.5,308.5,323.5,308.5,345,0.1,0
0,GasterBlaster,3,323.5,308.5,323.5,308.5,390,0.1,0
0,GasterBlaster,3,323.5,308.5,323.5,308.5,435,0.1,0
0.0999,,,,,,,,,
0,GasterBlaster,3,323.5,308.5,323.5,308.5,80,0.1,0
0,GasterBlaster,3,323.5,308.5,323.5,308.5,130,0.1,0
0,GasterBlaster,3,323.5,308.5,323.5,308.5,170,0.1,0
0,GasterBlaster,3,323.5,308.5,323.5,308.5,215,0.1,0
0,GasterBlaster,3,323.5,308.5,323.5,308.5,260,0.1,0
0,GasterBlaster,3,323.5,308.5,323.5,308.5,305,0.1,0
0,GasterBlaster,3,323.5,308.5,323.5,308.5,350,0.1,0
0,GasterBlaster,3,323.5,308.5,323.5,308.5,395,0.1,0
0,GasterBlaster,3,323.5,308.5,323.5,308.5,440,0.1,0
0.0999,,,,,,,,,
0,GasterBlaster,3,323.5,308.5,323.5,308.5,85,0.1,0
0,GasterBlaster,3,323.5,308.5,323.5,308.5,135,0.1,0
0,GasterBlaster,3,323.5,308.5,323.5,308.5,175,0.1,0
0,GasterBlaster,3,323.5,308.5,323.5,308.5,220,0.1,0
0,GasterBlaster,3,323.5,308.5,323.5,308.5,265,0.1,0
0,GasterBlaster,3,323.5,308.5,323.5,308.5,310,0.1,0
0,GasterBlaster,3,323.5,308.5,323.5,308.5,355,0.1,0
0,GasterBlaster,3,323.5,308.5,323.5,308.5,400,0.1,0
0,GasterBlaster,3,323.5,308.5,323.5,308.5,445,0.1,0
0.0999,,,,,,,,,
0,GasterBlaster,3,323.5,308.5,323.5,308.5,90,0.1,0
0,GasterBlaster,3,323.5,308.5,323.5,308.5,140,0.1,0
0,GasterBlaster,3,323.5,308.5,323.5,308.5,180,0.1,0
0,GasterBlaster,3,323.5,308.5,323.5,308.5,225,0.1,0
0,GasterBlaster,3,323.5,308.5,323.5,308.5,270,0.1,0
0,GasterBlaster,3,323.5,308.5,323.5,308.5,315,0.1,0
0,GasterBlaster,3,323.5,308.5,323.5,308.5,360,0.1,0
0,GasterBlaster,3,323.5,308.5,323.5,308.5,405,0.1,0
0,GasterBlaster,3,323.5,308.5,323.5,308.5,450,0.1,0
0.0999,,,,,,,,,
0,GasterBlaster,3,323.5,308.5,323.5,308.5,0,0.1,0
0,GasterBlaster,3,323.5,308.5,323.5,308.5,45,0.1,0
0,GasterBlaster,3,323.5,308.5,323.5,308.5,90,0.1,0
0,GasterBlaster,3,323.5,308.5,323.5,308.5,135,0.1,0
0,GasterBlaster,3,323.5,308.5,323.5,308.5,180,0.1,0
0,GasterBlaster,3,323.5,308.5,323.5,308.5,225,0.1,0
0,GasterBlaster,3,323.5,308.5,323.5,308.5,270,0.1,0
0,GasterBlaster,3,323.5,308.5,323.5,308.5,315,0.1,0
0,GasterBlaster,3,323.5,308.5,323.5,308.5,360,0.1,0
0.0999,,,,,,,,,
0,GasterBlaster,3,323.5,308.5,323.5,308.5,5,0.1,0
0,GasterBlaster,3,323.5,308.5,323.5,308.5,55,0.1,0
0,GasterBlaster,3,323.5,308.5,323.5,308.5,95,0.1,0
0,GasterBlaster,3,323.5,308.5,323.5,308.5,140,0.1,0
0,GasterBlaster,3,323.5,308.5,323.5,308.5,185,0.1,0
0,GasterBlaster,3,323.5,308.5,323.5,308.5,230,0.1,0
0,GasterBlaster,3,323.5,308.5,323.5,308.5,275,0.1,0
0,GasterBlaster,3,323.5,308.5,323.5,308.5,320,0.1,0
0,GasterBlaster,3,323.5,308.5,323.5,308.5,365,0.1,0
0.0999,,,,,,,,,
0,GasterBlaster,3,323.5,308.5,323.5,308.5,10,0.1,0
0,GasterBlaster,3,323.5,308.5,323.5,308.5,60,0.1,0
0,GasterBlaster,3,323.5,308.5,323.5,308.5,100,0.1,0
0,GasterBlaster,3,323.5,308.5,323.5,308.5,145,0.1,0
0,GasterBlaster,3,323.5,308.5,323.5,308.5,190,0.1,0
0,GasterBlaster,3,323.5,308.5,323.5,308.5,235,0.1,0
0,GasterBlaster,3,323.5,308.5,323.5,308.5,280,0.1,0
0,GasterBlaster,3,323.5,308.5,323.5,308.5,325,0.1,0
0,GasterBlaster,3,323.5,308.5,323.5,308.5,370,0.1,0
0.0999,,,,,,,,,
0,GasterBlaster,3,323.5,308.5,323.5,308.5,15,0.1,0
0,GasterBlaster,3,323.5,308.5,323.5,308.5,65,0.1,0
0,GasterBlaster,3,323.5,308.5,323.5,308.5,105,0.1,0
0,GasterBlaster,3,323.5,308.5,323.5,308.5,150,0.1,0
0,GasterBlaster,3,323.5,308.5,323.5,308.5,195,0.1,0
0,GasterBlaster,3,323.5,308.5,323.5,308.5,240,0.1,0
0,GasterBlaster,3,323.5,308.5,323.5,308.5,285,0.1,0
0,GasterBlaster,3,323.5,308.5,323.5,308.5,330,0.1,0
0,GasterBlaster,3,323.5,308.5,323.5,308.5,375,0.1,0
0.0999,,,,,,,,,
0,GasterBlaster,3,323.5,308.5,323.5,308.5,20,0.1,0
0,GasterBlaster,3,323.5,308.5,323.5,308.5,70,0.1,0
0,GasterBlaster,3,323.5,308.5,323.5,308.5,110,0.1,0
0,GasterBlaster,3,323.5,308.5,323.5,308.5,155,0.1,0
0,GasterBlaster,3,323.5,308.5,323.5,308.5,200,0.1,0
0,GasterBlaster,3,323.5,308.5,323.5,308.5,245,0.1,0
0,GasterBlaster,3,323.5,308.5,323.5,308.5,290,0.1,0
0,GasterBlaster,3,323.5,308.5,323.5,308.5,335,0.1,0
0,GasterBlaster,3,323.5,308.5,323.5,308.5,380,0.1,0
0.0999,,,,,,,,,
0,GasterBlaster,3,323.5,308.5,323.5,308.5,25,0.1,0
0,GasterBlaster,3,323.5,308.5,323.5,308.5,75,0.1,0
0,GasterBlaster,3,323.5,308.5,323.5,308.5,115,0.1,0
0,GasterBlaster,3,323.5,308.5,323.5,308.5,160,0.1,0
0,GasterBlaster,3,323.5,308.5,323.5,308.5,205,0.1,0
0,GasterBlaster,3,323.5,308.5,323.5,308.5,250,0.1,0
0,GasterBlaster,3,323.5,308.5,323.5,308.5,295,0.1,0
0,GasterBlaster,3,323.5,308.5,323.5,308.5,340,0.1,0
0,GasterBlaster,3,323.5,308.5,323.5,308.5,385,0.1,0
0.0999,,,,,,,,,
0,GasterBlaster,3,323.5,308.5,323.5,308.5,30,0.1,0
0,GasterBlaster,3,323.5,308.5,323.5,308.5,80,0.1,0
0,GasterBlaster,3,323.5,308.5,323.5,308.5,120,0.1,0
0,GasterBlaster,3,323.5,308.5,323.5,308.5,165,0.1,0
0,GasterBlaster,3,323.5,308.5,323.5,308.5,210,0.1,0
0,GasterBlaster,3,323.5,308.5,323.5,308.5,255,0.1,0
0,GasterBlaster,3,323.5,308.5,323.5,308.5,300,0.1,0
0,GasterBlaster,3,323.5,308.5,323.5,308.5,345,0.1,0
0,GasterBlaster,3,323.5,308.5,323.5,308.5,390,0.1,0
0.0999,,,,,,,,,
0,GasterBlaster,3,323.5,308.5,323.5,308.5,35,0.1,0
0,GasterBlaster,3,323.5,308.5,323.5,308.5,85,0.1,0
0,GasterBlaster,3,323.5,308.5,323.5,308.5,125,0.1,0
0,GasterBlaster,3,323.5,308.5,323.5,308.5,170,0.1,0
0,GasterBlaster,3,323.5,308.5,323.5,308.5,215,0.1,0
0,GasterBlaster,3,323.5,308.5,323.5,308.5,260,0.1,0
0,GasterBlaster,3,323.5,308.5,323.5,308.5,305,0.1,0
0,GasterBlaster,3,323.5,308.5,323.5,308.5,350,0.1,0
0,GasterBlaster,3,323.5,308.5,323.5,308.5,395,0.1,0
0.14,,,,,,,,,
0,GasterBlaster,3,323.5,308.5,323.5,308.5,40,0.1,0
0,GasterBlaster,3,323.5,308.5,323.5,308.5,90,0.1,0
0,GasterBlaster,3,323.5,308.5,323.5,308.5,130,0.1,0
0,GasterBlaster,3,323.5,308.5,323.5,308.5,175,0.1,0
0,GasterBlaster,3,323.5,308.5,323.5,308.5,220,0.1,0
0,GasterBlaster,3,323.5,308.5,323.5,308.5,265,0.1,0
0,GasterBlaster,3,323.5,308.5,323.5,308.5,310,0.1,0
0,GasterBlaster,3,323.5,308.5,323.5,308.5,355,0.1,0
0,GasterBlaster,3,323.5,308.5,323.5,308.5,400,0.1,0
0.0999,,,,,,,,,
0,GasterBlaster,3,323.5,308.5,323.5,308.5,45,0.1,0
0,GasterBlaster,3,323.5,308.5,323.5,308.5,95,0.1,0
0,GasterBlaster,3,323.5,308.5,323.5,308.5,135,0.1,0
0,GasterBlaster,3,323.5,308.5,323.5,308.5,180,0.1,0
0,GasterBlaster,3,323.5,308.5,323.5,308.5,225,0.1,0
0,GasterBlaster,3,323.5,308.5,323.5,308.5,270,0.1,0
0,GasterBlaster,3,323.5,308.5,323.5,308.5,315,0.1,0
0,GasterBlaster,3,323.5,308.5,323.5,308.5,360,0.1,0
0,GasterBlaster,3,323.5,308.5,323.5,308.5,405,0.1,0
0.0999,,,,,,,,,
0,GasterBlaster,3,323.5,308.5,323.5,308.5,50,0.1,0
0,GasterBlaster,3,323.5,308.5,323.5,308.5,100,0.1,0
0,GasterBlaster,3,323.5,308.5,323.5,308.5,140,0.1,0
0,GasterBlaster,3,323.5,308.5,323.5,308.5,185,0.1,0
0,GasterBlaster,3,323.5,308.5,323.5,308.5,230,0.1,0
0,GasterBlaster,3,323.5,308.5,323.5,308.5,275,0.1,0
0,GasterBlaster,3,323.5,308.5,323.5,308.5,320,0.1,0
0,GasterBlaster,3,323.5,308.5,323.5,308.5,365,0.1,0
0,GasterBlaster,3,323.5,308.5,323.5,308.5,410,0.1,0
0.0999,,,,,,,,,
0,GasterBlaster,3,323.5,308.5,323.5,308.5,55,0.1,0
0,GasterBlaster,3,323.5,308.5,323.5,308.5,105,0.1,0
0,GasterBlaster,3,323.5,308.5,323.5,308.5,145,0.1,0
0,GasterBlaster,3,323.5,308.5,323.5,308.5,190,0.1,0
0,GasterBlaster,3,323.5,308.5,323.5,308.5,235,0.1,0
0,GasterBlaster,3,323.5,308.5,323.5,308.5,280,0.1,0
0,GasterBlaster,3,323.5,308.5,323.5,308.5,325,0.1,0
0,GasterBlaster,3,323.5,308.5,323.5,308.5,370,0.1,0
0,GasterBlaster,3,323.5,308.5,323.5,308.5,415,0.1,0
0.0999,,,,,,,,,
0,GasterBlaster,3,323.5,308.5,323.5,308.5,60,0.1,0
0,GasterBlaster,3,323.5,308.5,323.5,308.5,110,0.1,0
0,GasterBlaster,3,323.5,308.5,323.5,308.5,150,0.1,0
0,GasterBlaster,3,323.5,308.5,323.5,308.5,195,0.1,0
0,GasterBlaster,3,323.5,308.5,323.5,308.5,240,0.1,0
0,GasterBlaster,3,323.5,308.5,323.5,308.5,285,0.1,0
0,GasterBlaster,3,323.5,308.5,323.5,308.5,330,0.1,0
0,GasterBlaster,3,323.5,308.5,323.5,308.5,375,0.1,0
0,GasterBlaster,3,323.5,308.5,323.5,308.5,420,0.1,0
0.0999,,,,,,,,,
0,GasterBlaster,3,323.5,308.5,323.5,308.5,65,0.1,0
0,GasterBlaster,3,323.5,308.5,323.5,308.5,115,0.1,0
0,GasterBlaster,3,323.5,308.5,323.5,308.5,155,0.1,0
0,GasterBlaster,3,323.5,308.5,323.5,308.5,200,0.1,0
0,GasterBlaster,3,323.5,308.5,323.5,308.5,245,0.1,0
0,GasterBlaster,3,323.5,308.5,323.5,308.5,290,0.1,0
0,GasterBlaster,3,323.5,308.5,323.5,308.5,335,0.1,0
0,GasterBlaster,3,323.5,308.5,323.5,308.5,380,0.1,0
0,GasterBlaster,3,323.5,308.5,323.5,308.5,425,0.1,0
0.0999,,,,,,,,,
0,GasterBlaster,3,323.5,308.5,323.5,308.5,70,0.1,0
0,GasterBlaster,3,323.5,308.5,323.5,308.5,120,0.1,0
0,GasterBlaster,3,323.5,308.5,323.5,308.5,160,0.1,0
0,GasterBlaster,3,323.5,308.5,323.5,308.5,205,0.1,0
0,GasterBlaster,3,323.5,308.5,323.5,308.5,250,0.1,0
0,GasterBlaster,3,323.5,308.5,323.5,308.5,295,0.1,0
0,GasterBlaster,3,323.5,308.5,323.5,308.5,340,0.1,0
0,GasterBlaster,3,323.5,308.5,323.5,308.5,385,0.1,0
0,GasterBlaster,3,323.5,308.5,323.5,308.5,430,0.1,0
0.0999,,,,,,,,,
0,GasterBlaster,3,323.5,308.5,323.5,308.5,75,0.1,0
0,GasterBlaster,3,323.5,308.5,323.5,308.5,125,0.1,0
0,GasterBlaster,3,323.5,308.5,323.5,308.5,165,0.1,0
0,GasterBlaster,3,323.5,308.5,323.5,308.5,210,0.1,0
0,GasterBlaster,3,323.5,308.5,323.5,308.5,255,0.1,0
0,GasterBlaster,3,323.5,308.5,323.5,308.5,300,0.1,0
0,GasterBlaster,3,323.5,308.5,323.5,308.5,345,0.1,0
0,GasterBlaster,3,323.5,308.5,323.5,308.5,390,0.1,0
0,GasterBlaster,3,323.5,308.5,323.5,308.5,435,0.1,0
0.0999,,,,,,,,,
0,GasterBlaster,3,323.5,308.5,323.5,308.5,80,0.1,0
0,GasterBlaster,3,323.5,308.5,323.5,308.5,130,0.1,0
0,GasterBlaster,3,323.5,308.5,323.5,308.5,170,0.1,0
0,GasterBlaster,3,323.5,308.5,323.5,308.5,215,0.1,0
0,GasterBlaster,3,323.5,308.5,323.5,308.5,260,0.1,0
0,GasterBlaster,3,323.5,308.5,323.5,308.5,305,0.1,0
0,GasterBlaster,3,323.5,308.5,323.5,308.5,350,0.1,0
0,GasterBlaster,3,323.5,308.5,323.5,308.5,395,0.1,0
0,GasterBlaster,3,323.5,308.5,323.5,308.5,440,0.1,0
0.0999,,,,,,,,,
0,GasterBlaster,3,323.5,308.5,323.5,308.5,85,0.1,0
0,GasterBlaster,3,323.5,308.5,323.5,308.5,135,0.1,0
0,GasterBlaster,3,323.5,308.5,323.5,308.5,175,0.1,0
0,GasterBlaster,3,323.5,308.5,323.5,308.5,220,0.1,0
0,GasterBlaster,3,323.5,308.5,323.5,308.5,265,0.1,0
0,GasterBlaster,3,323.5,308.5,323.5,308.5,310,0.1,0
0,GasterBlaster,3,323.5,308.5,323.5,308.5,355,0.1,0
0,GasterBlaster,3,323.5,308.5,323.5,308.5,400,0.1,0
0,GasterBlaster,3,323.5,308.5,323.5,308.5,445,0.1,0
0.0999,,,,,,,,,
0,GasterBlaster,3,323.5,308.5,323.5,308.5,90,0.1,0
0,GasterBlaster,3,323.5,308.5,323.5,308.5,140,0.1,0
0,GasterBlaster,3,323.5,308.5,323.5,308.5,180,0.1,0
0,GasterBlaster,3,323.5,308.5,323.5,308.5,225,0.1,0
0,GasterBlaster,3,323.5,308.5,323.5,308.5,270,0.1,0
0,GasterBlaster,3,323.5,308.5,323.5,308.5,315,0.1,0
0,GasterBlaster,3,323.5,308.5,323.5,308.5,360,0.1,0
0,GasterBlaster,3,323.5,308.5,323.5,308.5,405,0.1,0
0,GasterBlaster,3,323.5,308.5,323.5,308.5,450,0.1,0
0.0999,,,,,,,,,
0,GasterBlaster,3,323.5,308.5,323.5,308.5,0,0.1,0
0,GasterBlaster,3,323.5,308.5,323.5,308.5,45,0.1,0
0,GasterBlaster,3,323.5,308.5,323.5,308.5,90,0.1,0
0,GasterBlaster,3,323.5,308.5,323.5,308.5,135,0.1,0
0,GasterBlaster,3,323.5,308.5,323.5,308.5,180,0.1,0
0,GasterBlaster,3,323.5,308.5,323.5,308.5,225,0.1,0
0,GasterBlaster,3,323.5,308.5,323.5,308.5,270,0.1,0
0,GasterBlaster,3,323.5,308.5,323.5,308.5,315,0.1,0
0,GasterBlaster,3,323.5,308.5,323.5,308.5,360,0.1,0
0.0999,,,,,,,,,
0,GasterBlaster,3,323.5,308.5,323.5,308.5,5,0.1,0
0,GasterBlaster,3,323.5,308.5,323.5,308.5,55,0.1,0
0,GasterBlaster,3,323.5,308.5,323.5,308.5,95,0.1,0
0,GasterBlaster,3,323.5,308.5,323.5,308.5,140,0.1,0
0,GasterBlaster,3,323.5,308.5,323.5,308.5,185,0.1,0
0,GasterBlaster,3,323.5,308.5,323.5,308.5,230,0.1,0
0,GasterBlaster,3,323.5,308.5,323.5,308.5,275,0.1,0
0,GasterBlaster,3,323.5,308.5,323.5,308.5,320,0.1,0
0,GasterBlaster,3,323.5,308.5,323.5,308.5,365,0.1,0
0.0999,,,,,,,,,
0,GasterBlaster,3,323.5,308.5,323.5,308.5,10,0.1,0
0,GasterBlaster,3,323.5,308.5,323.5,308.5,60,0.1,0
0,GasterBlaster,3,323.5,308.5,323.5,308.5,100,0.1,0
0,GasterBlaster,3,323.5,308.5,323.5,308.5,145,0.1,0
0,GasterBlaster,3,323.5,308.5,323.5,308.5,190,0.1,0
0,GasterBlaster,3,323.5,308.5,323.5,308.5,235,0.1,0
0,GasterBlaster,3,323.5,308.5,323.5,308.5,280,0.1,0
0,GasterBlaster,3,323.5,308.5,323.5,308.5,325,0.1,0
0,GasterBlaster,3,323.5,308.5,323.5,308.5,370,0.1,0
0.0999,,,,,,,,,
0,GasterBlaster,3,323.5,308.5,323.5,308.5,15,0.1,0
0,GasterBlaster,3,323.5,308.5,323.5,308.5,65,0.1,0
0,GasterBlaster,3,323.5,308.5,323.5,308.5,105,0.1,0
0,GasterBlaster,3,323.5,308.5,323.5,308.5,150,0.1,0
0,GasterBlaster,3,323.5,308.5,323.5,308.5,195,0.1,0
0,GasterBlaster,3,323.5,308.5,323.5,308.5,240,0.1,0
0,GasterBlaster,3,323.5,308.5,323.5,308.5,285,0.1,0
0,GasterBlaster,3,323.5,308.5,323.5,308.5,330,0.1,0
0,GasterBlaster,3,323.5,308.5,323.5,308.5,375,0.1,0
0.0999,,,,,,,,,
0,GasterBlaster,3,323.5,308.5,323.5,308.5,20,0.1,0
0,GasterBlaster,3,323.5,308.5,323.5,308.5,70,0.1,0
0,GasterBlaster,3,323.5,308.5,323.5,308.5,110,0.1,0
0,GasterBlaster,3,323.5,308.5,323.5,308.5,155,0.1,0
0,GasterBlaster,3,323.5,308.5,323.5,308.5,200,0.1,0
0,GasterBlaster,3,323.5,308.5,323.5,308.5,245,0.1,0
0,GasterBlaster,3,323.5,308.5,323.5,308.5,290,0.1,0
0,GasterBlaster,3,323.5,308.5,323.5,308.5,335,0.1,0
0,GasterBlaster,3,323.5,308.5,323.5,308.5,380,0.1,0
0.0999,,,,,,,,,
0,GasterBlaster,3,323.5,308.5,323.5,308.5,25,0.1,0
0,GasterBlaster,3,323.5,308.5,323.5,308.5,75,0.1,0
0,GasterBlaster,3,323.5,308.5,323.5,308.5,115,0.1,0
0,GasterBlaster,3,323.5,308.5,323.5,308.5,160,0.1,0
0,GasterBlaster,3,323.5,308.5,323.5,308.5,205,0.1,0
0,GasterBlaster,3,323.5,308.5,323.5,308.5,250,0.1,0
0,GasterBlaster,3,323.5,308.5,323.5,308.5,295,0.1,0
0,GasterBlaster,3,323.5,308.5,323.5,308.5,340,0.1,0
0,GasterBlaster,3,323.5,308.5,323.5,308.5,385,0.1,0
0.0999,,,,,,,,,
0,GasterBlaster,3,323.5,308.5,323.5,308.5,30,0.1,0
0,GasterBlaster,3,323.5,308.5,323.5,308.5,80,0.1,0
0,GasterBlaster,3,323.5,308.5,323.5,308.5,120,0.1,0
0,GasterBlaster,3,323.5,308.5,323.5,308.5,165,0.1,0
0,GasterBlaster,3,323.5,308.5,323.5,308.5,210,0.1,0
0,GasterBlaster,3,323.5,308.5,323.5,308.5,255,0.1,0
0,GasterBlaster,3,323.5,308.5,323.5,308.5,300,0.1,0
0,GasterBlaster,3,323.5,308.5,323.5,308.5,345,0.1,0
0,GasterBlaster,3,323.5,308.5,323.5,308.5,390,0.1,0
0.0999,,,,,,,,,
0,GasterBlaster,3,323.5,308.5,323.5,308.5,35,0.1,0
0,GasterBlaster,3,323.5,308.5,323.5,308.5,85,0.1,0
0,GasterBlaster,3,323.5,308.5,323.5,308.5,125,0.1,0
0,GasterBlaster,3,323.5,308.5,323.5,308.5,170,0.1,0
0,GasterBlaster,3,323.5,308.5,323.5,308.5,215,0.1,0
0,GasterBlaster,3,323.5,308.5,323.5,308.5,260,0.1,0
0,GasterBlaster,3,323.5,308.5,323.5,308.5,305,0.1,0
0,GasterBlaster,3,323.5,308.5,323.5,308.5,350,0.1,0
0,GasterBlaster,3,323.5,308.5,323.5,308.5,395,0.1,0
0.0999,,,,,,,,,
0,GasterBlaster,3,323.5,308.5,323.5,308.5,40,0.1,0
0,GasterBlaster,3,323.5,308.5,323.5,308.5,90,0.1,0
0,GasterBlaster,3,323.5,308.5,323.5,308.5,130,0.1,0
0,GasterBlaster,3,323.5,308.5,323.5,308.5,175,0.1,0
0,GasterBlaster,3,323.5,308.5,323.5,308.5,220,0.1,0
0,GasterBlaster,3,323.5,308.5,323.5,308.5,265,0.1,0
0,GasterBlaster,3,323.5,308.5,323.5,308.5,310,0.1,0
0,GasterBlaster,3,323.5,308.5,323.5,308.5,355,0.1,0
0,GasterBlaster,3,323.5,308.5,323.5,308.5,400,0.1,0
0.0999,,,,,,,,,
0,GasterBlaster,3,323.5,308.5,323.5,308.5,45,0.1,0
0,GasterBlaster,3,323.5,308.5,323.5,308.5,95,0.1,0
0,GasterBlaster,3,323.5,308.5,323.5,308.5,135,0.1,0
0,GasterBlaster,3,323.5,308.5,323.5,308.5,180,0.1,0
0,GasterBlaster,3,323.5,308.5,323.5,308.5,225,0.1,0
0,GasterBlaster,3,323.5,308.5,323.5,308.5,270,0.1,0
0,GasterBlaster,3,323.5,308.5,323.5,308.5,315,0.1,0
0,GasterBlaster,3,323.5,308.5,323.5,308.5,360,0.1,0
0,GasterBlaster,3,323.5,308.5,323.5,308.5,405,0.1,0
0.0999,,,,,,,,,
0,GasterBlaster,3,323.5,308.5,323.5,308.5,50,0.1,0
0,GasterBlaster,3,323.5,308.5,323.5,308.5,100,0.1,0
0,GasterBlaster,3,323.5,308.5,323.5,308.5,140,0.1,0
0,GasterBlaster,3,323.5,308.5,323.5,308.5,185,0.1,0
0,GasterBlaster,3,323.5,308.5,323.5,308.5,230,0.1,0
0,GasterBlaster,3,323.5,308.5,323.5,308.5,275,0.1,0
0,GasterBlaster,3,323.5,308.5,323.5,308.5,320,0.1,0
0,GasterBlaster,3,323.5,308.5,323.5,308.5,365,0.1,0
0,GasterBlaster,3,323.5,308.5,323.5,308.5,410,0.1,0
0.0999,,,,,,,,,
0,GasterBlaster,3,323.5,308.5,323.5,308.5,55,0.1,0
0,GasterBlaster,3,323.5,308.5,323.5,308.5,105,0.1,0
0,GasterBlaster,3,323.5,308.5,323.5,308.5,145,0.1,0
0,GasterBlaster,3,323.5,308.5,323.5,308.5,190,0.1,0
0,GasterBlaster,3,323.5,308.5,323.5,308.5,235,0.1,0
0,GasterBlaster,3,323.5,308.5,323.5,308.5,280,0.1,0
0,GasterBlaster,3,323.5,308.5,323.5,308.5,325,0.1,0
0,GasterBlaster,3,323.5,308.5,323.5,308.5,370,0.1,0
0,GasterBlaster,3,323.5,308.5,323.5,308.5,415,0.1,0
0.0999,,,,,,,,,
0,GasterBlaster,3,323.5,308.5,323.5,308.5,60,0.1,0
0,GasterBlaster,3,323.5,308.5,323.5,308.5,110,0.1,0
0,GasterBlaster,3,323.5,308.5,323.5,308.5,150,0.1,0
0,GasterBlaster,3,323.5,308.5,323.5,308.5,195,0.1,0
0,GasterBlaster,3,323.5,308.5,323.5,308.5,240,0.1,0
0,GasterBlaster,3,323.5,308.5,323.5,308.5,285,0.1,0
0,GasterBlaster,3,323.5,308.5,323.5,308.5,330,0.1,0
0,GasterBlaster,3,323.5,308.5,323.5,308.5,375,0.1,0
0,GasterBlaster,3,323.5,308.5,323.5,308.5,420,0.1,0
0.0999,,,,,,,,,
0,GasterBlaster,3,323.5,308.5,323.5,308.5,65,0.1,0
0,GasterBlaster,3,323.5,308.5,323.5,308.5,115,0.1,0
0,GasterBlaster,3,323.5,308.5,323.5,308.5,155,0.1,0
0,GasterBlaster,3,323.5,308.5,323.5,308.5,200,0.1,0
0,GasterBlaster,3,323.5,308.5,323.5,308.5,245,0.1,0
0,GasterBlaster,3,323.5,308.5,323.5,308.5,290,0.1,0
0,GasterBlaster,3,323.5,308.5,323.5,308.5,335,0.1,0
0,GasterBlaster,3,323.5,308.5,323.5,308.5,380,0.1,0
0,GasterBlaster,3,323.5,308.5,323.5,308.5,425,0.1,0
0.0999,,,,,,,,,
0,GasterBlaster,3,323.5,308.5,323.5,308.5,70,0.1,0
0,GasterBlaster,3,323.5,308.5,323.5,308.5,120,0.1,0
0,GasterBlaster,3,323.5,308.5,323.5,308.5,160,0.1,0
0,GasterBlaster,3,323.5,308.5,323.5,308.5,205,0.1,0
0,GasterBlaster,3,323.5,308.5,323.5,308.5,250,0.1,0
0,GasterBlaster,3,323.5,308.5,323.5,308.5,295,0.1,0
0,GasterBlaster,3,323.5,308.5,323.5,308.5,340,0.1,0
0,GasterBlaster,3,323.5,308.5,323.5,308.5,385,0.1,0
0,GasterBlaster,3,323.5,308.5,323.5,308.5,430,0.1,0
0.0999,,,,,,,,,
0,GasterBlaster,3,323.5,308.5,323.5,308.5,75,0.1,0
0,GasterBlaster,3,323.5,308.5,323.5,308.5,125,0.1,0
0,GasterBlaster,3,323.5,308.5,323.5,308.5,165,0.1,0
0,GasterBlaster,3,323.5,308.5,323.5,308.5,210,0.1,0
0,GasterBlaster,3,323.5,308.5,323.5,308.5,255,0.1,0
0,GasterBlaster,3,323.5,308.5,323.5,308.5,300,0.1,0
0,GasterBlaster,3,323.5,308.5,323.5,308.5,345,0.1,0
0,GasterBlaster,3,323.5,308.5,323.5,308.5,390,0.1,0
0,GasterBlaster,3,323.5,308.5,323.5,308.5,435,0.1,0
0.0999,,,,,,,,,
0,GasterBlaster,3,323.5,308.5,323.5,308.5,80,0.1,0
0,GasterBlaster,3,323.5,308.5,323.5,308.5,130,0.1,0
0,GasterBlaster,3,323.5,308.5,323.5,308.5,170,0.1,0
0,GasterBlaster,3,323.5,308.5,323.5,308.5,215,0.1,0
0,GasterBlaster,3,323.5,308.5,323.5,308.5,260,0.1,0
0,GasterBlaster,3,323.5,308.5,323.5,308.5,305,0.1,0
0,GasterBlaster,3,323.5,308.5,323.5,308.5,350,0.1,0
0,GasterBlaster,3,323.5,308.5,323.5,308.5,395,0.1,0
0,GasterBlaster,3,323.5,308.5,323.5,308.5,440,0.1,0
0.0999,,,,,,,,,
0,GasterBlaster,3,323.5,308.5,323.5,308.5,85,0.1,0
0,GasterBlaster,3,323.5,308.5,323.5,308.5,135,0.1,0
0,GasterBlaster,3,323.5,308.5,323.5,308.5,175,0.1,0
0,GasterBlaster,3,323.5,308.5,323.5,308.5,220,0.1,0
0,GasterBlaster,3,323.5,308.5,323.5,308.5,265,0.1,0
0,GasterBlaster,3,323.5,308.5,323.5,308.5,310,0.1,0
0,GasterBlaster,3,323.5,308.5,323.5,308.5,355,0.1,0
0,GasterBlaster,3,323.5,308.5,323.5,308.5,400,0.1,0
0,GasterBlaster,3,323.5,308.5,323.5,308.5,445,0.1,0
0.0999,,,,,,,,,
0,GasterBlaster,3,323.5,308.5,323.5,308.5,90,0.1,0
0,GasterBlaster,3,323.5,308.5,323.5,308.5,140,0.1,0
0,GasterBlaster,3,323.5,308.5,323.5,308.5,180,0.1,0
0,GasterBlaster,3,323.5,308.5,323.5,308.5,225,0.1,0
0,GasterBlaster,3,323.5,308.5,323.5,308.5,270,0.1,0
0,GasterBlaster,3,323.5,308.5,323.5,308.5,315,0.1,0
0,GasterBlaster,3,323.5,308.5,323.5,308.5,360,0.1,0
0,GasterBlaster,3,323.5,308.5,323.5,308.5,405,0.1,0
0,GasterBlaster,3,323.5,308.5,323.5,308.5,450,0.1,0
0.0999,,,,,,,,,
0,GasterBlaster,3,323.5,308.5,323.5,308.5,0,0.1,0
0,GasterBlaster,3,323.5,308.5,323.5,308.5,45,0.1,0
0,GasterBlaster,3,323.5,308.5,323.5,308.5,90,0.1,0
0,GasterBlaster,3,323.5,308.5,323.5,308.5,135,0.1,0
0,GasterBlaster,3,323.5,308.5,323.5,308.5,180,0.1,0
0,GasterBlaster,3,323.5,308.5,323.5,308.5,225,0.1,0
0,GasterBlaster,3,323.5,308.5,323.5,308.5,270,0.1,0
0,GasterBlaster,3,323.5,308.5,323.5,308.5,315,0.1,0
0,GasterBlaster,3,323.5,308.5,323.5,308.5,360,0.1,0
0.0999,,,,,,,,,
0,GasterBlaster,3,323.5,308.5,323.5,308.5,5,0.1,0
0,GasterBlaster,3,323.5,308.5,323.5,308.5,55,0.1,0
0,GasterBlaster,3,323.5,308.5,323.5,308.5,95,0.1,0
0,GasterBlaster,3,323.5,308.5,323.5,308.5,140,0.1,0
0,GasterBlaster,3,323.5,308.5,323.5,308.5,185,0.1,0
0,GasterBlaster,3,323.5,308.5,323.5,308.5,230,0.1,0
0,GasterBlaster,3,323.5,308.5,323.5,308.5,275,0.1,0
0,GasterBlaster,3,323.5,308.5,323.5,308.5,320,0.1,0
0,GasterBlaster,3,323.5,308.5,323.5,308.5,365,0.1,0
0.0999,,,,,,,,,
0,GasterBlaster,3,323.5,308.5,323.5,308.5,10,0.1,0
0,GasterBlaster,3,323.5,308.5,323.5,308.5,60,0.1,0
0,GasterBlaster,3,323.5,308.5,323.5,308.5,100,0.1,0
0,GasterBlaster,3,323.5,308.5,323.5,308.5,145,0.1,0
0,GasterBlaster,3,323.5,308.5,323.5,308.5,190,0.1,0
0,GasterBlaster,3,323.5,308.5,323.5,308.5,235,0.1,0
0,GasterBlaster,3,323.5,308.5,323.5,308.5,280,0.1,0
0,GasterBlaster,3,323.5,308.5,323.5,308.5,325,0.1,0
0,GasterBlaster,3,323.5,308.5,323.5,308.5,370,0.1,0
0.0999,,,,,,,,,
0,GasterBlaster,3,323.5,308.5,323.5,308.5,15,0.1,0
0,GasterBlaster,3,323.5,308.5,323.5,308.5,65,0.1,0
0,GasterBlaster,3,323.5,308.5,323.5,308.5,105,0.1,0
0,GasterBlaster,3,323.5,308.5,323.5,308.5,150,0.1,0
0,GasterBlaster,3,323.5,308.5,323.5,308.5,195,0.1,0
0,GasterBlaster,3,323.5,308.5,323.5,308.5,240,0.1,0
0,GasterBlaster,3,323.5,308.5,323.5,308.5,285,0.1,0
0,GasterBlaster,3,323.5,308.5,323.5,308.5,330,0.1,0
0,GasterBlaster,3,323.5,308.5,323.5,308.5,375,0.1,0
0.0999,,,,,,,,,
0,GasterBlaster,3,323.5,308.5,323.5,308.5,20,0.1,0
0,GasterBlaster,3,323.5,308.5,323.5,308.5,70,0.1,0
0,GasterBlaster,3,323.5,308.5,323.5,308.5,110,0.1,0
0,GasterBlaster,3,323.5,308.5,323.5,308.5,155,0.1,0
0,GasterBlaster,3,323.5,308.5,323.5,308.5,200,0.1,0
0,GasterBlaster,3,323.5,308.5,323.5,308.5,245,0.1,0
0,GasterBlaster,3,323.5,308.5,323.5,308.5,290,0.1,0
0,GasterBlaster,3,323.5,308.5,323.5,308.5,335,0.1,0
0,GasterBlaster,3,323.5,308.5,323.5,308.5,380,0.1,0
0.0999,,,,,,,,,
0,GasterBlaster,3,323.5,308.5,323.5,308.5,25,0.1,0
0,GasterBlaster,3,323.5,308.5,323.5,308.5,75,0.1,0
0,GasterBlaster,3,323.5,308.5,323.5,308.5,115,0.1,0
0,GasterBlaster,3,323.5,308.5,323.5,308.5,160,0.1,0
0,GasterBlaster,3,323.5,308.5,323.5,308.5,205,0.1,0
0,GasterBlaster,3,323.5,308.5,323.5,308.5,250,0.1,0
0,GasterBlaster,3,323.5,308.5,323.5,308.5,295,0.1,0
0,GasterBlaster,3,323.5,308.5,323.5,308.5,340,0.1,0
0,GasterBlaster,3,323.5,308.5,323.5,308.5,385,0.1,0
0.0999,,,,,,,,,
0,GasterBlaster,3,323.5,308.5,323.5,308.5,30,0.1,0
0,GasterBlaster,3,323.5,308.5,323.5,308.5,80,0.1,0
0,GasterBlaster,3,323.5,308.5,323.5,308.5,120,0.1,0
0,GasterBlaster,3,323.5,308.5,323.5,308.5,165,0.1,0
0,GasterBlaster,3,323.5,308.5,323.5,308.5,210,0.1,0
0,GasterBlaster,3,323.5,308.5,323.5,308.5,255,0.1,0
0,GasterBlaster,3,323.5,308.5,323.5,308.5,300,0.1,0
0,GasterBlaster,3,323.5,308.5,323.5,308.5,345,0.1,0
0,GasterBlaster,3,323.5,308.5,323.5,308.5,390,0.1,0
0.0999,,,,,,,,,
0,GasterBlaster,3,323.5,308.5,323.5,308.5,35,0.1,0
0,GasterBlaster,3,323.5,308.5,323.5,308.5,85,0.1,0
0,GasterBlaster,3,323.5,308.5,323.5,308.5,125,0.1,0
0,GasterBlaster,3,323.5,308.5,323.5,308.5,170,0.1,0
0,GasterBlaster,3,323.5,308.5,323.5,308.5,215,0.1,0
0,GasterBlaster,3,323.5,308.5,323.5,308.5,260,0.1,0
0,GasterBlaster,3,323.5,308.5,323.5,308.5,305,0.1,0
0,GasterBlaster,3,323.5,308.5,323.5,308.5,350,0.1,0
0,GasterBlaster,3,323.5,308.5,323.5,308.5,395,0.1,0
0.0999,,,,,,,,,
0,GasterBlaster,3,323.5,308.5,323.5,308.5,40,0.1,0
0,GasterBlaster,3,323.5,308.5,323.5,308.5,90,0.1,0
0,GasterBlaster,3,323.5,308.5,323.5,308.5,130,0.1,0
0,GasterBlaster,3,323.5,308.5,323.5,308.5,175,0.1,0
0,GasterBlaster,3,323.5,308.5,323.5,308.5,220,0.1,0
0,GasterBlaster,3,323.5,308.5,323.5,308.5,265,0.1,0
0,GasterBlaster,3,323.5,308.5,323.5,308.5,310,0.1,0
0,GasterBlaster,3,323.5,308.5,323.5,308.5,355,0.1,0
0,GasterBlaster,3,323.5,308.5,323.5,308.5,400,0.1,0
0.0999,,,,,,,,,
0,GasterBlaster,3,323.5,308.5,323.5,308.5,45,0.1,0
0,GasterBlaster,3,323.5,308.5,323.5,308.5,95,0.1,0
0,GasterBlaster,3,323.5,308.5,323.5,308.5,135,0.1,0
0,GasterBlaster,3,323.5,308.5,323.5,308.5,180,0.1,0
0,GasterBlaster,3,323.5,308.5,323.5,308.5,225,0.1,0
0,GasterBlaster,3,323.5,308.5,323.5,308.5,270,0.1,0
0,GasterBlaster,3,323.5,308.5,323.5,308.5,315,0.1,0
0,GasterBlaster,3,323.5,308.5,323.5,308.5,360,0.1,0
0,GasterBlaster,3,323.5,308.5,323.5,308.5,405,0.1,0
0.0999,,,,,,,,,
0,GasterBlaster,3,323.5,308.5,323.5,308.5,50,0.1,0
0,GasterBlaster,3,323.5,308.5,323.5,308.5,100,0.1,0
0,GasterBlaster,3,323.5,308.5,323.5,308.5,140,0.1,0
0,GasterBlaster,3,323.5,308.5,323.5,308.5,185,0.1,0
0,GasterBlaster,3,323.5,308.5,323.5,308.5,230,0.1,0
0,GasterBlaster,3,323.5,308.5,323.5,308.5,275,0.1,0
0,GasterBlaster,3,323.5,308.5,323.5,308.5,320,0.1,0
0,GasterBlaster,3,323.5,308.5,323.5,308.5,365,0.1,0
0,GasterBlaster,3,323.5,308.5,323.5,308.5,410,0.1,0
0.0999,,,,,,,,,
0,GasterBlaster,3,323.5,308.5,323.5,308.5,55,0.1,0
0,GasterBlaster,3,323.5,308.5,323.5,308.5,105,0.1,0
0,GasterBlaster,3,323.5,308.5,323.5,308.5,145,0.1,0
0,GasterBlaster,3,323.5,308.5,323.5,308.5,190,0.1,0
0,GasterBlaster,3,323.5,308.5,323.5,308.5,235,0.1,0
0,GasterBlaster,3,323.5,308.5,323.5,308.5,280,0.1,0
0,GasterBlaster,3,323.5,308.5,323.5,308.5,325,0.1,0
0,GasterBlaster,3,323.5,308.5,323.5,308.5,370,0.1,0
0,GasterBlaster,3,323.5,308.5,323.5,308.5,415,0.1,0
0.0999,,,,,,,,,
0,GasterBlaster,3,323.5,308.5,323.5,308.5,60,0.1,0
0,GasterBlaster,3,323.5,308.5,323.5,308.5,110,0.1,0
0,GasterBlaster,3,323.5,308.5,323.5,308.5,150,0.1,0
0,GasterBlaster,3,323.5,308.5,323.5,308.5,195,0.1,0
0,GasterBlaster,3,323.5,308.5,323.5,308.5,240,0.1,0
0,GasterBlaster,3,323.5,308.5,323.5,308.5,285,0.1,0
0,GasterBlaster,3,323.5,308.5,323.5,308.5,330,0.1,0
0,GasterBlaster,3,323.5,308.5,323.5,308.5,375,0.1,0
0,GasterBlaster,3,323.5,308.5,323.5,308.5,420,0.1,0
0.0999,,,,,,,,,
0,GasterBlaster,3,323.5,308.5,323.5,308.5,65,0.1,0
0,GasterBlaster,3,323.5,308.5,323.5,308.5,115,0.1,0
0,GasterBlaster,3,323.5,308.5,323.5,308.5,155,0.1,0
0,GasterBlaster,3,323.5,308.5,323.5,308.5,200,0.1,0
0,GasterBlaster,3,323.5,308.5,323.5,308.5,245,0.1,0
0,GasterBlaster,3,323.5,308.5,323.5,308.5,290,0.1,0
0,GasterBlaster,3,323.5,308.5,323.5,308.5,335,0.1,0
0,GasterBlaster,3,323.5,308.5,323.5,308.5,380,0.1,0
0,GasterBlaster,3,323.5,308.5,323.5,308.5,425,0.1,0
0.0999,,,,,,,,,
0,GasterBlaster,3,323.5,308.5,323.5,308.5,70,0.1,0
0,GasterBlaster,3,323.5,308.5,323.5,308.5,120,0.1,0
0,GasterBlaster,3,323.5,308.5,323.5,308.5,160,0.1,0
0,GasterBlaster,3,323.5,308.5,323.5,308.5,205,0.1,0
0,GasterBlaster,3,323.5,308.5,323.5,308.5,250,0.1,0
0,GasterBlaster,3,323.5,308.5,323.5,308.5,295,0.1,0
0,GasterBlaster,3,323.5,308.5,323.5,308.5,340,0.1,0
0,GasterBlaster,3,323.5,308.5,323.5,308.5,385,0.1,0
0,GasterBlaster,3,323.5,308.5,323.5,308.5,430,0.1,0
0.0999,,,,,,,,,
0,GasterBlaster,3,323.5,308.5,323.5,308.5,75,0.1,0
0,GasterBlaster,3,323.5,308.5,323.5,308.5,125,0.1,0
0,GasterBlaster,3,323.5,308.5,323.5,308.5,165,0.1,0
0,GasterBlaster,3,323.5,308.5,323.5,308.5,210,0.1,0
0,GasterBlaster,3,323.5,308.5,323.5,308.5,255,0.1,0
0,GasterBlaster,3,323.5,308.5,323.5,308.5,300,0.1,0
0,GasterBlaster,3,323.5,308.5,323.5,308.5,345,0.1,0
0,GasterBlaster,3,323.5,308.5,323.5,308.5,390,0.1,0
0,GasterBlaster,3,323.5,308.5,323.5,308.5,435,0.1,0
0.0999,,,,,,,,,
0,GasterBlaster,3,323.5,308.5,323.5,308.5,80,0.1,0
0,GasterBlaster,3,323.5,308.5,323.5,308.5,130,0.1,0
0,GasterBlaster,3,323.5,308.5,323.5,308.5,170,0.1,0
0,GasterBlaster,3,323.5,308.5,323.5,308.5,215,0.1,0
0,GasterBlaster,3,323.5,308.5,323.5,308.5,260,0.1,0
0,GasterBlaster,3,323.5,308.5,323.5,308.5,305,0.1,0
0,GasterBlaster,3,323.5,308.5,323.5,308.5,350,0.1,0
0,GasterBlaster,3,323.5,308.5,323.5,308.5,395,0.1,0
0,GasterBlaster,3,323.5,308.5,323.5,308.5,440,0.1,0
0.0999,,,,,,,,,
0,GasterBlaster,3,323.5,308.5,323.5,308.5,85,0.1,0
0,GasterBlaster,3,323.5,308.5,323.5,308.5,135,0.1,0
0,GasterBlaster,3,323.5,308.5,323.5,308.5,175,0.1,0
0,GasterBlaster,3,323.5,308.5,323.5,308.5,220,0.1,0
0,GasterBlaster,3,323.5,308.5,323.5,308.5,265,0.1,0
0,GasterBlaster,3,323.5,308.5,323.5,308.5,310,0.1,0
0,GasterBlaster,3,323.5,308.5,323.5,308.5,355,0.1,0
0,GasterBlaster,3,323.5,308.5,323.5,308.5,400,0.1,0
0,GasterBlaster,3,323.5,308.5,323.5,308.5,445,0.1,0
0.0999,,,,,,,,,
0,GasterBlaster,3,323.5,308.5,323.5,308.5,90,0.1,0
0,GasterBlaster,3,323.5,308.5,323.5,308.5,140,0.1,0
0,GasterBlaster,3,323.5,308.5,323.5,308.5,180,0.1,0
0,GasterBlaster,3,323.5,308.5,323.5,308.5,225,0.1,0
0,GasterBlaster,3,323.5,308.5,323.5,308.5,270,0.1,0
0,GasterBlaster,3,323.5,308.5,323.5,308.5,315,0.1,0
0,GasterBlaster,3,323.5,308.5,323.5,308.5,360,0.1,0
0,GasterBlaster,3,323.5,308.5,323.5,308.5,405,0.1,0
0,GasterBlaster,3,323.5,308.5,323.5,308.5,450,0.1,0
0.0999,,,,,,,,,
0,GasterBlaster,3,323.5,308.5,323.5,308.5,0,0.1,0
0,GasterBlaster,3,323.5,308.5,323.5,308.5,45,0.1,0
0,GasterBlaster,3,323.5,308.5,323.5,308.5,90,0.1,0
0,GasterBlaster,3,323.5,308.5,323.5,308.5,135,0.1,0
0,GasterBlaster,3,323.5,308.5,323.5,308.5,180,0.1,0
0,GasterBlaster,3,323.5,308.5,323.5,308.5,225,0.1,0
0,GasterBlaster,3,323.5,308.5,323.5,308.5,270,0.1,0
0,GasterBlaster,3,323.5,308.5,323.5,308.5,315,0.1,0
0,GasterBlaster,3,323.5,308.5,323.5,308.5,360,0.1,0
0.0999,,,,,,,,,
0,GasterBlaster,3,323.5,308.5,323.5,308.5,5,0.1,0
0,GasterBlaster,3,323.5,308.5,323.5,308.5,55,0.1,0
0,GasterBlaster,3,323.5,308.5,323.5,308.5,95,0.1,0
0,GasterBlaster,3,323.5,308.5,323.5,308.5,140,0.1,0
0,GasterBlaster,3,323.5,308.5,323.5,308.5,185,0.1,0
0,GasterBlaster,3,323.5,308.5,323.5,308.5,230,0.1,0
0,GasterBlaster,3,323.5,308.5,323.5,308.5,275,0.1,0
0,GasterBlaster,3,323.5,308.5,323.5,308.5,320,0.1,0
0,GasterBlaster,3,323.5,308.5,323.5,308.5,365,0.1,0
0.0999,,,,,,,,,
0,GasterBlaster,3,323.5,308.5,323.5,308.5,10,0.1,0
0,GasterBlaster,3,323.5,308.5,323.5,308.5,60,0.1,0
0,GasterBlaster,3,323.5,308.5,323.5,308.5,100,0.1,0
0,GasterBlaster,3,323.5,308.5,323.5,308.5,145,0.1,0
0,GasterBlaster,3,323.5,308.5,323.5,308.5,190,0.1,0
0,GasterBlaster,3,323.5,308.5,323.5,308.5,235,0.1,0
0,GasterBlaster,3,323.5,308.5,323.5,308.5,280,0.1,0
0,GasterBlaster,3,323.5,308.5,323.5,308.5,325,0.1,0
0,GasterBlaster,3,323.5,308.5,323.5,308.5,370,0.1,0
0.0999,,,,,,,,,
0,GasterBlaster,3,323.5,308.5,323.5,308.5,15,0.1,0
0,GasterBlaster,3,323.5,308.5,323.5,308.5,65,0.1,0
0,GasterBlaster,3,323.5,308.5,323.5,308.5,105,0.1,0
0,GasterBlaster,3,323.5,308.5,323.5,308.5,150,0.1,0
0,GasterBlaster,3,323.5,308.5,323.5,308.5,195,0.1,0
0,GasterBlaster,3,323.5,308.5,323.5,308.5,240,0.1,0
0,GasterBlaster,3,323.5,308.5,323.5,308.5,285,0.1,0
0,GasterBlaster,3,323.5,308.5,323.5,308.5,330,0.1,0
0,GasterBlaster,3,323.5,308.5,323.5,308.5,375,0.1,0
0.0999,,,,,,,,,
0,GasterBlaster,3,323.5,308.5,323.5,308.5,20,0.1,0
0,GasterBlaster,3,323.5,308.5,323.5,308.5,70,0.1,0
0,GasterBlaster,3,323.5,308.5,323.5,308.5,110,0.1,0
0,GasterBlaster,3,323.5,308.5,323.5,308.5,155,0.1,0
0,GasterBlaster,3,323.5,308.5,323.5,308.5,200,0.1,0
0,GasterBlaster,3,323.5,308.5,323.5,308.5,245,0.1,0
0,GasterBlaster,3,323.5,308.5,323.5,308.5,290,0.1,0
0,GasterBlaster,3,323.5,308.5,323.5,308.5,335,0.1,0
0,GasterBlaster,3,323.5,308.5,323.5,308.5,380,0.1,0
0.0999,,,,,,,,,
0,GasterBlaster,3,323.5,308.5,323.5,308.5,25,0.1,0
0,GasterBlaster,3,323.5,308.5,323.5,308.5,75,0.1,0
0,GasterBlaster,3,323.5,308.5,323.5,308.5,115,0.1,0
0,GasterBlaster,3,323.5,308.5,323.5,308.5,160,0.1,0
0,GasterBlaster,3,323.5,308.5,323.5,308.5,205,0.1,0
0,GasterBlaster,3,323.5,308.5,323.5,308.5,250,0.1,0
0,GasterBlaster,3,323.5,308.5,323.5,308.5,295,0.1,0
0,GasterBlaster,3,323.5,308.5,323.5,308.5,340,0.1,0
0,GasterBlaster,3,323.5,308.5,323.5,308.5,385,0.1,0
0.0999,,,,,,,,,
0,GasterBlaster,3,323.5,308.5,323.5,308.5,30,0.1,0
0,GasterBlaster,3,323.5,308.5,323.5,308.5,80,0.1,0
0,GasterBlaster,3,323.5,308.5,323.5,308.5,120,0.1,0
0,GasterBlaster,3,323.5,308.5,323.5,308.5,165,0.1,0
0,GasterBlaster,3,323.5,308.5,323.5,308.5,210,0.1,0
0,GasterBlaster,3,323.5,308.5,323.5,308.5,255,0.1,0
0,GasterBlaster,3,323.5,308.5,323.5,308.5,300,0.1,0
0,GasterBlaster,3,323.5,308.5,323.5,308.5,345,0.1,0
0,GasterBlaster,3,323.5,308.5,323.5,308.5,390,0.1,0
0.0999,,,,,,,,,
0,GasterBlaster,3,323.5,308.5,323.5,308.5,35,0.1,0
0,GasterBlaster,3,323.5,308.5,323.5,308.5,85,0.1,0
0,GasterBlaster,3,323.5,308.5,323.5,308.5,125,0.1,0
0,GasterBlaster,3,323.5,308.5,323.5,308.5,170,0.1,0
0,GasterBlaster,3,323.5,308.5,323.5,308.5,215,0.1,0
0,GasterBlaster,3,323.5,308.5,323.5,308.5,260,0.1,0
0,GasterBlaster,3,323.5,308.5,323.5,308.5,305,0.1,0
0,GasterBlaster,3,323.5,308.5,323.5,308.5,350,0.1,0
0,GasterBlaster,3,323.5,308.5,323.5,308.5,395,0.1,0
0.0999,,,,,,,,,
0,GasterBlaster,3,323.5,308.5,323.5,308.5,40,0.1,0
0,GasterBlaster,3,323.5,308.5,323.5,308.5,90,0.1,0
0,GasterBlaster,3,323.5,308.5,323.5,308.5,130,0.1,0
0,GasterBlaster,3,323.5,308.5,323.5,308.5,175,0.1,0
0,GasterBlaster,3,323.5,308.5,323.5,308.5,220,0.1,0
0,GasterBlaster,3,323.5,308.5,323.5,308.5,265,0.1,0
0,GasterBlaster,3,323.5,308.5,323.5,308.5,310,0.1,0
0,GasterBlaster,3,323.5,308.5,323.5,308.5,355,0.1,0
0,GasterBlaster,3,323.5,308.5,323.5,308.5,400,0.1,0
0.0999,,,,,,,,,
0,GasterBlaster,3,323.5,308.5,323.5,308.5,45,0.1,0
0,GasterBlaster,3,323.5,308.5,323.5,308.5,95,0.1,0
0,GasterBlaster,3,323.5,308.5,323.5,308.5,135,0.1,0
0,GasterBlaster,3,323.5,308.5,323.5,308.5,180,0.1,0
0,GasterBlaster,3,323.5,308.5,323.5,308.5,225,0.1,0
0,GasterBlaster,3,323.5,308.5,323.5,308.5,270,0.1,0
0,GasterBlaster,3,323.5,308.5,323.5,308.5,315,0.1,0
0,GasterBlaster,3,323.5,308.5,323.5,308.5,360,0.1,0
0,GasterBlaster,3,323.5,308.5,323.5,308.5,405,0.1,0
0.0999,,,,,,,,,
0,GasterBlaster,3,323.5,308.5,323.5,308.5,50,0.1,0
0,GasterBlaster,3,323.5,308.5,323.5,308.5,100,0.1,0
0,GasterBlaster,3,323.5,308.5,323.5,308.5,140,0.1,0
0,GasterBlaster,3,323.5,308.5,323.5,308.5,185,0.1,0
0,GasterBlaster,3,323.5,308.5,323.5,308.5,230,0.1,0
0,GasterBlaster,3,323.5,308.5,323.5,308.5,275,0.1,0
0,GasterBlaster,3,323.5,308.5,323.5,308.5,320,0.1,0
0,GasterBlaster,3,323.5,308.5,323.5,308.5,365,0.1,0
0,GasterBlaster,3,323.5,308.5,323.5,308.5,410,0.1,0
0.0999,,,,,,,,,
0,GasterBlaster,3,323.5,308.5,323.5,308.5,55,0.1,0
0,GasterBlaster,3,323.5,308.5,323.5,308.5,105,0.1,0
0,GasterBlaster,3,323.5,308.5,323.5,308.5,145,0.1,0
0,GasterBlaster,3,323.5,308.5,323.5,308.5,190,0.1,0
0,GasterBlaster,3,323.5,308.5,323.5,308.5,235,0.1,0
0,GasterBlaster,3,323.5,308.5,323.5,308.5,280,0.1,0
0,GasterBlaster,3,323.5,308.5,323.5,308.5,325,0.1,0
0,GasterBlaster,3,323.5,308.5,323.5,308.5,370,0.1,0
0,GasterBlaster,3,323.5,308.5,323.5,308.5,415,0.1,0
0.0999,,,,,,,,,
0,GasterBlaster,3,323.5,308.5,323.5,308.5,60,0.1,0
0,GasterBlaster,3,323.5,308.5,323.5,308.5,110,0.1,0
0,GasterBlaster,3,323.5,308.5,323.5,308.5,150,0.1,0
0,GasterBlaster,3,323.5,308.5,323.5,308.5,195,0.1,0
0,GasterBlaster,3,323.5,308.5,323.5,308.5,240,0.1,0
0,GasterBlaster,3,323.5,308.5,323.5,308.5,285,0.1,0
0,GasterBlaster,3,323.5,308.5,323.5,308.5,330,0.1,0
0,GasterBlaster,3,323.5,308.5,323.5,308.5,375,0.1,0
0,GasterBlaster,3,323.5,308.5,323.5,308.5,420,0.1,0
0.0999,,,,,,,,,
0,GasterBlaster,3,323.5,308.5,323.5,308.5,65,0.1,0
0,GasterBlaster,3,323.5,308.5,323.5,308.5,115,0.1,0
0,GasterBlaster,3,323.5,308.5,323.5,308.5,155,0.1,0
0,GasterBlaster,3,323.5,308.5,323.5,308.5,200,0.1,0
0,GasterBlaster,3,323.5,308.5,323.5,308.5,245,0.1,0
0,GasterBlaster,3,323.5,308.5,323.5,308.5,290,0.1,0
0,GasterBlaster,3,323.5,308.5,323.5,308.5,335,0.1,0
0,GasterBlaster,3,323.5,308.5,323.5,308.5,380,0.1,0
0,GasterBlaster,3,323.5,308.5,323.5,308.5,425,0.1,0
0.0999,,,,,,,,,
0,GasterBlaster,3,323.5,308.5,323.5,308.5,70,0.1,0
0,GasterBlaster,3,323.5,308.5,323.5,308.5,120,0.1,0
0,GasterBlaster,3,323.5,308.5,323.5,308.5,160,0.1,0
0,GasterBlaster,3,323.5,308.5,323.5,308.5,205,0.1,0
0,GasterBlaster,3,323.5,308.5,323.5,308.5,250,0.1,0
0,GasterBlaster,3,323.5,308.5,323.5,308.5,295,0.1,0
0,GasterBlaster,3,323.5,308.5,323.5,308.5,340,0.1,0
0,GasterBlaster,3,323.5,308.5,323.5,308.5,385,0.1,0
0,GasterBlaster,3,323.5,308.5,323.5,308.5,430,0.1,0
0.0999,,,,,,,,,
0,GasterBlaster,3,323.5,308.5,323.5,308.5,75,0.1,0
0,GasterBlaster,3,323.5,308.5,323.5,308.5,125,0.1,0
0,GasterBlaster,3,323.5,308.5,323.5,308.5,165,0.1,0
0,GasterBlaster,3,323.5,308.5,323.5,308.5,210,0.1,0
0,GasterBlaster,3,323.5,308.5,323.5,308.5,255,0.1,0
0,GasterBlaster,3,323.5,308.5,323.5,308.5,300,0.1,0
0,GasterBlaster,3,323.5,308.5,323.5,308.5,345,0.1,0
0,GasterBlaster,3,323.5,308.5,323.5,308.5,390,0.1,0
0,GasterBlaster,3,323.5,308.5,323.5,308.5,435,0.1,0
0.0999,,,,,,,,,
0,GasterBlaster,3,323.5,308.5,323.5,308.5,80,0.1,0
0,GasterBlaster,3,323.5,308.5,323.5,308.5,130,0.1,0
0,GasterBlaster,3,323.5,308.5,323.5,308.5,170,0.1,0
0,GasterBlaster,3,323.5,308.5,323.5,308.5,215,0.1,0
0,GasterBlaster,3,323.5,308.5,323.5,308.5,260,0.1,0
0,GasterBlaster,3,323.5,308.5,323.5,308.5,305,0.1,0
0,GasterBlaster,3,323.5,308.5,323.5,308.5,350,0.1,0
0,GasterBlaster,3,323.5,308.5,323.5,308.5,395,0.1,0
0,GasterBlaster,3,323.5,308.5,323.5,308.5,440,0.1,0
0.0999,,,,,,,,,
0,GasterBlaster,3,323.5,308.5,323.5,308.5,85,0.1,0
0,GasterBlaster,3,323.5,308.5,323.5,308.5,135,0.1,0
0,GasterBlaster,3,323.5,308.5,323.5,308.5,175,0.1,0
0,GasterBlaster,3,323.5,308.5,323.5,308.5,220,0.1,0
0,GasterBlaster,3,323.5,308.5,323.5,308.5,265,0.1,0
0,GasterBlaster,3,323.5,308.5,323.5,308.5,310,0.1,0
0,GasterBlaster,3,323.5,308.5,323.5,308.5,355,0.1,0
0,GasterBlaster,3,323.5,308.5,323.5,308.5,400,0.1,0
0,GasterBlaster,3,323.5,308.5,323.5,308.5,445,0.1,0
0.0999,,,,,,,,,
0,GasterBlaster,3,323.5,308.5,323.5,308.5,90,0.1,0
0,GasterBlaster,3,323.5,308.5,323.5,308.5,140,0.1,0
0,GasterBlaster,3,323.5,308.5,323.5,308.5,180,0.1,0
0,GasterBlaster,3,323.5,308.5,323.5,308.5,225,0.1,0
0,GasterBlaster,3,323.5,308.5,323.5,308.5,270,0.1,0
0,GasterBlaster,3,323.5,308.5,323.5,308.5,315,0.1,0
0,GasterBlaster,3,323.5,308.5,323.5,308.5,360,0.1,0
0,GasterBlaster,3,323.5,308.5,323.5,308.5,405,0.1,0
0,GasterBlaster,3,323.5,308.5,323.5,308.5,450,0.1,0
0.1,GasterBlaster,5,323.5,308.5,323.5,308.5,0,0.1,0
0,GasterBlaster,5,323.5,308.5,323.5,308.5,180,0.1,0
0.1,GasterBlaster,5,323.5,308.5,323.5,308.5,10,0.1,0
0,GasterBlaster,5,323.5,308.5,323.5,308.5,190,0.1,0
0.1,GasterBlaster,5,323.5,308.5,323.5,308.5,20,0.1,0
0,GasterBlaster,5,323.5,308.5,323.5,308.5,200,0.1,0
0.1,GasterBlaster,5,323.5,308.5,323.5,308.5,30,0.1,0
0,GasterBlaster,5,323.5,308.5,323.5,308.5,210,0.1,0
0.1,GasterBlaster,5,323.5,308.5,323.5,308.5,40,0.1,0
0,GasterBlaster,5,323.5,308.5,323.5,308.5,220,0.1,0
0.1,GasterBlaster,5,323.5,308.5,323.5,308.5,50,0.1,0
0,GasterBlaster,5,323.5,308.5,323.5,308.5,230,0.1,0
0.1,GasterBlaster,5,323.5,308.5,323.5,308.5,60,0.1,0
0,GasterBlaster,5,323.5,308.5,323.5,308.5,240,0.1,0
0.06,GasterBlaster,5,323.5,308.5,323.5,308.5,70,0.1,0
0,GasterBlaster,5,323.5,308.5,323.5,308.5,250,0.1,0
0.06,GasterBlaster,5,323.5,308.5,323.5,308.5,80,0.1,0
0,GasterBlaster,5,323.5,308.5,323.5,308.5,260,0.1,0
0.06,GasterBlaster,5,323.5,308.5,323.5,308.5,90,0.1,0
0,GasterBlaster,5,323.5,308.5,323.5,308.5,270,0.1,0
0.06,GasterBlaster,5,323.5,308.5,323.5,308.5,100,0.1,0
0,GasterBlaster,5,323.5,308.5,323.5,308.5,280,0.1,0
0.06,GasterBlaster,5,323.5,308.5,323.5,308.5,110,0.1,0
0,GasterBlaster,5,323.5,308.5,323.5,308.5,290,0.1,0
0.045,GasterBlaster,5,323.5,308.5,323.5,308.5,120,0.1,0
0,GasterBlaster,5,323.5,308.5,323.5,308.5,300,0.1,0
0.045,GasterBlaster,5,323.5,308.5,323.5,308.5,130,0.1,0
0,GasterBlaster,5,323.5,308.5,323.5,308.5,310,0.1,0
0.045,GasterBlaster,5,323.5,308.5,323.5,308.5,140,0.1,0
0,GasterBlaster,5,323.5,308.5,323.5,308.5,320,0.1,0
0.045,GasterBlaster,5,323.5,308.5,323.5,308.5,150,0.1,0
0,GasterBlaster,5,323.5,308.5,323.5,308.5,330,0.1,0
0.045,GasterBlaster,5,323.5,308.5,323.5,308.5,160,0.1,0
0,GasterBlaster,5,323.5,308.5,323.5,308.5,340,0.1,0
0.045,GasterBlaster,5,323.5,308.5,323.5,308.5,170,0.1,0
0,GasterBlaster,5,323.5,308.5,323.5,308.5,350,0.1,0
0.045,GasterBlaster,5,323.5,308.5,323.5,308.5,180,0.1,0
0,GasterBlaster,5,323.5,308.5,323.5,308.5,0,0.1,0
0.045,GasterBlaster,5,323.5,308.5,323.5,308.5,190,0.1,0
0,GasterBlaster,5,323.5,308.5,323.5,308.5,10,0.1,0
0.045,GasterBlaster,5,323.5,308.5,323.5,308.5,200,0.1,0
0,GasterBlaster,5,323.5,308.5,323.5,308.5,20,0.1,0
0.045,GasterBlaster,5,323.5,308.5,323.5,308.5,210,0.1,0
0,GasterBlaster,5,323.5,308.5,323.5,308.5,30,0.1,0
0.045,GasterBlaster,5,323.5,308.5,323.5,308.5,220,0.1,0
0,GasterBlaster,5,323.5,308.5,323.5,308.5,40,0.1,0
0.045,GasterBlaster,5,323.5,308.5,323.5,308.5,230,0.1,0
0,GasterBlaster,5,323.5,308.5,323.5,308.5,50,0.1,0
0.045,GasterBlaster,5,323.5,308.5,323.5,308.5,240,0.1,0
0,GasterBlaster,5,323.5,308.5,323.5,308.5,60,0.1,0
0.045,GasterBlaster,5,323.5,308.5,323.5,308.5,250,0.1,0
0,GasterBlaster,5,323.5,308.5,323.5,308.5,70,0.1,0
0.045,GasterBlaster,5,323.5,308.5,323.5,308.5,260,0.1,0
0,GasterBlaster,5,323.5,308.5,323.5,308.5,80,0.1,0
0.045,GasterBlaster,5,323.5,308.5,323.5,308.5,270,0.1,0
0,GasterBlaster,5,323.5,308.5,323.5,308.5,90,0.1,0
0.045,GasterBlaster,5,323.5,308.5,323.5,308.5,280,0.1,0
0,GasterBlaster,5,323.5,308.5,323.5,308.5,100,0.1,0
0.045,GasterBlaster,5,323.5,308.5,323.5,308.5,290,0.1,0
0,GasterBlaster,5,323.5,308.5,323.5,308.5,110,0.1,0
0.045,GasterBlaster,5,323.5,308.5,323.5,308.5,300,0.1,0
0,GasterBlaster,5,323.5,308.5,323.5,308.5,120,0.1,0
0.045,GasterBlaster,5,323.5,308.5,323.5,308.5,310,0.1,0
0,GasterBlaster,5,323.5,308.5,323.5,308.5,130,0.1,0
0.045,GasterBlaster,5,323.5,308.5,323.5,308.5,320,0.1,0
0,GasterBlaster,5,323.5,308.5,323.5,308.5,140,0.1,0
0.045,GasterBlaster,5,323.5,308.5,323.5,308.5,330,0.1,0
0,GasterBlaster,5,323.5,308.5,323.5,308.5,150,0.1,0
0.045,GasterBlaster,5,323.5,308.5,323.5,308.5,340,0.1,0
0,GasterBlaster,5,323.5,308.5,323.5,308.5,160,0.1,0
0.045,GasterBlaster,5,323.5,308.5,323.5,308.5,350,0.1,0
0,GasterBlaster,5,323.5,308.5,323.5,308.5,170,0.1,0
0.045,GasterBlaster,5,323.5,308.5,323.5,308.5,0,0.1,0
0,GasterBlaster,5,323.5,308.5,323.5,308.5,180,0.1,0
0.045,GasterBlaster,5,323.5,308.5,323.5,308.5,10,0.1,0
0,GasterBlaster,5,323.5,308.5,323.5,308.5,190,0.1,0
0.045,GasterBlaster,5,323.5,308.5,323.5,308.5,20,0.1,0
0,GasterBlaster,5,323.5,308.5,323.5,308.5,200,0.1,0
0.045,GasterBlaster,5,323.5,308.5,323.5,308.5,30,0.1,0
0,GasterBlaster,5,323.5,308.5,323.5,308.5,210,0.1,0
0.045,GasterBlaster,5,323.5,308.5,323.5,308.5,40,0.1,0
0,GasterBlaster,5,323.5,308.5,323.5,308.5,220,0.1,0
0.045,GasterBlaster,5,323.5,308.5,323.5,308.5,50,0.1,0
0,GasterBlaster,5,323.5,308.5,323.5,308.5,230,0.1,0
0.045,GasterBlaster,5,323.5,308.5,323.5,308.5,60,0.1,0
0,GasterBlaster,5,323.5,308.5,323.5,308.5,240,0.1,0
0.045,GasterBlaster,5,323.5,308.5,323.5,308.5,70,0.1,0
0,GasterBlaster,5,323.5,308.5,323.5,308.5,250,0.1,0
0.045,GasterBlaster,5,323.5,308.5,323.5,308.5,80,0.1,0
0,GasterBlaster,5,323.5,308.5,323.5,308.5,260,0.1,0
0.045,GasterBlaster,5,323.5,308.5,323.5,308.5,90,0.1,0
0,GasterBlaster,5,323.5,308.5,323.5,308.5,270,0.1,0
0.045,GasterBlaster,5,323.5,308.5,323.5,308.5,100,0.1,0
0,GasterBlaster,5,323.5,308.5,323.5,308.5,280,0.1,0
0.045,GasterBlaster,5,323.5,308.5,323.5,308.5,110,0.1,0
0,GasterBlaster,5,323.5,308.5,323.5,308.5,290,0.1,0
0.045,GasterBlaster,5,323.5,308.5,323.5,308.5,120,0.1,0
0,GasterBlaster,5,323.5,308.5,323.5,308.5,300,0.1,0
0.045,GasterBlaster,5,323.5,308.5,323.5,308.5,130,0.1,0
0,GasterBlaster,5,323.5,308.5,323.5,308.5,310,0.1,0
0.045,GasterBlaster,5,323.5,308.5,323.5,308.5,140,0.1,0
0,GasterBlaster,5,323.5,308.5,323.5,308.5,320,0.1,0
0.045,GasterBlaster,5,323.5,308.5,323.5,308.5,150,0.1,0
0,GasterBlaster,5,323.5,308.5,323.5,308.5,330,0.1,0
0.045,GasterBlaster,5,323.5,308.5,323.5,308.5,160,0.1,0
0,GasterBlaster,5,323.5,308.5,323.5,308.5,340,0.1,0
0.045,GasterBlaster,5,323.5,308.5,323.5,308.5,170,0.1,0
0,GasterBlaster,5,323.5,308.5,323.5,308.5,350,0.1,0
0.045,GasterBlaster,5,323.5,308.5,323.5,308.5,180,0.1,0
0,GasterBlaster,5,323.5,308.5,323.5,308.5,0,0.1,0
0.045,GasterBlaster,5,323.5,308.5,323.5,308.5,190,0.1,0
0,GasterBlaster,5,323.5,308.5,323.5,308.5,10,0.1,0
0.045,GasterBlaster,5,323.5,308.5,323.5,308.5,200,0.1,0
0,GasterBlaster,5,323.5,308.5,323.5,308.5,20,0.1,0
0.045,GasterBlaster,5,323.5,308.5,323.5,308.5,210,0.1,0
0,GasterBlaster,5,323.5,308.5,323.5,308.5,30,0.1,0
0.045,GasterBlaster,5,323.5,308.5,323.5,308.5,220,0.1,0
0,GasterBlaster,5,323.5,308.5,323.5,308.5,40,0.1,0
0.045,GasterBlaster,5,323.5,308.5,323.5,308.5,230,0.1,0
0,GasterBlaster,5,323.5,308.5,323.5,308.5,50,0.1,0
0.045,GasterBlaster,5,323.5,308.5,323.5,308.5,240,0.1,0
0,GasterBlaster,5,323.5,308.5,323.5,308.5,60,0.1,0
0.045,GasterBlaster,5,323.5,308.5,323.5,308.5,250,0.1,0
0,GasterBlaster,5,323.5,308.5,323.5,308.5,70,0.1,0
0.045,GasterBlaster,5,323.5,308.5,323.5,308.5,260,0.1,0
0,GasterBlaster,5,323.5,308.5,323.5,308.5,80,0.1,0
0.045,GasterBlaster,5,323.5,308.5,323.5,308.5,270,0.1,0
0,GasterBlaster,5,323.5,308.5,323.5,308.5,90,0.1,0
0.045,GasterBlaster,5,323.5,308.5,323.5,308.5,280,0.1,0
0,GasterBlaster,5,323.5,308.5,323.5,308.5,100,0.1,0
0.045,GasterBlaster,5,323.5,308.5,323.5,308.5,290,0.1,0
0,GasterBlaster,5,323.5,308.5,323.5,308.5,110,0.1,0
0.045,GasterBlaster,5,323.5,308.5,323.5,308.5,300,0.1,0
0,GasterBlaster,5,323.5,308.5,323.5,308.5,120,0.1,0
0.045,GasterBlaster,5,323.5,308.5,323.5,308.5,310,0.1,0
0,GasterBlaster,5,323.5,308.5,323.5,308.5,130,0.1,0
0.045,GasterBlaster,5,323.5,308.5,323.5,308.5,320,0.1,0
0,GasterBlaster,5,323.5,308.5,323.5,308.5,140,0.1,0
0.045,GasterBlaster,5,323.5,308.5,323.5,308.5,330,0.1,0
0,GasterBlaster,5,323.5,308.5,323.5,308.5,150,0.1,0
0.045,GasterBlaster,5,323.5,308.5,323.5,308.5,340,0.1,0
0,GasterBlaster,5,323.5,308.5,323.5,308.5,160,0.1,0
0.045,GasterBlaster,5,323.5,308.5,323.5,308.5,350,0.1,0
0,GasterBlaster,5,323.5,308.5,323.5,308.5,170,0.1,0
0.045,GasterBlaster,5,323.5,308.5,323.5,308.5,0,0.1,0
0,GasterBlaster,5,323.5,308.5,323.5,308.5,180,0.1,0
0.045,GasterBlaster,5,323.5,308.5,323.5,308.5,10,0.1,0
0,GasterBlaster,5,323.5,308.5,323.5,308.5,190,0.1,0
0.045,GasterBlaster,5,323.5,308.5,323.5,308.5,20,0.1,0
0,GasterBlaster,5,323.5,308.5,323.5,308.5,200,0.1,0
0.045,GasterBlaster,5,323.5,308.5,323.5,308.5,30,0.1,0
0,GasterBlaster,5,323.5,308.5,323.5,308.5,210,0.1,0
0.045,GasterBlaster,5,323.5,308.5,323.5,308.5,40,0.1,0
0,GasterBlaster,5,323.5,308.5,323.5,308.5,220,0.1,0
0.045,GasterBlaster,5,323.5,308.5,323.5,308.5,50,0.1,0
0,GasterBlaster,5,323.5,308.5,323.5,308.5,230,0.1,0
0.045,GasterBlaster,5,323.5,308.5,323.5,308.5,60,0.1,0
0,GasterBlaster,5,323.5,308.5,323.5,308.5,240,0.1,0
0.045,GasterBlaster,5,323.5,308.5,323.5,308.5,70,0.1,0
0,GasterBlaster,5,323.5,308.5,323.5,308.5,250,0.1,0
0.045,GasterBlaster,5,323.5,308.5,323.5,308.5,80,0.1,0
0,GasterBlaster,5,323.5,308.5,323.5,308.5,260,0.1,0
0.045,GasterBlaster,5,323.5,308.5,323.5,308.5,90,0.1,0
0,GasterBlaster,5,323.5,308.5,323.5,308.5,270,0.1,0
0.045,GasterBlaster,5,323.5,308.5,323.5,308.5,100,0.1,0
0,GasterBlaster,5,323.5,308.5,323.5,308.5,280,0.1,0
0.045,GasterBlaster,5,323.5,308.5,323.5,308.5,110,0.1,0
0,GasterBlaster,5,323.5,308.5,323.5,308.5,290,0.1,0
0.045,GasterBlaster,5,323.5,308.5,323.5,308.5,120,0.1,0
0,GasterBlaster,5,323.5,308.5,323.5,308.5,300,0.1,0
0.045,GasterBlaster,5,323.5,308.5,323.5,308.5,130,0.1,0
0,GasterBlaster,5,323.5,308.5,323.5,308.5,310,0.1,0
0.045,GasterBlaster,5,323.5,308.5,323.5,308.5,140,0.1,0
0,GasterBlaster,5,323.5,308.5,323.5,308.5,320,0.1,0
0.045,GasterBlaster,5,323.5,308.5,323.5,308.5,150,0.1,0
0,GasterBlaster,5,323.5,308.5,323.5,308.5,330,0.1,0
0.045,GasterBlaster,5,323.5,308.5,323.5,308.5,160,0.1,0
0,GasterBlaster,5,323.5,308.5,323.5,308.5,340,0.1,0
0.045,GasterBlaster,5,323.5,308.5,323.5,308.5,170,0.1,0
0,GasterBlaster,5,323.5,308.5,323.5,308.5,350,0.1,0
0.045,GasterBlaster,5,323.5,308.5,323.5,308.5,180,0.1,0
0,GasterBlaster,5,323.5,308.5,323.5,308.5,0,0.1,0
0.045,GasterBlaster,5,323.5,308.5,323.5,308.5,190,0.1,0
0,GasterBlaster,5,323.5,308.5,323.5,308.5,10,0.1,0
0.045,GasterBlaster,5,323.5,308.5,323.5,308.5,200,0.1,0
0,GasterBlaster,5,323.5,308.5,323.5,308.5,20,0.1,0
0.045,GasterBlaster,5,323.5,308.5,323.5,308.5,210,0.1,0
0,GasterBlaster,5,323.5,308.5,323.5,308.5,30,0.1,0
0.045,GasterBlaster,5,323.5,308.5,323.5,308.5,220,0.1,0
0,GasterBlaster,5,323.5,308.5,323.5,308.5,40,0.1,0
0.045,GasterBlaster,5,323.5,308.5,323.5,308.5,230,0.1,0
0,GasterBlaster,5,323.5,308.5,323.5,308.5,50,0.1,0
0.045,GasterBlaster,5,323.5,308.5,323.5,308.5,240,0.1,0
0,GasterBlaster,5,323.5,308.5,323.5,308.5,60,0.1,0
0.045,GasterBlaster,5,323.5,308.5,323.5,308.5,250,0.1,0
0,GasterBlaster,5,323.5,308.5,323.5,308.5,70,0.1,0
0.045,GasterBlaster,5,323.5,308.5,323.5,308.5,260,0.1,0
0,GasterBlaster,5,323.5,308.5,323.5,308.5,80,0.1,0
0.045,GasterBlaster,5,323.5,308.5,323.5,308.5,270,0.1,0
0,GasterBlaster,5,323.5,308.5,323.5,308.5,90,0.1,0
0.045,GasterBlaster,5,323.5,308.5,323.5,308.5,280,0.1,0
0,GasterBlaster,5,323.5,308.5,323.5,308.5,100,0.1,0
0.045,GasterBlaster,5,323.5,308.5,323.5,308.5,290,0.1,0
0,GasterBlaster,5,323.5,308.5,323.5,308.5,110,0.1,0
0.045,GasterBlaster,5,323.5,308.5,323.5,308.5,300,0.1,0
0,GasterBlaster,5,323.5,308.5,323.5,308.5,120,0.1,0
0.045,GasterBlaster,5,323.5,308.5,323.5,308.5,310,0.1,0
0,GasterBlaster,5,323.5,308.5,323.5,308.5,130,0.1,0
0.045,GasterBlaster,5,323.5,308.5,323.5,308.5,320,0.1,0
0,GasterBlaster,5,323.5,308.5,323.5,308.5,140,0.1,0
0.045,GasterBlaster,5,323.5,308.5,323.5,308.5,330,0.1,0
0,GasterBlaster,5,323.5,308.5,323.5,308.5,150,0.1,0
0.045,GasterBlaster,5,323.5,308.5,323.5,308.5,340,0.1,0
0,GasterBlaster,5,323.5,308.5,323.5,308.5,160,0.1,0
0.045,GasterBlaster,5,323.5,308.5,323.5,308.5,350,0.1,0
0,GasterBlaster,5,323.5,308.5,323.5,308.5,170,0.1,0
0.045,GasterBlaster,5,323.5,308.5,323.5,308.5,360,0.1,0
0,GasterBlaster,5,323.5,308.5,323.5,308.5,180,0.1,0
0.045,GasterBlaster,5,323.5,308.5,323.5,308.5,0,0.1,0
0,GasterBlaster,5,323.5,308.5,323.5,308.5,180,0.1,0
0.045,GasterBlaster,5,323.5,308.5,323.5,308.5,10,0.1,0
0,GasterBlaster,5,323.5,308.5,323.5,308.5,190,0.1,0
0.045,GasterBlaster,5,323.5,308.5,323.5,308.5,20,0.1,0
0,GasterBlaster,5,323.5,308.5,323.5,308.5,200,0.1,0
0.045,GasterBlaster,5,323.5,308.5,323.5,308.5,30,0.1,0
0,GasterBlaster,5,323.5,308.5,323.5,308.5,210,0.1,0
0.045,GasterBlaster,5,323.5,308.5,323.5,308.5,40,0.1,0
0,GasterBlaster,5,323.5,308.5,323.5,308.5,220,0.1,0
0.045,GasterBlaster,5,323.5,308.5,323.5,308.5,50,0.1,0
0,GasterBlaster,5,323.5,308.5,323.5,308.5,230,0.1,0
0.045,GasterBlaster,5,323.5,308.5,323.5,308.5,60,0.1,0
0,GasterBlaster,5,323.5,308.5,323.5,308.5,240,0.1,0
0.045,GasterBlaster,5,323.5,308.5,323.5,308.5,70,0.1,0
0,GasterBlaster,5,323.5,308.5,323.5,308.5,250,0.1,0
0.045,GasterBlaster,5,323.5,308.5,323.5,308.5,80,0.1,0
0,GasterBlaster,5,323.5,308.5,323.5,308.5,260,0.1,0
0.045,GasterBlaster,5,323.5,308.5,323.5,308.5,90,0.1,0
0,GasterBlaster,5,323.5,308.5,323.5,308.5,270,0.1,0
0.045,GasterBlaster,5,323.5,308.5,323.5,308.5,100,0.1,0
0,GasterBlaster,5,323.5,308.5,323.5,308.5,280,0.1,0
0.045,GasterBlaster,5,323.5,308.5,323.5,308.5,110,0.1,0
0,GasterBlaster,5,323.5,308.5,323.5,308.5,290,0.1,0
0.045,GasterBlaster,5,323.5,308.5,323.5,308.5,120,0.1,0
0,GasterBlaster,5,323.5,308.5,323.5,308.5,300,0.1,0
0.045,GasterBlaster,5,323.5,308.5,323.5,308.5,130,0.1,0
0,GasterBlaster,5,323.5,308.5,323.5,308.5,310,0.1,0
0.045,GasterBlaster,5,323.5,308.5,323.5,308.5,140,0.1,0
0,GasterBlaster,5,323.5,308.5,323.5,308.5,320,0.1,0
0.045,GasterBlaster,5,323.5,308.5,323.5,308.5,150,0.1,0
0,GasterBlaster,5,323.5,308.5,323.5,308.5,330,0.1,0
0.045,GasterBlaster,5,323.5,308.5,323.5,308.5,160,0.1,0
0,GasterBlaster,5,323.5,308.5,323.5,308.5,340,0.1,0
0.045,GasterBlaster,5,323.5,308.5,323.5,308.5,170,0.1,0
0,GasterBlaster,5,323.5,308.5,323.5,308.5,350,0.1,0
0.045,GasterBlaster,5,323.5,308.5,323.5,308.5,180,0.1,0
0,GasterBlaster,5,323.5,308.5,323.5,308.5,0,0.1,0
0.045,GasterBlaster,5,323.5,308.5,323.5,308.5,190,0.1,0
0,GasterBlaster,5,323.5,308.5,323.5,308.5,10,0.1,0
0.045,GasterBlaster,5,323.5,308.5,323.5,308.5,200,0.1,0
0,GasterBlaster,5,323.5,308.5,323.5,308.5,20,0.1,0
0.045,GasterBlaster,5,323.5,308.5,323.5,308.5,210,0.1,0
0,GasterBlaster,5,323.5,308.5,323.5,308.5,30,0.1,0
0.045,GasterBlaster,5,323.5,308.5,323.5,308.5,220,0.1,0
0,GasterBlaster,5,323.5,308.5,323.5,308.5,40,0.1,0
0.045,GasterBlaster,5,323.5,308.5,323.5,308.5,230,0.1,0
0,GasterBlaster,5,323.5,308.5,323.5,308.5,50,0.1,0
0.045,GasterBlaster,5,323.5,308.5,323.5,308.5,240,0.1,0
0,GasterBlaster,5,323.5,308.5,323.5,308.5,60,0.1,0
0.045,GasterBlaster,5,323.5,308.5,323.5,308.5,250,0.1,0
0,GasterBlaster,5,323.5,308.5,323.5,308.5,70,0.1,0
0.045,GasterBlaster,5,323.5,308.5,323.5,308.5,260,0.1,0
0,GasterBlaster,5,323.5,308.5,323.5,308.5,80,0.1,0
0.045,GasterBlaster,5,323.5,308.5,323.5,308.5,270,0.1,0
0,GasterBlaster,5,323.5,308.5,323.5,308.5,90,0.1,0
0.045,GasterBlaster,5,323.5,308.5,323.5,308.5,280,0.1,0
0,GasterBlaster,5,323.5,308.5,323.5,308.5,100,0.1,0
0.045,GasterBlaster,5,323.5,308.5,323.5,308.5,290,0.1,0
0,GasterBlaster,5,323.5,308.5,323.5,308.5,110,0.1,0
0.045,GasterBlaster,5,323.5,308.5,323.5,308.5,300,0.1,0
0,GasterBlaster,5,323.5,308.5,323.5,308.5,120,0.1,0
0.045,GasterBlaster,5,323.5,308.5,323.5,308.5,310,0.1,0
0,GasterBlaster,5,323.5,308.5,323.5,308.5,130,0.1,0
0.045,GasterBlaster,5,323.5,308.5,323.5,308.5,320,0.1,0
0,GasterBlaster,5,323.5,308.5,323.5,308.5,140,0.1,0
0.045,GasterBlaster,5,323.5,308.5,323.5,308.5,330,0.1,0
0,GasterBlaster,5,323.5,308.5,323.5,308.5,150,0.1,0
0.045,GasterBlaster,5,323.5,308.5,323.5,308.5,340,0.1,0
0,GasterBlaster,5,323.5,308.5,323.5,308.5,160,0.1,0
0.045,GasterBlaster,5,323.5,308.5,323.5,308.5,350,0.1,0
0,GasterBlaster,5,323.5,308.5,323.5,308.5,170,0.1,0
0.045,GasterBlaster,5,323.5,308.5,323.5,308.5,0,0.1,0
0,GasterBlaster,5,323.5,308.5,323.5,308.5,180,0.1,0
0.045,GasterBlaster,5,323.5,308.5,323.5,308.5,10,0.1,0
0,GasterBlaster,5,323.5,308.5,323.5,308.5,190,0.1,0
0.045,GasterBlaster,5,323.5,308.5,323.5,308.5,20,0.1,0
0,GasterBlaster,5,323.5,308.5,323.5,308.5,200,0.1,0
0.045,GasterBlaster,5,323.5,308.5,323.5,308.5,30,0.1,0
0,GasterBlaster,5,323.5,308.5,323.5,308.5,210,0.1,0
0.045,GasterBlaster,5,323.5,308.5,323.5,308.5,40,0.1,0
0,GasterBlaster,5,323.5,308.5,323.5,308.5,220,0.1,0
0.045,GasterBlaster,5,323.5,308.5,323.5,308.5,50,0.1,0
0,GasterBlaster,5,323.5,308.5,323.5,308.5,230,0.1,0
0.045,GasterBlaster,5,323.5,308.5,323.5,308.5,60,0.1,0
0,GasterBlaster,5,323.5,308.5,323.5,308.5,240,0.1,0
0.045,GasterBlaster,5,323.5,308.5,323.5,308.5,70,0.1,0
0,GasterBlaster,5,323.5,308.5,323.5,308.5,250,0.1,0
0.045,GasterBlaster,5,323.5,308.5,323.5,308.5,80,0.1,0
0,GasterBlaster,5,323.5,308.5,323.5,308.5,260,0.1,0
0.045,GasterBlaster,5,323.5,308.5,323.5,308.5,90,0.1,0
0,GasterBlaster,5,323.5,308.5,323.5,308.5,270,0.1,0
0.045,GasterBlaster,5,323.5,308.5,323.5,308.5,100,0.1,0
0,GasterBlaster,5,323.5,308.5,323.5,308.5,280,0.1,0
0.045,GasterBlaster,5,323.5,308.5,323.5,308.5,110,0.1,0
0,GasterBlaster,5,323.5,308.5,323.5,308.5,290,0.1,0
0.045,GasterBlaster,5,323.5,308.5,323.5,308.5,120,0.1,0
0,GasterBlaster,5,323.5,308.5,323.5,308.5,300,0.1,0
0.045,GasterBlaster,5,323.5,308.5,323.5,308.5,130,0.1,0
0,GasterBlaster,5,323.5,308.5,323.5,308.5,310,0.1,0
0.045,GasterBlaster,5,323.5,308.5,323.5,308.5,140,0.1,0
0,GasterBlaster,5,323.5,308.5,323.5,308.5,320,0.1,0
0.045,GasterBlaster,5,323.5,308.5,323.5,308.5,150,0.1,0
0,GasterBlaster,5,323.5,308.5,323.5,308.5,330,0.1,0
0.045,GasterBlaster,5,323.5,308.5,323.5,308.5,160,0.1,0
0,GasterBlaster,5,323.5,308.5,323.5,308.5,340,0.1,0
0.045,GasterBlaster,5,323.5,308.5,323.5,308.5,170,0.1,0
0,GasterBlaster,5,323.5,308.5,323.5,308.5,350,0.1,0
0.045,GasterBlaster,5,323.5,308.5,323.5,308.5,180,0.1,0
0,GasterBlaster,5,323.5,308.5,323.5,308.5,0,0.1,0
0.045,GasterBlaster,5,323.5,308.5,323.5,308.5,190,0.1,0
0,GasterBlaster,5,323.5,308.5,323.5,308.5,10,0.1,0
0.045,GasterBlaster,5,323.5,308.5,323.5,308.5,200,0.1,0
0,GasterBlaster,5,323.5,308.5,323.5,308.5,20,0.1,0
0.045,GasterBlaster,5,323.5,308.5,323.5,308.5,210,0.1,0
0,GasterBlaster,5,323.5,308.5,323.5,308.5,30,0.1,0
0.045,GasterBlaster,5,323.5,308.5,323.5,308.5,220,0.1,0
0,GasterBlaster,5,323.5,308.5,323.5,308.5,40,0.1,0
0.045,GasterBlaster,5,323.5,308.5,323.5,308.5,230,0.1,0
0,GasterBlaster,5,323.5,308.5,323.5,308.5,50,0.1,0
0.045,GasterBlaster,5,323.5,308.5,323.5,308.5,240,0.1,0
0,GasterBlaster,5,323.5,308.5,323.5,308.5,60,0.1,0
0.045,GasterBlaster,5,323.5,308.5,323.5,308.5,250,0.1,0
0,GasterBlaster,5,323.5,308.5,323.5,308.5,70,0.1,0
0.045,GasterBlaster,5,323.5,308.5,323.5,308.5,260,0.1,0
0,GasterBlaster,5,323.5,308.5,323.5,308.5,80,0.1,0
0.045,GasterBlaster,5,323.5,308.5,323.5,308.5,270,0.1,0
0,GasterBlaster,5,323.5,308.5,323.5,308.5,90,0.1,0
0.045,GasterBlaster,5,323.5,308.5,323.5,308.5,280,0.1,0
0,GasterBlaster,5,323.5,308.5,323.5,308.5,100,0.1,0
0.045,GasterBlaster,5,323.5,308.5,323.5,308.5,290,0.1,0
0,GasterBlaster,5,323.5,308.5,323.5,308.5,110,0.1,0
0.045,GasterBlaster,5,323.5,308.5,323.5,308.5,300,0.1,0
0,GasterBlaster,5,323.5,308.5,323.5,308.5,120,0.1,0
0.045,GasterBlaster,5,323.5,308.5,323.5,308.5,310,0.1,0
0,GasterBlaster,5,323.5,308.5,323.5,308.5,130,0.1,0
0.045,GasterBlaster,5,323.5,308.5,323.5,308.5,320,0.1,0
0,GasterBlaster,5,323.5,308.5,323.5,308.5,140,0.1,0
0.045,GasterBlaster,5,323.5,308.5,323.5,308.5,330,0.1,0
0,GasterBlaster,5,323.5,308.5,323.5,308.5,150,0.1,0
0.045,GasterBlaster,5,323.5,308.5,323.5,308.5,340,0.1,0
0,GasterBlaster,5,323.5,308.5,323.5,308.5,160,0.1,0
0.045,GasterBlaster,5,323.5,308.5,323.5,308.5,350,0.1,0
0,GasterBlaster,5,323.5,308.5,323.5,308.5,170,0.1,0
0.045,GasterBlaster,5,323.5,308.5,323.5,308.5,0,0.1,0
0,GasterBlaster,5,323.5,308.5,323.5,308.5,180,0.1,0
0.045,GasterBlaster,5,323.5,308.5,323.5,308.5,10,0.1,0
0,GasterBlaster,5,323.5,308.5,323.5,308.5,190,0.1,0
0.045,GasterBlaster,5,323.5,308.5,323.5,308.5,20,0.1,0
0,GasterBlaster,5,323.5,308.5,323.5,308.5,200,0.1,0
0.045,GasterBlaster,5,323.5,308.5,323.5,308.5,30,0.1,0
0,GasterBlaster,5,323.5,308.5,323.5,308.5,210,0.1,0
0.045,GasterBlaster,5,323.5,308.5,323.5,308.5,40,0.1,0
0,GasterBlaster,5,323.5,308.5,323.5,308.5,220,0.1,0
0.045,GasterBlaster,5,323.5,308.5,323.5,308.5,50,0.1,0
0,GasterBlaster,5,323.5,308.5,323.5,308.5,230,0.1,0
0.045,GasterBlaster,5,323.5,308.5,323.5,308.5,60,0.1,0
0,GasterBlaster,5,323.5,308.5,323.5,308.5,240,0.1,0
0.045,GasterBlaster,5,323.5,308.5,323.5,308.5,70,0.1,0
0,GasterBlaster,5,323.5,308.5,323.5,308.5,250,0.1,0
0.045,GasterBlaster,5,323.5,308.5,323.5,308.5,80,0.1,0
0,GasterBlaster,5,323.5,308.5,323.5,308.5,260,0.1,0
0.045,GasterBlaster,5,323.5,308.5,323.5,308.5,90,0.1,0
0,GasterBlaster,5,323.5,308.5,323.5,308.5,270,0.1,0
0.045,GasterBlaster,5,323.5,308.5,323.5,308.5,100,0.1,0
0,GasterBlaster,5,323.5,308.5,323.5,308.5,280,0.1,0
0.045,GasterBlaster,5,323.5,308.5,323.5,308.5,110,0.1,0
0,GasterBlaster,5,323.5,308.5,323.5,308.5,290,0.1,0
0.045,GasterBlaster,5,323.5,308.5,323.5,308.5,120,0.1,0
0,GasterBlaster,5,323.5,308.5,323.5,308.5,300,0.1,0
0.045,GasterBlaster,5,323.5,308.5,323.5,308.5,130,0.1,0
0,GasterBlaster,5,323.5,308.5,323.5,308.5,310,0.1,0
0.045,GasterBlaster,5,323.5,308.5,323.5,308.5,140,0.1,0
0,GasterBlaster,5,323.5,308.5,323.5,308.5,320,0.1,0
0.045,GasterBlaster,5,323.5,308.5,323.5,308.5,150,0.1,0
0,GasterBlaster,5,323.5,308.5,323.5,308.5,330,0.1,0
0.045,GasterBlaster,5,323.5,308.5,323.5,308.5,160,0.1,0
0,GasterBlaster,5,323.5,308.5,323.5,308.5,340,0.1,0
0.045,GasterBlaster,5,323.5,308.5,323.5,308.5,170,0.1,0
0,GasterBlaster,5,323.5,308.5,323.5,308.5,350,0.1,0
0.045,GasterBlaster,5,323.5,308.5,323.5,308.5,180,0.1,0
0,GasterBlaster,5,323.5,308.5,323.5,308.5,0,0.1,0
0.045,GasterBlaster,5,323.5,308.5,323.5,308.5,190,0.1,0
0,GasterBlaster,5,323.5,308.5,323.5,308.5,10,0.1,0
0.045,GasterBlaster,5,323.5,308.5,323.5,308.5,200,0.1,0
0,GasterBlaster,5,323.5,308.5,323.5,308.5,20,0.1,0
0.045,GasterBlaster,5,323.5,308.5,323.5,308.5,210,0.1,0
0,GasterBlaster,5,323.5,308.5,323.5,308.5,30,0.1,0
0.045,GasterBlaster,5,323.5,308.5,323.5,308.5,220,0.1,0
0,GasterBlaster,5,323.5,308.5,323.5,308.5,40,0.1,0
0.045,GasterBlaster,5,323.5,308.5,323.5,308.5,230,0.1,0
0,GasterBlaster,5,323.5,308.5,323.5,308.5,50,0.1,0
0.045,GasterBlaster,5,323.5,308.5,323.5,308.5,240,0.1,0
0,GasterBlaster,5,323.5,308.5,323.5,308.5,60,0.1,0
0.045,GasterBlaster,5,323.5,308.5,323.5,308.5,250,0.1,0
0,GasterBlaster,5,323.5,308.5,323.5,308.5,70,0.1,0
0.045,GasterBlaster,5,323.5,308.5,323.5,308.5,260,0.1,0
0,GasterBlaster,5,323.5,308.5,323.5,308.5,80,0.1,0
0.045,GasterBlaster,5,323.5,308.5,323.5,308.5,270,0.1,0
0,GasterBlaster,5,323.5,308.5,323.5,308.5,90,0.1,0
0.045,GasterBlaster,5,323.5,308.5,323.5,308.5,280,0.1,0
0,GasterBlaster,5,323.5,308.5,323.5,308.5,100,0.1,0
0.045,GasterBlaster,5,323.5,308.5,323.5,308.5,290,0.1,0
0,GasterBlaster,5,323.5,308.5,323.5,308.5,110,0.1,0
0.045,GasterBlaster,5,323.5,308.5,323.5,308.5,300,0.1,0
0,GasterBlaster,5,323.5,308.5,323.5,308.5,120,0.1,0
0.045,GasterBlaster,5,323.5,308.5,323.5,308.5,310,0.1,0
0,GasterBlaster,5,323.5,308.5,323.5,308.5,130,0.1,0
0.045,GasterBlaster,5,323.5,308.5,323.5,308.5,320,0.1,0
0,GasterBlaster,5,323.5,308.5,323.5,308.5,140,0.1,0
0.045,GasterBlaster,5,323.5,308.5,323.5,308.5,330,0.1,0
0,GasterBlaster,5,323.5,308.5,323.5,308.5,150,0.1,0
0.045,GasterBlaster,5,323.5,308.5,323.5,308.5,340,0.1,0
0,GasterBlaster,5,323.5,308.5,323.5,308.5,160,0.1,0
0.045,GasterBlaster,5,323.5,308.5,323.5,308.5,350,0.1,0
0,GasterBlaster,5,323.5,308.5,323.5,308.5,170,0.1,0
0.2,,,,,,,,,
0.045,GasterBlaster,5,323.5,308.5,323.5,308.5,0,0.1,0
0,GasterBlaster,5,323.5,308.5,323.5,308.5,180,0.1,0
0,GasterBlaster,5,323.5,308.5,323.5,308.5,90,0.1,0
0,GasterBlaster,5,323.5,308.5,323.5,308.5,270,0.1,0
0.045,GasterBlaster,5,323.5,308.5,323.5,308.5,5,0.1,0
0,GasterBlaster,5,323.5,308.5,323.5,308.5,185,0.1,0
0,GasterBlaster,5,323.5,308.5,323.5,308.5,95,0.1,0
0,GasterBlaster,5,323.5,308.5,323.5,308.5,275,0.1,0
0.045,GasterBlaster,5,323.5,308.5,323.5,308.5,10,0.1,0
0,GasterBlaster,5,323.5,308.5,323.5,308.5,190,0.1,0
0,GasterBlaster,5,323.5,308.5,323.5,308.5,100,0.1,0
0,GasterBlaster,5,323.5,308.5,323.5,308.5,280,0.1,0
0.045,GasterBlaster,5,323.5,308.5,323.5,308.5,15,0.1,0
0,GasterBlaster,5,323.5,308.5,323.5,308.5,195,0.1,0
0,GasterBlaster,5,323.5,308.5,323.5,308.5,105,0.1,0
0,GasterBlaster,5,323.5,308.5,323.5,308.5,285,0.1,0
0.045,GasterBlaster,5,323.5,308.5,323.5,308.5,20,0.1,0
0,GasterBlaster,5,323.5,308.5,323.5,308.5,200,0.1,0
0,GasterBlaster,5,323.5,308.5,323.5,308.5,110,0.1,0
0,GasterBlaster,5,323.5,308.5,323.5,308.5,290,0.1,0
0.045,GasterBlaster,5,323.5,308.5,323.5,308.5,25,0.1,0
0,GasterBlaster,5,323.5,308.5,323.5,308.5,205,0.1,0
0,GasterBlaster,5,323.5,308.5,323.5,308.5,115,0.1,0
0,GasterBlaster,5,323.5,308.5,323.5,308.5,295,0.1,0
0.045,GasterBlaster,5,323.5,308.5,323.5,308.5,30,0.1,0
0,GasterBlaster,5,323.5,308.5,323.5,308.5,210,0.1,0
0,GasterBlaster,5,323.5,308.5,323.5,308.5,120,0.1,0
0,GasterBlaster,5,323.5,308.5,323.5,308.5,300,0.1,0
0.045,GasterBlaster,5,323.5,308.5,323.5,308.5,35,0.1,0
0,GasterBlaster,5,323.5,308.5,323.5,308.5,215,0.1,0
0,GasterBlaster,5,323.5,308.5,323.5,308.5,125,0.1,0
0,GasterBlaster,5,323.5,308.5,323.5,308.5,305,0.1,0
0.045,GasterBlaster,5,323.5,308.5,323.5,308.5,40,0.1,0
0,GasterBlaster,5,323.5,308.5,323.5,308.5,220,0.1,0
0,GasterBlaster,5,323.5,308.5,323.5,308.5,130,0.1,0
0,GasterBlaster,5,323.5,308.5,323.5,308.5,310,0.1,0
0.045,GasterBlaster,5,323.5,308.5,323.5,308.5,45,0.1,0
0,GasterBlaster,5,323.5,308.5,323.5,308.5,225,0.1,0
0,GasterBlaster,5,323.5,308.5,323.5,308.5,135,0.1,0
0,GasterBlaster,5,323.5,308.5,323.5,308.5,315,0.1,0
0.045,GasterBlaster,5,323.5,308.5,323.5,308.5,50,0.1,0
0,GasterBlaster,5,323.5,308.5,323.5,308.5,230,0.1,0
0,GasterBlaster,5,323.5,308.5,323.5,308.5,140,0.1,0
0,GasterBlaster,5,323.5,308.5,323.5,308.5,320,0.1,0
0.045,GasterBlaster,5,323.5,308.5,323.5,308.5,55,0.1,0
0,GasterBlaster,5,323.5,308.5,323.5,308.5,235,0.1,0
0,GasterBlaster,5,323.5,308.5,323.5,308.5,145,0.1,0
0,GasterBlaster,5,323.5,308.5,323.5,308.5,325,0.1,0
0.045,GasterBlaster,5,323.5,308.5,323.5,308.5,60,0.1,0
0,GasterBlaster,5,323.5,308.5,323.5,308.5,240,0.1,0
0,GasterBlaster,5,323.5,308.5,323.5,308.5,150,0.1,0
0,GasterBlaster,5,323.5,308.5,323.5,308.5,330,0.1,0
0.045,GasterBlaster,5,323.5,308.5,323.5,308.5,65,0.1,0
0,GasterBlaster,5,323.5,308.5,323.5,308.5,245,0.1,0
0,GasterBlaster,5,323.5,308.5,323.5,308.5,155,0.1,0
0,GasterBlaster,5,323.5,308.5,323.5,308.5,335,0.1,0
0.045,GasterBlaster,5,323.5,308.5,323.5,308.5,70,0.1,0
0,GasterBlaster,5,323.5,308.5,323.5,308.5,250,0.1,0
0,GasterBlaster,5,323.5,308.5,323.5,308.5,160,0.1,0
0,GasterBlaster,5,323.5,308.5,323.5,308.5,340,0.1,0
0.045,GasterBlaster,5,323.5,308.5,323.5,308.5,75,0.1,0
0,GasterBlaster,5,323.5,308.5,323.5,308.5,255,0.1,0
0,GasterBlaster,5,323.5,308.5,323.5,308.5,165,0.1,0
0,GasterBlaster,5,323.5,308.5,323.5,308.5,345,0.1,0
0.045,GasterBlaster,5,323.5,308.5,323.5,308.5,80,0.1,0
0,GasterBlaster,5,323.5,308.5,323.5,308.5,260,0.1,0
0,GasterBlaster,5,323.5,308.5,323.5,308.5,170,0.1,0
0,GasterBlaster,5,323.5,308.5,323.5,308.5,350,0.1,0
0.045,GasterBlaster,5,323.5,308.5,323.5,308.5,85,0.1,0
0,GasterBlaster,5,323.5,308.5,323.5,308.5,265,0.1,0
0,GasterBlaster,5,323.5,308.5,323.5,308.5,175,0.1,0
0,GasterBlaster,5,323.5,308.5,323.5,308.5,355,0.1,0
0.045,GasterBlaster,5,323.5,308.5,323.5,308.5,90,0.1,0
0,GasterBlaster,5,323.5,308.5,323.5,308.5,270,0.1,0
0,GasterBlaster,5,323.5,308.5,323.5,308.5,180,0.1,0
0,GasterBlaster,5,323.5,308.5,323.5,308.5,0,0.1,0
0.045,GasterBlaster,5,323.5,308.5,323.5,308.5,95,0.1,0
0,GasterBlaster,5,323.5,308.5,323.5,308.5,275,0.1,0
0,GasterBlaster,5,323.5,308.5,323.5,308.5,185,0.1,0
0,GasterBlaster,5,323.5,308.5,323.5,308.5,5,0.1,0
0.045,GasterBlaster,5,323.5,308.5,323.5,308.5,100,0.1,0
0,GasterBlaster,5,323.5,308.5,323.5,308.5,280,0.1,0
0,GasterBlaster,5,323.5,308.5,323.5,308.5,190,0.1,0
0,GasterBlaster,5,323.5,308.5,323.5,308.5,10,0.1,0
0.045,GasterBlaster,5,323.5,308.5,323.5,308.5,105,0.1,0
0,GasterBlaster,5,323.5,308.5,323.5,308.5,285,0.1,0
0,GasterBlaster,5,323.5,308.5,323.5,308.5,195,0.1,0
0,GasterBlaster,5,323.5,308.5,323.5,308.5,15,0.1,0
0.045,GasterBlaster,5,323.5,308.5,323.5,308.5,110,0.1,0
0,GasterBlaster,5,323.5,308.5,323.5,308.5,290,0.1,0
0,GasterBlaster,5,323.5,308.5,323.5,308.5,200,0.1,0
0,GasterBlaster,5,323.5,308.5,323.5,308.5,20,0.1,0
0.045,GasterBlaster,5,323.5,308.5,323.5,308.5,115,0.1,0
0,GasterBlaster,5,323.5,308.5,323.5,308.5,295,0.1,0
0,GasterBlaster,5,323.5,308.5,323.5,308.5,205,0.1,0
0,GasterBlaster,5,323.5,308.5,323.5,308.5,25,0.1,0
0.045,GasterBlaster,5,323.5,308.5,323.5,308.5,120,0.1,0
0,GasterBlaster,5,323.5,308.5,323.5,308.5,300,0.1,0
0,GasterBlaster,5,323.5,308.5,323.5,308.5,210,0.1,0
0,GasterBlaster,5,323.5,308.5,323.5,308.5,30,0.1,0
0.045,GasterBlaster,5,323.5,308.5,323.5,308.5,125,0.1,0
0,GasterBlaster,5,323.5,308.5,323.5,308.5,305,0.1,0
0,GasterBlaster,5,323.5,308.5,323.5,308.5,215,0.1,0
0,GasterBlaster,5,323.5,308.5,323.5,308.5,35,0.1,0
0.045,GasterBlaster,5,323.5,308.5,323.5,308.5,130,0.1,0
0,GasterBlaster,5,323.5,308.5,323.5,308.5,310,0.1,0
0,GasterBlaster,5,323.5,308.5,323.5,308.5,220,0.1,0
0,GasterBlaster,5,323.5,308.5,323.5,308.5,40,0.1,0
0.045,GasterBlaster,5,323.5,308.5,323.5,308.5,135,0.1,0
0,GasterBlaster,5,323.5,308.5,323.5,308.5,315,0.1,0
0,GasterBlaster,5,323.5,308.5,323.5,308.5,225,0.1,0
0,GasterBlaster,5,323.5,308.5,323.5,308.5,45,0.1,0
0.045,GasterBlaster,5,323.5,308.5,323.5,308.5,140,0.1,0
0,GasterBlaster,5,323.5,308.5,323.5,308.5,320,0.1,0
0,GasterBlaster,5,323.5,308.5,323.5,308.5,230,0.1,0
0,GasterBlaster,5,323.5,308.5,323.5,308.5,50,0.1,0
0.045,GasterBlaster,5,323.5,308.5,323.5,308.5,145,0.1,0
0,GasterBlaster,5,323.5,308.5,323.5,308.5,325,0.1,0
0,GasterBlaster,5,323.5,308.5,323.5,308.5,235,0.1,0
0,GasterBlaster,5,323.5,308.5,323.5,308.5,55,0.1,0
0.045,GasterBlaster,5,323.5,308.5,323.5,308.5,150,0.1,0
0,GasterBlaster,5,323.5,308.5,323.5,308.5,330,0.1,0
0,GasterBlaster,5,323.5,308.5,323.5,308.5,240,0.1,0
0,GasterBlaster,5,323.5,308.5,323.5,308.5,60,0.1,0
0.045,GasterBlaster,5,323.5,308.5,323.5,308.5,155,0.1,0
0,GasterBlaster,5,323.5,308.5,323.5,308.5,335,0.1,0
0,GasterBlaster,5,323.5,308.5,323.5,308.5,245,0.1,0
0,GasterBlaster,5,323.5,308.5,323.5,308.5,65,0.1,0
0.045,GasterBlaster,5,323.5,308.5,323.5,308.5,160,0.1,0
0,GasterBlaster,5,323.5,308.5,323.5,308.5,340,0.1,0
0,GasterBlaster,5,323.5,308.5,323.5,308.5,250,0.1,0
0,GasterBlaster,5,323.5,308.5,323.5,308.5,70,0.1,0
0.045,GasterBlaster,5,323.5,308.5,323.5,308.5,165,0.1,0
0,GasterBlaster,5,323.5,308.5,323.5,308.5,345,0.1,0
0,GasterBlaster,5,323.5,308.5,323.5,308.5,255,0.1,0
0,GasterBlaster,5,323.5,308.5,323.5,308.5,75,0.1,0
0.045,GasterBlaster,5,323.5,308.5,323.5,308.5,170,0.1,0
0,GasterBlaster,5,323.5,308.5,323.5,308.5,350,0.1,0
0,GasterBlaster,5,323.5,308.5,323.5,308.5,260,0.1,0
0,GasterBlaster,5,323.5,308.5,323.5,308.5,80,0.1,0
0.045,GasterBlaster,5,323.5,308.5,323.5,308.5,175,0.1,0
0,GasterBlaster,5,323.5,308.5,323.5,308.5,355,0.1,0
0,GasterBlaster,5,323.5,308.5,323.5,308.5,265,0.1,0
0,GasterBlaster,5,323.5,308.5,323.5,308.5,85,0.1,0
,,,,,,,,,
0.045,GasterBlaster,5,323.5,308.5,323.5,308.5,0,0.1,0
0,GasterBlaster,5,323.5,308.5,323.5,308.5,180,0.1,0
0,GasterBlaster,5,323.5,308.5,323.5,308.5,90,0.1,0
0,GasterBlaster,5,323.5,308.5,323.5,308.5,270,0.1,0
0.045,GasterBlaster,5,323.5,308.5,323.5,308.5,5,0.1,0
0,GasterBlaster,5,323.5,308.5,323.5,308.5,185,0.1,0
0,GasterBlaster,5,323.5,308.5,323.5,308.5,95,0.1,0
0,GasterBlaster,5,323.5,308.5,323.5,308.5,275,0.1,0
0.045,GasterBlaster,5,323.5,308.5,323.5,308.5,10,0.1,0
0,GasterBlaster,5,323.5,308.5,323.5,308.5,190,0.1,0
0,GasterBlaster,5,323.5,308.5,323.5,308.5,100,0.1,0
0,GasterBlaster,5,323.5,308.5,323.5,308.5,280,0.1,0
0.045,GasterBlaster,5,323.5,308.5,323.5,308.5,15,0.1,0
0,GasterBlaster,5,323.5,308.5,323.5,308.5,195,0.1,0
0,GasterBlaster,5,323.5,308.5,323.5,308.5,105,0.1,0
0,GasterBlaster,5,323.5,308.5,323.5,308.5,285,0.1,0
0.045,GasterBlaster,5,323.5,308.5,323.5,308.5,20,0.1,0
0,GasterBlaster,5,323.5,308.5,323.5,308.5,200,0.1,0
0,GasterBlaster,5,323.5,308.5,323.5,308.5,110,0.1,0
0,GasterBlaster,5,323.5,308.5,323.5,308.5,290,0.1,0
0.045,GasterBlaster,5,323.5,308.5,323.5,308.5,25,0.1,0
0,GasterBlaster,5,323.5,308.5,323.5,308.5,205,0.1,0
0,GasterBlaster,5,323.5,308.5,323.5,308.5,115,0.1,0
0,GasterBlaster,5,323.5,308.5,323.5,308.5,295,0.1,0
0.045,GasterBlaster,5,323.5,308.5,323.5,308.5,30,0.1,0
0,GasterBlaster,5,323.5,308.5,323.5,308.5,210,0.1,0
0,GasterBlaster,5,323.5,308.5,323.5,308.5,120,0.1,0
0,GasterBlaster,5,323.5,308.5,323.5,308.5,300,0.1,0
0.045,GasterBlaster,5,323.5,308.5,323.5,308.5,35,0.1,0
0,GasterBlaster,5,323.5,308.5,323.5,308.5,215,0.1,0
0,GasterBlaster,5,323.5,308.5,323.5,308.5,125,0.1,0
0,GasterBlaster,5,323.5,308.5,323.5,308.5,305,0.1,0
0.045,GasterBlaster,5,323.5,308.5,323.5,308.5,40,0.1,0
0,GasterBlaster,5,323.5,308.5,323.5,308.5,220,0.1,0
0,GasterBlaster,5,323.5,308.5,323.5,308.5,130,0.1,0
0,GasterBlaster,5,323.5,308.5,323.5,308.5,310,0.1,0
0.045,GasterBlaster,5,323.5,308.5,323.5,308.5,45,0.1,0
0,GasterBlaster,5,323.5,308.5,323.5,308.5,225,0.1,0
0,GasterBlaster,5,323.5,308.5,323.5,308.5,135,0.1,0
0,GasterBlaster,5,323.5,308.5,323.5,308.5,315,0.1,0
0.045,GasterBlaster,5,323.5,308.5,323.5,308.5,50,0.1,0
0,GasterBlaster,5,323.5,308.5,323.5,308.5,230,0.1,0
0,GasterBlaster,5,323.5,308.5,323.5,308.5,140,0.1,0
0,GasterBlaster,5,323.5,308.5,323.5,308.5,320,0.1,0
0.045,GasterBlaster,5,323.5,308.5,323.5,308.5,55,0.1,0
0,GasterBlaster,5,323.5,308.5,323.5,308.5,235,0.1,0
0,GasterBlaster,5,323.5,308.5,323.5,308.5,145,0.1,0
0,GasterBlaster,5,323.5,308.5,323.5,308.5,325,0.1,0
0.045,GasterBlaster,5,323.5,308.5,323.5,308.5,60,0.1,0
0,GasterBlaster,5,323.5,308.5,323.5,308.5,240,0.1,0
0,GasterBlaster,5,323.5,308.5,323.5,308.5,150,0.1,0
0,GasterBlaster,5,323.5,308.5,323.5,308.5,330,0.1,0
0.045,GasterBlaster,5,323.5,308.5,323.5,308.5,65,0.1,0
0,GasterBlaster,5,323.5,308.5,323.5,308.5,245,0.1,0
0,GasterBlaster,5,323.5,308.5,323.5,308.5,155,0.1,0
0,GasterBlaster,5,323.5,308.5,323.5,308.5,335,0.1,0
0.045,GasterBlaster,5,323.5,308.5,323.5,308.5,70,0.1,0
0,GasterBlaster,5,323.5,308.5,323.5,308.5,250,0.1,0
0,GasterBlaster,5,323.5,308.5,323.5,308.5,160,0.1,0
0,GasterBlaster,5,323.5,308.5,323.5,308.5,340,0.1,0
0.045,GasterBlaster,5,323.5,308.5,323.5,308.5,75,0.1,0
0,GasterBlaster,5,323.5,308.5,323.5,308.5,255,0.1,0
0,GasterBlaster,5,323.5,308.5,323.5,308.5,165,0.1,0
0,GasterBlaster,5,323.5,308.5,323.5,308.5,345,0.1,0
0.045,GasterBlaster,5,323.5,308.5,323.5,308.5,80,0.1,0
0,GasterBlaster,5,323.5,308.5,323.5,308.5,260,0.1,0
0,GasterBlaster,5,323.5,308.5,323.5,308.5,170,0.1,0
0,GasterBlaster,5,323.5,308.5,323.5,308.5,350,0.1,0
0.045,GasterBlaster,5,323.5,308.5,323.5,308.5,85,0.1,0
0,GasterBlaster,5,323.5,308.5,323.5,308.5,265,0.1,0
0,GasterBlaster,5,323.5,308.5,323.5,308.5,175,0.1,0
0,GasterBlaster,5,323.5,308.5,323.5,308.5,355,0.1,0
0.045,GasterBlaster,5,323.5,308.5,323.5,308.5,90,0.1,0
0,GasterBlaster,5,323.5,308.5,323.5,308.5,270,0.1,0
0,GasterBlaster,5,323.5,308.5,323.5,308.5,180,0.1,0
0,GasterBlaster,5,323.5,308.5,323.5,308.5,0,0.1,0
0.045,GasterBlaster,5,323.5,308.5,323.5,308.5,95,0.1,0
0,GasterBlaster,5,323.5,308.5,323.5,308.5,275,0.1,0
0,GasterBlaster,5,323.5,308.5,323.5,308.5,185,0.1,0
0,GasterBlaster,5,323.5,308.5,323.5,308.5,5,0.1,0
0.045,GasterBlaster,5,323.5,308.5,323.5,308.5,100,0.1,0
0,GasterBlaster,5,323.5,308.5,323.5,308.5,280,0.1,0
0,GasterBlaster,5,323.5,308.5,323.5,308.5,190,0.1,0
0,GasterBlaster,5,323.5,308.5,323.5,308.5,10,0.1,0
0.045,GasterBlaster,5,323.5,308.5,323.5,308.5,105,0.1,0
0,GasterBlaster,5,323.5,308.5,323.5,308.5,285,0.1,0
0,GasterBlaster,5,323.5,308.5,323.5,308.5,195,0.1,0
0,GasterBlaster,5,323.5,308.5,323.5,308.5,15,0.1,0
0.045,GasterBlaster,5,323.5,308.5,323.5,308.5,110,0.1,0
0,GasterBlaster,5,323.5,308.5,323.5,308.5,290,0.1,0
0,GasterBlaster,5,323.5,308.5,323.5,308.5,200,0.1,0
0,GasterBlaster,5,323.5,308.5,323.5,308.5,20,0.1,0
0.045,GasterBlaster,5,323.5,308.5,323.5,308.5,115,0.1,0
0,GasterBlaster,5,323.5,308.5,323.5,308.5,295,0.1,0
0,GasterBlaster,5,323.5,308.5,323.5,308.5,205,0.1,0
0,GasterBlaster,5,323.5,308.5,323.5,308.5,25,0.1,0
0.045,GasterBlaster,5,323.5,308.5,323.5,308.5,120,0.1,0
0,GasterBlaster,5,323.5,308.5,323.5,308.5,300,0.1,0
0,GasterBlaster,5,323.5,308.5,323.5,308.5,210,0.1,0
0,GasterBlaster,5,323.5,308.5,323.5,308.5,30,0.1,0
0.045,GasterBlaster,5,323.5,308.5,323.5,308.5,125,0.1,0
0,GasterBlaster,5,323.5,308.5,323.5,308.5,305,0.1,0
0,GasterBlaster,5,323.5,308.5,323.5,308.5,215,0.1,0
0,GasterBlaster,5,323.5,308.5,323.5,308.5,35,0.1,0
0.045,GasterBlaster,5,323.5,308.5,323.5,308.5,130,0.1,0
0,GasterBlaster,5,323.5,308.5,323.5,308.5,310,0.1,0
0,GasterBlaster,5,323.5,308.5,323.5,308.5,220,0.1,0
0,GasterBlaster,5,323.5,308.5,323.5,308.5,40,0.1,0
0.045,GasterBlaster,5,323.5,308.5,323.5,308.5,135,0.1,0
0,GasterBlaster,5,323.5,308.5,323.5,308.5,315,0.1,0
0,GasterBlaster,5,323.5,308.5,323.5,308.5,225,0.1,0
0,GasterBlaster,5,323.5,308.5,323.5,308.5,45,0.1,0
0.045,GasterBlaster,5,323.5,308.5,323.5,308.5,140,0.1,0
0,GasterBlaster,5,323.5,308.5,323.5,308.5,320,0.1,0
0,GasterBlaster,5,323.5,308.5,323.5,308.5,230,0.1,0
0,GasterBlaster,5,323.5,308.5,323.5,308.5,50,0.1,0
0.045,GasterBlaster,5,323.5,308.5,323.5,308.5,145,0.1,0
0,GasterBlaster,5,323.5,308.5,323.5,308.5,325,0.1,0
0,GasterBlaster,5,323.5,308.5,323.5,308.5,235,0.1,0
0,GasterBlaster,5,323.5,308.5,323.5,308.5,55,0.1,0
0.045,GasterBlaster,5,323.5,308.5,323.5,308.5,150,0.1,0
0,GasterBlaster,5,323.5,308.5,323.5,308.5,330,0.1,0
0,GasterBlaster,5,323.5,308.5,323.5,308.5,240,0.1,0
0,GasterBlaster,5,323.5,308.5,323.5,308.5,60,0.1,0
0.045,GasterBlaster,5,323.5,308.5,323.5,308.5,155,0.1,0
0,GasterBlaster,5,323.5,308.5,323.5,308.5,335,0.1,0
0,GasterBlaster,5,323.5,308.5,323.5,308.5,245,0.1,0
0,GasterBlaster,5,323.5,308.5,323.5,308.5,65,0.1,0
0.045,GasterBlaster,5,323.5,308.5,323.5,308.5,160,0.1,0
0,GasterBlaster,5,323.5,308.5,323.5,308.5,340,0.1,0
0,GasterBlaster,5,323.5,308.5,323.5,308.5,250,0.1,0
0,GasterBlaster,5,323.5,308.5,323.5,308.5,70,0.1,0
0.045,GasterBlaster,5,323.5,308.5,323.5,308.5,165,0.1,0
0,GasterBlaster,5,323.5,308.5,323.5,308.5,345,0.1,0
0,GasterBlaster,5,323.5,308.5,323.5,308.5,255,0.1,0
0,GasterBlaster,5,323.5,308.5,323.5,308.5,75,0.1,0
0.045,GasterBlaster,5,323.5,308.5,323.5,308.5,170,0.1,0
0,GasterBlaster,5,323.5,308.5,323.5,308.5,350,0.1,0
0,GasterBlaster,5,323.5,308.5,323.5,308.5,260,0.1,0
0,GasterBlaster,5,323.5,308.5,323.5,308.5,80,0.1,0
0.045,GasterBlaster,5,323.5,308.5,323.5,308.5,175,0.1,0
0,GasterBlaster,5,323.5,308.5,323.5,308.5,355,0.1,0
0,GasterBlaster,5,323.5,308.5,323.5,308.5,265,0.1,0
0,GasterBlaster,5,323.5,308.5,323.5,308.5,85,0.1,0
,,,,,,,,0.1,0
0.045,GasterBlaster,5,323.5,308.5,323.5,308.5,0,0.1,0
0,GasterBlaster,5,323.5,308.5,323.5,308.5,180,0.1,0
0,GasterBlaster,5,323.5,308.5,323.5,308.5,90,0.1,0
0,GasterBlaster,5,323.5,308.5,323.5,308.5,270,0.1,0
0.045,GasterBlaster,5,323.5,308.5,323.5,308.5,5,0.1,0
0,GasterBlaster,5,323.5,308.5,323.5,308.5,185,0.1,0
0,GasterBlaster,5,323.5,308.5,323.5,308.5,95,0.1,0
0,GasterBlaster,5,323.5,308.5,323.5,308.5,275,0.1,0
0.045,GasterBlaster,5,323.5,308.5,323.5,308.5,10,0.1,0
0,GasterBlaster,5,323.5,308.5,323.5,308.5,190,0.1,0
0,GasterBlaster,5,323.5,308.5,323.5,308.5,100,0.1,0
0,GasterBlaster,5,323.5,308.5,323.5,308.5,280,0.1,0
0.045,GasterBlaster,5,323.5,308.5,323.5,308.5,15,0.1,0
0,GasterBlaster,5,323.5,308.5,323.5,308.5,195,0.1,0
0,GasterBlaster,5,323.5,308.5,323.5,308.5,105,0.1,0
0,GasterBlaster,5,323.5,308.5,323.5,308.5,285,0.1,0
0.045,GasterBlaster,5,323.5,308.5,323.5,308.5,20,0.1,0
0,GasterBlaster,5,323.5,308.5,323.5,308.5,200,0.1,0
0,GasterBlaster,5,323.5,308.5,323.5,308.5,110,0.1,0
0,GasterBlaster,5,323.5,308.5,323.5,308.5,290,0.1,0
0.045,GasterBlaster,5,323.5,308.5,323.5,308.5,25,0.1,0
0,GasterBlaster,5,323.5,308.5,323.5,308.5,205,0.1,0
0,GasterBlaster,5,323.5,308.5,323.5,308.5,115,0.1,0
0,GasterBlaster,5,323.5,308.5,323.5,308.5,295,0.1,0
0.045,GasterBlaster,5,323.5,308.5,323.5,308.5,30,0.1,0
0,GasterBlaster,5,323.5,308.5,323.5,308.5,210,0.1,0
0,GasterBlaster,5,323.5,308.5,323.5,308.5,120,0.1,0
0,GasterBlaster,5,323.5,308.5,323.5,308.5,300,0.1,0
0.045,GasterBlaster,5,323.5,308.5,323.5,308.5,35,0.1,0
0,GasterBlaster,5,323.5,308.5,323.5,308.5,215,0.1,0
0,GasterBlaster,5,323.5,308.5,323.5,308.5,125,0.1,0
0,GasterBlaster,5,323.5,308.5,323.5,308.5,305,0.1,0
0.045,GasterBlaster,5,323.5,308.5,323.5,308.5,40,0.1,0
0,GasterBlaster,5,323.5,308.5,323.5,308.5,220,0.1,0
0,GasterBlaster,5,323.5,308.5,323.5,308.5,130,0.1,0
0,GasterBlaster,5,323.5,308.5,323.5,308.5,310,0.1,0
0.045,GasterBlaster,5,323.5,308.5,323.5,308.5,45,0.1,0
0,GasterBlaster,5,323.5,308.5,323.5,308.5,225,0.1,0
0,GasterBlaster,5,323.5,308.5,323.5,308.5,135,0.1,0
0,GasterBlaster,5,323.5,308.5,323.5,308.5,315,0.1,0
0.045,GasterBlaster,5,323.5,308.5,323.5,308.5,50,0.1,0
0,GasterBlaster,5,323.5,308.5,323.5,308.5,230,0.1,0
0,GasterBlaster,5,323.5,308.5,323.5,308.5,140,0.1,0
0,GasterBlaster,5,323.5,308.5,323.5,308.5,320,0.1,0
0.045,GasterBlaster,5,323.5,308.5,323.5,308.5,55,0.1,0
0,GasterBlaster,5,323.5,308.5,323.5,308.5,235,0.1,0
0,GasterBlaster,5,323.5,308.5,323.5,308.5,145,0.1,0
0,GasterBlaster,5,323.5,308.5,323.5,308.5,325,0.1,0
0.045,GasterBlaster,5,323.5,308.5,323.5,308.5,60,0.1,0
0,GasterBlaster,5,323.5,308.5,323.5,308.5,240,0.1,0
0,GasterBlaster,5,323.5,308.5,323.5,308.5,150,0.1,0
0,GasterBlaster,5,323.5,308.5,323.5,308.5,330,0.1,0
0.045,GasterBlaster,5,323.5,308.5,323.5,308.5,65,0.1,0
0,GasterBlaster,5,323.5,308.5,323.5,308.5,245,0.1,0
0,GasterBlaster,5,323.5,308.5,323.5,308.5,155,0.1,0
0,GasterBlaster,5,323.5,308.5,323.5,308.5,335,0.1,0
0.045,GasterBlaster,5,323.5,308.5,323.5,308.5,70,0.1,0
0,GasterBlaster,5,323.5,308.5,323.5,308.5,250,0.1,0
0,GasterBlaster,5,323.5,308.5,323.5,308.5,160,0.1,0
0,GasterBlaster,5,323.5,308.5,323.5,308.5,340,0.1,0
0.045,GasterBlaster,5,323.5,308.5,323.5,308.5,75,0.1,0
0,GasterBlaster,5,323.5,308.5,323.5,308.5,255,0.1,0
0,GasterBlaster,5,323.5,308.5,323.5,308.5,165,0.1,0
0,GasterBlaster,5,323.5,308.5,323.5,308.5,345,0.1,0
0.045,GasterBlaster,5,323.5,308.5,323.5,308.5,80,0.1,0
0,GasterBlaster,5,323.5,308.5,323.5,308.5,260,0.1,0
0,GasterBlaster,5,323.5,308.5,323.5,308.5,170,0.1,0
0,GasterBlaster,5,323.5,308.5,323.5,308.5,350,0.1,0
0.045,GasterBlaster,5,323.5,308.5,323.5,308.5,85,0.1,0
0,GasterBlaster,5,323.5,308.5,323.5,308.5,265,0.1,0
0,GasterBlaster,5,323.5,308.5,323.5,308.5,175,0.1,0
0,GasterBlaster,5,323.5,308.5,323.5,308.5,355,0.1,0
0.045,GasterBlaster,5,323.5,308.5,323.5,308.5,90,0.1,0
0,GasterBlaster,5,323.5,308.5,323.5,308.5,270,0.1,0
0,GasterBlaster,5,323.5,308.5,323.5,308.5,180,0.1,0
0,GasterBlaster,5,323.5,308.5,323.5,308.5,0,0.1,0
0.045,GasterBlaster,5,323.5,308.5,323.5,308.5,95,0.1,0
0,GasterBlaster,5,323.5,308.5,323.5,308.5,275,0.1,0
0,GasterBlaster,5,323.5,308.5,323.5,308.5,185,0.1,0
0,GasterBlaster,5,323.5,308.5,323.5,308.5,5,0.1,0
0.045,GasterBlaster,5,323.5,308.5,323.5,308.5,100,0.1,0
0,GasterBlaster,5,323.5,308.5,323.5,308.5,280,0.1,0
0,GasterBlaster,5,323.5,308.5,323.5,308.5,190,0.1,0
0,GasterBlaster,5,323.5,308.5,323.5,308.5,10,0.1,0
0.045,GasterBlaster,5,323.5,308.5,323.5,308.5,105,0.1,0
0,GasterBlaster,5,323.5,308.5,323.5,308.5,285,0.1,0
0,GasterBlaster,5,323.5,308.5,323.5,308.5,195,0.1,0
0,GasterBlaster,5,323.5,308.5,323.5,308.5,15,0.1,0
0.045,GasterBlaster,5,323.5,308.5,323.5,308.5,110,0.1,0
0,GasterBlaster,5,323.5,308.5,323.5,308.5,290,0.1,0
0,GasterBlaster,5,323.5,308.5,323.5,308.5,200,0.1,0
0,GasterBlaster,5,323.5,308.5,323.5,308.5,20,0.1,0
0.045,GasterBlaster,5,323.5,308.5,323.5,308.5,115,0.1,0
0,GasterBlaster,5,323.5,308.5,323.5,308.5,295,0.1,0
0,GasterBlaster,5,323.5,308.5,323.5,308.5,205,0.1,0
0,GasterBlaster,5,323.5,308.5,323.5,308.5,25,0.1,0
0.045,GasterBlaster,5,323.5,308.5,323.5,308.5,120,0.1,0
0,GasterBlaster,5,323.5,308.5,323.5,308.5,300,0.1,0
0,GasterBlaster,5,323.5,308.5,323.5,308.5,210,0.1,0
0,GasterBlaster,5,323.5,308.5,323.5,308.5,30,0.1,0
0.045,GasterBlaster,5,323.5,308.5,323.5,308.5,125,0.1,0
0,GasterBlaster,5,323.5,308.5,323.5,308.5,305,0.1,0
0,GasterBlaster,5,323.5,308.5,323.5,308.5,215,0.1,0
0,GasterBlaster,5,323.5,308.5,323.5,308.5,35,0.1,0
0.045,GasterBlaster,5,323.5,308.5,323.5,308.5,130,0.1,0
0,GasterBlaster,5,323.5,308.5,323.5,308.5,310,0.1,0
0,GasterBlaster,5,323.5,308.5,323.5,308.5,220,0.1,0
0,GasterBlaster,5,323.5,308.5,323.5,308.5,40,0.1,0
0.045,GasterBlaster,5,323.5,308.5,323.5,308.5,135,0.1,0
0,GasterBlaster,5,323.5,308.5,323.5,308.5,315,0.1,0
0,GasterBlaster,5,323.5,308.5,323.5,308.5,225,0.1,0
0,GasterBlaster,5,323.5,308.5,323.5,308.5,45,0.1,0
0.045,GasterBlaster,5,323.5,308.5,323.5,308.5,140,0.1,0
0,GasterBlaster,5,323.5,308.5,323.5,308.5,320,0.1,0
0,GasterBlaster,5,323.5,308.5,323.5,308.5,230,0.1,0
0,GasterBlaster,5,323.5,308.5,323.5,308.5,50,0.1,0
0.045,GasterBlaster,5,323.5,308.5,323.5,308.5,145,0.1,0
0,GasterBlaster,5,323.5,308.5,323.5,308.5,325,0.1,0
0,GasterBlaster,5,323.5,308.5,323.5,308.5,235,0.1,0
0,GasterBlaster,5,323.5,308.5,323.5,308.5,55,0.1,0
0.045,GasterBlaster,5,323.5,308.5,323.5,308.5,150,0.1,0
0,GasterBlaster,5,323.5,308.5,323.5,308.5,330,0.1,0
0,GasterBlaster,5,323.5,308.5,323.5,308.5,240,0.1,0
0,GasterBlaster,5,323.5,308.5,323.5,308.5,60,0.1,0
0.045,GasterBlaster,5,323.5,308.5,323.5,308.5,155,0.1,0
0,GasterBlaster,5,323.5,308.5,323.5,308.5,335,0.1,0
0,GasterBlaster,5,323.5,308.5,323.5,308.5,245,0.1,0
0,GasterBlaster,5,323.5,308.5,323.5,308.5,65,0.1,0
0.045,GasterBlaster,5,323.5,308.5,323.5,308.5,160,0.1,0
0,GasterBlaster,5,323.5,308.5,323.5,308.5,340,0.1,0
0,GasterBlaster,5,323.5,308.5,323.5,308.5,250,0.1,0
0,GasterBlaster,5,323.5,308.5,323.5,308.5,70,0.1,0
0.045,GasterBlaster,5,323.5,308.5,323.5,308.5,165,0.1,0
0,GasterBlaster,5,323.5,308.5,323.5,308.5,345,0.1,0
0,GasterBlaster,5,323.5,308.5,323.5,308.5,255,0.1,0
0,GasterBlaster,5,323.5,308.5,323.5,308.5,75,0.1,0
0.045,GasterBlaster,5,323.5,308.5,323.5,308.5,170,0.1,0
0,GasterBlaster,5,323.5,308.5,323.5,308.5,350,0.1,0
0,GasterBlaster,5,323.5,308.5,323.5,308.5,260,0.1,0
0,GasterBlaster,5,323.5,308.5,323.5,308.5,80,0.1,0
0.045,GasterBlaster,5,323.5,308.5,323.5,308.5,175,0.1,0
0,GasterBlaster,5,323.5,308.5,323.5,308.5,355,0.1,0
0,GasterBlaster,5,323.5,308.5,323.5,308.5,265,0.1,0
0,GasterBlaster,5,323.5,308.5,323.5,308.5,85,0.1,0
,,,,,,,,0.1,0
0.045,GasterBlaster,5,323.5,308.5,323.5,308.5,0,0.1,0
0,GasterBlaster,5,323.5,308.5,323.5,308.5,180,0.1,0
0,GasterBlaster,5,323.5,308.5,323.5,308.5,90,0.1,0
0,GasterBlaster,5,323.5,308.5,323.5,308.5,270,0.1,0
0.045,GasterBlaster,5,323.5,308.5,323.5,308.5,5,0.1,0
0,GasterBlaster,5,323.5,308.5,323.5,308.5,185,0.1,0
0,GasterBlaster,5,323.5,308.5,323.5,308.5,95,0.1,0
0,GasterBlaster,5,323.5,308.5,323.5,308.5,275,0.1,0
0.045,GasterBlaster,5,323.5,308.5,323.5,308.5,10,0.1,0
0,GasterBlaster,5,323.5,308.5,323.5,308.5,190,0.1,0
0,GasterBlaster,5,323.5,308.5,323.5,308.5,100,0.1,0
0,GasterBlaster,5,323.5,308.5,323.5,308.5,280,0.1,0
0.045,GasterBlaster,5,323.5,308.5,323.5,308.5,15,0.1,0
0,GasterBlaster,5,323.5,308.5,323.5,308.5,195,0.1,0
0,GasterBlaster,5,323.5,308.5,323.5,308.5,105,0.1,0
0,GasterBlaster,5,323.5,308.5,323.5,308.5,285,0.1,0
0.045,GasterBlaster,5,323.5,308.5,323.5,308.5,20,0.1,0
0,GasterBlaster,5,323.5,308.5,323.5,308.5,200,0.1,0
0,GasterBlaster,5,323.5,308.5,323.5,308.5,110,0.1,0
0,GasterBlaster,5,323.5,308.5,323.5,308.5,290,0.1,0
0.045,GasterBlaster,5,323.5,308.5,323.5,308.5,25,0.1,0
0,GasterBlaster,5,323.5,308.5,323.5,308.5,205,0.1,0
0,GasterBlaster,5,323.5,308.5,323.5,308.5,115,0.1,0
0,GasterBlaster,5,323.5,308.5,323.5,308.5,295,0.1,0
0.045,GasterBlaster,5,323.5,308.5,323.5,308.5,30,0.1,0
0,GasterBlaster,5,323.5,308.5,323.5,308.5,210,0.1,0
0,GasterBlaster,5,323.5,308.5,323.5,308.5,120,0.1,0
0,GasterBlaster,5,323.5,308.5,323.5,308.5,300,0.1,0
0.045,GasterBlaster,5,323.5,308.5,323.5,308.5,35,0.1,0
0,GasterBlaster,5,323.5,308.5,323.5,308.5,215,0.1,0
0,GasterBlaster,5,323.5,308.5,323.5,308.5,125,0.1,0
0,GasterBlaster,5,323.5,308.5,323.5,308.5,305,0.1,0
0.045,GasterBlaster,5,323.5,308.5,323.5,308.5,40,0.1,0
0,GasterBlaster,5,323.5,308.5,323.5,308.5,220,0.1,0
0,GasterBlaster,5,323.5,308.5,323.5,308.5,130,0.1,0
0,GasterBlaster,5,323.5,308.5,323.5,308.5,310,0.1,0
0.045,GasterBlaster,5,323.5,308.5,323.5,308.5,45,0.1,0
0,GasterBlaster,5,323.5,308.5,323.5,308.5,225,0.1,0
0,GasterBlaster,5,323.5,308.5,323.5,308.5,135,0.1,0
0,GasterBlaster,5,323.5,308.5,323.5,308.5,315,0.1,0
0.045,GasterBlaster,5,323.5,308.5,323.5,308.5,50,0.1,0
0,GasterBlaster,5,323.5,308.5,323.5,308.5,230,0.1,0
0,GasterBlaster,5,323.5,308.5,323.5,308.5,140,0.1,0
0,GasterBlaster,5,323.5,308.5,323.5,308.5,320,0.1,0
0.045,GasterBlaster,5,323.5,308.5,323.5,308.5,55,0.1,0
0,GasterBlaster,5,323.5,308.5,323.5,308.5,235,0.1,0
0,GasterBlaster,5,323.5,308.5,323.5,308.5,145,0.1,0
0,GasterBlaster,5,323.5,308.5,323.5,308.5,325,0.1,0
0.045,GasterBlaster,5,323.5,308.5,323.5,308.5,60,0.1,0
0,GasterBlaster,5,323.5,308.5,323.5,308.5,240,0.1,0
0,GasterBlaster,5,323.5,308.5,323.5,308.5,150,0.1,0
0,GasterBlaster,5,323.5,308.5,323.5,308.5,330,0.1,0
0.045,GasterBlaster,5,323.5,308.5,323.5,308.5,65,0.1,0
0,GasterBlaster,5,323.5,308.5,323.5,308.5,245,0.1,0
0,GasterBlaster,5,323.5,308.5,323.5,308.5,155,0.1,0
0,GasterBlaster,5,323.5,308.5,323.5,308.5,335,0.1,0
0.045,GasterBlaster,5,323.5,308.5,323.5,308.5,70,0.1,0
0,GasterBlaster,5,323.5,308.5,323.5,308.5,250,0.1,0
0,GasterBlaster,5,323.5,308.5,323.5,308.5,160,0.1,0
0,GasterBlaster,5,323.5,308.5,323.5,308.5,340,0.1,0
0.045,GasterBlaster,5,323.5,308.5,323.5,308.5,75,0.1,0
0,GasterBlaster,5,323.5,308.5,323.5,308.5,255,0.1,0
0,GasterBlaster,5,323.5,308.5,323.5,308.5,165,0.1,0
0,GasterBlaster,5,323.5,308.5,323.5,308.5,345,0.1,0
0.045,GasterBlaster,5,323.5,308.5,323.5,308.5,80,0.1,0
0,GasterBlaster,5,323.5,308.5,323.5,308.5,260,0.1,0
0,GasterBlaster,5,323.5,308.5,323.5,308.5,170,0.1,0
0,GasterBlaster,5,323.5,308.5,323.5,308.5,350,0.1,0
0.045,GasterBlaster,5,323.5,308.5,323.5,308.5,85,0.1,0
0,GasterBlaster,5,323.5,308.5,323.5,308.5,265,0.1,0
0,GasterBlaster,5,323.5,308.5,323.5,308.5,175,0.1,0
0,GasterBlaster,5,323.5,308.5,323.5,308.5,355,0.1,0
0.045,GasterBlaster,5,323.5,308.5,323.5,308.5,90,0.1,0
0,GasterBlaster,5,323.5,308.5,323.5,308.5,270,0.1,0
0,GasterBlaster,5,323.5,308.5,323.5,308.5,180,0.1,0
0,GasterBlaster,5,323.5,308.5,323.5,308.5,0,0.1,0
0.045,GasterBlaster,5,323.5,308.5,323.5,308.5,95,0.1,0
0,GasterBlaster,5,323.5,308.5,323.5,308.5,275,0.1,0
0,GasterBlaster,5,323.5,308.5,323.5,308.5,185,0.1,0
0,GasterBlaster,5,323.5,308.5,323.5,308.5,5,0.1,0
0.045,GasterBlaster,5,323.5,308.5,323.5,308.5,100,0.1,0
0,GasterBlaster,5,323.5,308.5,323.5,308.5,280,0.1,0
0,GasterBlaster,5,323.5,308.5,323.5,308.5,190,0.1,0
0,GasterBlaster,5,323.5,308.5,323.5,308.5,10,0.1,0
0.045,GasterBlaster,5,323.5,308.5,323.5,308.5,105,0.1,0
0,GasterBlaster,5,323.5,308.5,323.5,308.5,285,0.1,0
0,GasterBlaster,5,323.5,308.5,323.5,308.5,195,0.1,0
0,GasterBlaster,5,323.5,308.5,323.5,308.5,15,0.1,0
0.045,GasterBlaster,5,323.5,308.5,323.5,308.5,110,0.1,0
0,GasterBlaster,5,323.5,308.5,323.5,308.5,290,0.1,0
0,GasterBlaster,5,323.5,308.5,323.5,308.5,200,0.1,0
0,GasterBlaster,5,323.5,308.5,323.5,308.5,20,0.1,0
0.045,GasterBlaster,5,323.5,308.5,323.5,308.5,115,0.1,0
0,GasterBlaster,5,323.5,308.5,323.5,308.5,295,0.1,0
0,GasterBlaster,5,323.5,308.5,323.5,308.5,205,0.1,0
0,GasterBlaster,5,323.5,308.5,323.5,308.5,25,0.1,0
0.045,GasterBlaster,5,323.5,308.5,323.5,308.5,120,0.1,0
0,GasterBlaster,5,323.5,308.5,323.5,308.5,300,0.1,0
0,GasterBlaster,5,323.5,308.5,323.5,308.5,210,0.1,0
0,GasterBlaster,5,323.5,308.5,323.5,308.5,30,0.1,0
0.045,GasterBlaster,5,323.5,308.5,323.5,308.5,125,0.1,0
0,GasterBlaster,5,323.5,308.5,323.5,308.5,305,0.1,0
0,GasterBlaster,5,323.5,308.5,323.5,308.5,215,0.1,0
0,GasterBlaster,5,323.5,308.5,323.5,308.5,35,0.1,0
0.045,GasterBlaster,5,323.5,308.5,323.5,308.5,130,0.1,0
0,GasterBlaster,5,323.5,308.5,323.5,308.5,310,0.1,0
0,GasterBlaster,5,323.5,308.5,323.5,308.5,220,0.1,0
0,GasterBlaster,5,323.5,308.5,323.5,308.5,40,0.1,0
0.045,GasterBlaster,5,323.5,308.5,323.5,308.5,135,0.1,0
0,GasterBlaster,5,323.5,308.5,323.5,308.5,315,0.1,0
0,GasterBlaster,5,323.5,308.5,323.5,308.5,225,0.1,0
0,GasterBlaster,5,323.5,308.5,323.5,308.5,45,0.1,0
0.045,GasterBlaster,5,323.5,308.5,323.5,308.5,140,0.1,0
0,GasterBlaster,5,323.5,308.5,323.5,308.5,320,0.1,0
0,GasterBlaster,5,323.5,308.5,323.5,308.5,230,0.1,0
0,GasterBlaster,5,323.5,308.5,323.5,308.5,50,0.1,0
0.045,GasterBlaster,5,323.5,308.5,323.5,308.5,145,0.1,0
0,GasterBlaster,5,323.5,308.5,323.5,308.5,325,0.1,0
0,GasterBlaster,5,323.5,308.5,323.5,308.5,235,0.1,0
0,GasterBlaster,5,323.5,308.5,323.5,308.5,55,0.1,0
0.045,GasterBlaster,5,323.5,308.5,323.5,308.5,150,0.1,0
0,GasterBlaster,5,323.5,308.5,323.5,308.5,330,0.1,0
0,GasterBlaster,5,323.5,308.5,323.5,308.5,240,0.1,0
0,GasterBlaster,5,323.5,308.5,323.5,308.5,60,0.1,0
0.045,GasterBlaster,5,323.5,308.5,323.5,308.5,155,0.1,0
0,GasterBlaster,5,323.5,308.5,323.5,308.5,335,0.1,0
0,GasterBlaster,5,323.5,308.5,323.5,308.5,245,0.1,0
0,GasterBlaster,5,323.5,308.5,323.5,308.5,65,0.1,0
0.045,GasterBlaster,5,323.5,308.5,323.5,308.5,160,0.1,0
0,GasterBlaster,5,323.5,308.5,323.5,308.5,340,0.1,0
0,GasterBlaster,5,323.5,308.5,323.5,308.5,250,0.1,0
0,GasterBlaster,5,323.5,308.5,323.5,308.5,70,0.1,0
0.045,GasterBlaster,5,323.5,308.5,323.5,308.5,165,0.1,0
0,GasterBlaster,5,323.5,308.5,323.5,308.5,345,0.1,0
0,GasterBlaster,5,323.5,308.5,323.5,308.5,255,0.1,0
0,GasterBlaster,5,323.5,308.5,323.5,308.5,75,0.1,0
0.045,GasterBlaster,5,323.5,308.5,323.5,308.5,170,0.1,0
0,GasterBlaster,5,323.5,308.5,323.5,308.5,350,0.1,0
0,GasterBlaster,5,323.5,308.5,323.5,308.5,260,0.1,0
0,GasterBlaster,5,323.5,308.5,323.5,308.5,80,0.1,0
0.045,GasterBlaster,5,323.5,308.5,323.5,308.5,175,0.1,0
0,GasterBlaster,5,323.5,308.5,323.5,308.5,355,0.1,0
0,GasterBlaster,5,323.5,308.5,323.5,308.5,265,0.1,0
0,GasterBlaster,5,323.5,308.5,323.5,308.5,85,0.1,0
,,,,,,,,0.1,0
0.045,GasterBlaster,5,323.5,308.5,323.5,308.5,0,0.1,0
0,GasterBlaster,5,323.5,308.5,323.5,308.5,180,0.1,0
0,GasterBlaster,5,323.5,308.5,323.5,308.5,90,0.1,0
0,GasterBlaster,5,323.5,308.5,323.5,308.5,270,0.1,0
0.045,GasterBlaster,5,323.5,308.5,323.5,308.5,5,0.1,0
0,GasterBlaster,5,323.5,308.5,323.5,308.5,185,0.1,0
0,GasterBlaster,5,323.5,308.5,323.5,308.5,95,0.1,0
0,GasterBlaster,5,323.5,308.5,323.5,308.5,275,0.1,0
0.045,GasterBlaster,5,323.5,308.5,323.5,308.5,10,0.1,0
0,GasterBlaster,5,323.5,308.5,323.5,308.5,190,0.1,0
0,GasterBlaster,5,323.5,308.5,323.5,308.5,100,0.1,0
0,GasterBlaster,5,323.5,308.5,323.5,308.5,280,0.1,0
0.045,GasterBlaster,5,323.5,308.5,323.5,308.5,15,0.1,0
0,GasterBlaster,5,323.5,308.5,323.5,308.5,195,0.1,0
0,GasterBlaster,5,323.5,308.5,323.5,308.5,105,0.1,0
0,GasterBlaster,5,323.5,308.5,323.5,308.5,285,0.1,0
0.045,GasterBlaster,5,323.5,308.5,323.5,308.5,20,0.1,0
0,GasterBlaster,5,323.5,308.5,323.5,308.5,200,0.1,0
0,GasterBlaster,5,323.5,308.5,323.5,308.5,110,0.1,0
0,GasterBlaster,5,323.5,308.5,323.5,308.5,290,0.1,0
0.045,GasterBlaster,5,323.5,308.5,323.5,308.5,25,0.1,0
0,GasterBlaster,5,323.5,308.5,323.5,308.5,205,0.1,0
0,GasterBlaster,5,323.5,308.5,323.5,308.5,115,0.1,0
0,GasterBlaster,5,323.5,308.5,323.5,308.5,295,0.1,0
0.045,GasterBlaster,5,323.5,308.5,323.5,308.5,30,0.1,0
0,GasterBlaster,5,323.5,308.5,323.5,308.5,210,0.1,0
0,GasterBlaster,5,323.5,308.5,323.5,308.5,120,0.1,0
0,GasterBlaster,5,323.5,308.5,323.5,308.5,300,0.1,0
0.045,GasterBlaster,5,323.5,308.5,323.5,308.5,35,0.1,0
0,GasterBlaster,5,323.5,308.5,323.5,308.5,215,0.1,0
0,GasterBlaster,5,323.5,308.5,323.5,308.5,125,0.1,0
0,GasterBlaster,5,323.5,308.5,323.5,308.5,305,0.1,0
0.045,GasterBlaster,5,323.5,308.5,323.5,308.5,40,0.1,0
0,GasterBlaster,5,323.5,308.5,323.5,308.5,220,0.1,0
0,GasterBlaster,5,323.5,308.5,323.5,308.5,130,0.1,0
0,GasterBlaster,5,323.5,308.5,323.5,308.5,310,0.1,0
0.045,GasterBlaster,5,323.5,308.5,323.5,308.5,45,0.1,0
0,GasterBlaster,5,323.5,308.5,323.5,308.5,225,0.1,0
0,GasterBlaster,5,323.5,308.5,323.5,308.5,135,0.1,0
0,GasterBlaster,5,323.5,308.5,323.5,308.5,315,0.1,0
0.045,GasterBlaster,5,323.5,308.5,323.5,308.5,50,0.1,0
0,GasterBlaster,5,323.5,308.5,323.5,308.5,230,0.1,0
0,GasterBlaster,5,323.5,308.5,323.5,308.5,140,0.1,0
0,GasterBlaster,5,323.5,308.5,323.5,308.5,320,0.1,0
0.045,GasterBlaster,5,323.5,308.5,323.5,308.5,55,0.1,0
0,GasterBlaster,5,323.5,308.5,323.5,308.5,235,0.1,0
0,GasterBlaster,5,323.5,308.5,323.5,308.5,145,0.1,0
0,GasterBlaster,5,323.5,308.5,323.5,308.5,325,0.1,0
0.045,GasterBlaster,5,323.5,308.5,323.5,308.5,60,0.1,0
0,GasterBlaster,5,323.5,308.5,323.5,308.5,240,0.1,0
0,GasterBlaster,5,323.5,308.5,323.5,308.5,150,0.1,0
0,GasterBlaster,5,323.5,308.5,323.5,308.5,330,0.1,0
0.045,GasterBlaster,5,323.5,308.5,323.5,308.5,65,0.1,0
0,GasterBlaster,5,323.5,308.5,323.5,308.5,245,0.1,0
0,GasterBlaster,5,323.5,308.5,323.5,308.5,155,0.1,0
0,GasterBlaster,5,323.5,308.5,323.5,308.5,335,0.1,0
0.045,GasterBlaster,5,323.5,308.5,323.5,308.5,70,0.1,0
0,GasterBlaster,5,323.5,308.5,323.5,308.5,250,0.1,0
0,GasterBlaster,5,323.5,308.5,323.5,308.5,160,0.1,0
0,GasterBlaster,5,323.5,308.5,323.5,308.5,340,0.1,0
0.045,GasterBlaster,5,323.5,308.5,323.5,308.5,75,0.1,0
0,GasterBlaster,5,323.5,308.5,323.5,308.5,255,0.1,0
0,GasterBlaster,5,323.5,308.5,323.5,308.5,165,0.1,0
0,GasterBlaster,5,323.5,308.5,323.5,308.5,345,0.1,0
0.045,GasterBlaster,5,323.5,308.5,323.5,308.5,80,0.1,0
0,GasterBlaster,5,323.5,308.5,323.5,308.5,260,0.1,0
0,GasterBlaster,5,323.5,308.5,323.5,308.5,170,0.1,0
0,GasterBlaster,5,323.5,308.5,323.5,308.5,350,0.1,0
0.045,GasterBlaster,5,323.5,308.5,323.5,308.5,85,0.1,0
0,GasterBlaster,5,323.5,308.5,323.5,308.5,265,0.1,0
0,GasterBlaster,5,323.5,308.5,323.5,308.5,175,0.1,0
0,GasterBlaster,5,323.5,308.5,323.5,308.5,355,0.1,0
0.045,GasterBlaster,5,323.5,308.5,323.5,308.5,90,0.1,0
0,GasterBlaster,5,323.5,308.5,323.5,308.5,270,0.1,0
0,GasterBlaster,5,323.5,308.5,323.5,308.5,180,0.1,0
0,GasterBlaster,5,323.5,308.5,323.5,308.5,0,0.1,0
0.045,GasterBlaster,5,323.5,308.5,323.5,308.5,95,0.1,0
0,GasterBlaster,5,323.5,308.5,323.5,308.5,275,0.1,0
0,GasterBlaster,5,323.5,308.5,323.5,308.5,185,0.1,0
0,GasterBlaster,5,323.5,308.5,323.5,308.5,5,0.1,0
0.045,GasterBlaster,5,323.5,308.5,323.5,308.5,100,0.1,0
0,GasterBlaster,5,323.5,308.5,323.5,308.5,280,0.1,0
0,GasterBlaster,5,323.5,308.5,323.5,308.5,190,0.1,0
0,GasterBlaster,5,323.5,308.5,323.5,308.5,10,0.1,0
0.045,GasterBlaster,5,323.5,308.5,323.5,308.5,105,0.1,0
0,GasterBlaster,5,323.5,308.5,323.5,308.5,285,0.1,0
0,GasterBlaster,5,323.5,308.5,323.5,308.5,195,0.1,0
0,GasterBlaster,5,323.5,308.5,323.5,308.5,15,0.1,0
0.045,GasterBlaster,5,323.5,308.5,323.5,308.5,110,0.1,0
0,GasterBlaster,5,323.5,308.5,323.5,308.5,290,0.1,0
0,GasterBlaster,5,323.5,308.5,323.5,308.5,200,0.1,0
0,GasterBlaster,5,323.5,308.5,323.5,308.5,20,0.1,0
0.045,GasterBlaster,5,323.5,308.5,323.5,308.5,115,0.1,0
0,GasterBlaster,5,323.5,308.5,323.5,308.5,295,0.1,0
0,GasterBlaster,5,323.5,308.5,323.5,308.5,205,0.1,0
0,GasterBlaster,5,323.5,308.5,323.5,308.5,25,0.1,0
0.045,GasterBlaster,5,323.5,308.5,323.5,308.5,120,0.1,0
0,GasterBlaster,5,323.5,308.5,323.5,308.5,300,0.1,0
0,GasterBlaster,5,323.5,308.5,323.5,308.5,210,0.1,0
0,GasterBlaster,5,323.5,308.5,323.5,308.5,30,0.1,0
0.045,GasterBlaster,5,323.5,308.5,323.5,308.5,125,0.1,0
0,GasterBlaster,5,323.5,308.5,323.5,308.5,305,0.1,0
0,GasterBlaster,5,323.5,308.5,323.5,308.5,215,0.1,0
0,GasterBlaster,5,323.5,308.5,323.5,308.5,35,0.1,0
0.045,GasterBlaster,5,323.5,308.5,323.5,308.5,130,0.1,0
0,GasterBlaster,5,323.5,308.5,323.5,308.5,310,0.1,0
0,GasterBlaster,5,323.5,308.5,323.5,308.5,220,0.1,0
0,GasterBlaster,5,323.5,308.5,323.5,308.5,40,0.1,0
0.045,GasterBlaster,5,323.5,308.5,323.5,308.5,135,0.1,0
0,GasterBlaster,5,323.5,308.5,323.5,308.5,315,0.1,0
0,GasterBlaster,5,323.5,308.5,323.5,308.5,225,0.1,0
0,GasterBlaster,5,323.5,308.5,323.5,308.5,45,0.1,0
0.045,GasterBlaster,5,323.5,308.5,323.5,308.5,140,0.1,0
0,GasterBlaster,5,323.5,308.5,323.5,308.5,320,0.1,0
0,GasterBlaster,5,323.5,308.5,323.5,308.5,230,0.1,0
0,GasterBlaster,5,323.5,308.5,323.5,308.5,50,0.1,0
0.045,GasterBlaster,5,323.5,308.5,323.5,308.5,145,0.1,0
0,GasterBlaster,5,323.5,308.5,323.5,308.5,325,0.1,0
0,GasterBlaster,5,323.5,308.5,323.5,308.5,235,0.1,0
0,GasterBlaster,5,323.5,308.5,323.5,308.5,55,0.1,0
0.045,GasterBlaster,5,323.5,308.5,323.5,308.5,150,0.1,0
0,GasterBlaster,5,323.5,308.5,323.5,308.5,330,0.1,0
0,GasterBlaster,5,323.5,308.5,323.5,308.5,240,0.1,0
0,GasterBlaster,5,323.5,308.5,323.5,308.5,60,0.1,0
0.045,GasterBlaster,5,323.5,308.5,323.5,308.5,155,0.1,0
0,GasterBlaster,5,323.5,308.5,323.5,308.5,335,0.1,0
0,GasterBlaster,5,323.5,308.5,323.5,308.5,245,0.1,0
0,GasterBlaster,5,323.5,308.5,323.5,308.5,65,0.1,0
0.045,GasterBlaster,5,323.5,308.5,323.5,308.5,160,0.1,0
0,GasterBlaster,5,323.5,308.5,323.5,308.5,340,0.1,0
0,GasterBlaster,5,323.5,308.5,323.5,308.5,250,0.1,0
0,GasterBlaster,5,323.5,308.5,323.5,308.5,70,0.1,0
0.045,GasterBlaster,5,323.5,308.5,323.5,308.5,165,0.1,0
0,GasterBlaster,5,323.5,308.5,323.5,308.5,345,0.1,0
0,GasterBlaster,5,323.5,308.5,323.5,308.5,255,0.1,0
0,GasterBlaster,5,323.5,308.5,323.5,308.5,75,0.1,0
0.045,GasterBlaster,5,323.5,308.5,323.5,308.5,170,0.1,0
0,GasterBlaster,5,323.5,308.5,323.5,308.5,350,0.1,0
0,GasterBlaster,5,323.5,308.5,323.5,308.5,260,0.1,0
0,GasterBlaster,5,323.5,308.5,323.5,308.5,80,0.1,0
0.045,GasterBlaster,5,323.5,308.5,323.5,308.5,175,0.1,0
0,GasterBlaster,5,323.5,308.5,323.5,308.5,355,0.1,0
0,GasterBlaster,5,323.5,308.5,323.5,308.5,265,0.1,0
0,GasterBlaster,5,323.5,308.5,323.5,308.5,85,0.1,0
0.35,GasterBlaster,3,323.5,308.5,323.5,308.5,0,0.3,0.1
0,GasterBlaster,3,323.5,308.5,323.5,308.5,60,0.3,0.1
0,GasterBlaster,3,323.5,308.5,323.5,308.5,120,0.3,0.1
0,GasterBlaster,3,323.5,308.5,323.5,308.5,180,0.3,0.1
0,GasterBlaster,3,323.5,308.5,323.5,308.5,240,0.3,0.1
0,GasterBlaster,3,323.5,308.5,323.5,308.5,300,0.3,0.1
0.045,GasterBlaster,3,323.5,308.5,323.5,308.5,3,0.3,0.1
0,GasterBlaster,3,323.5,308.5,323.5,308.5,63,0.3,0.1
0,GasterBlaster,3,323.5,308.5,323.5,308.5,123,0.3,0.1
0,GasterBlaster,3,323.5,308.5,323.5,308.5,183,0.3,0.1
0,GasterBlaster,3,323.5,308.5,323.5,308.5,243,0.3,0.1
0,GasterBlaster,3,323.5,308.5,323.5,308.5,303,0.3,0.1
0.045,GasterBlaster,3,323.5,308.5,323.5,308.5,6,0.3,0.1
0,GasterBlaster,3,323.5,308.5,323.5,308.5,66,0.3,0.1
0,GasterBlaster,3,323.5,308.5,323.5,308.5,126,0.3,0.1
0,GasterBlaster,3,323.5,308.5,323.5,308.5,186,0.3,0.1
0,GasterBlaster,3,323.5,308.5,323.5,308.5,246,0.3,0.1
0,GasterBlaster,3,323.5,308.5,323.5,308.5,306,0.3,0.1
0.045,GasterBlaster,3,323.5,308.5,323.5,308.5,9,0.3,0.1
0,GasterBlaster,3,323.5,308.5,323.5,308.5,69,0.3,0.1
0,GasterBlaster,3,323.5,308.5,323.5,308.5,129,0.3,0.1
0,GasterBlaster,3,323.5,308.5,323.5,308.5,189,0.3,0.1
0,GasterBlaster,3,323.5,308.5,323.5,308.5,249,0.3,0.1
0,GasterBlaster,3,323.5,308.5,323.5,308.5,309,0.3,0.1
0.045,GasterBlaster,3,323.5,308.5,323.5,308.5,12,0.3,0.1
0,GasterBlaster,3,323.5,308.5,323.5,308.5,72,0.3,0.1
0,GasterBlaster,3,323.5,308.5,323.5,308.5,132,0.3,0.1
0,GasterBlaster,3,323.5,308.5,323.5,308.5,192,0.3,0.1
0,GasterBlaster,3,323.5,308.5,323.5,308.5,252,0.3,0.1
0,GasterBlaster,3,323.5,308.5,323.5,308.5,312,0.3,0.1
0.045,GasterBlaster,3,323.5,308.5,323.5,308.5,15,0.3,0.1
0,GasterBlaster,3,323.5,308.5,323.5,308.5,75,0.3,0.1
0,GasterBlaster,3,323.5,308.5,323.5,308.5,135,0.3,0.1
0,GasterBlaster,3,323.5,308.5,323.5,308.5,195,0.3,0.1
0,GasterBlaster,3,323.5,308.5,323.5,308.5,255,0.3,0.1
0,GasterBlaster,3,323.5,308.5,323.5,308.5,315,0.3,0.1
0.045,GasterBlaster,3,323.5,308.5,323.5,308.5,18,0.3,0.1
0,GasterBlaster,3,323.5,308.5,323.5,308.5,78,0.3,0.1
0,GasterBlaster,3,323.5,308.5,323.5,308.5,138,0.3,0.1
0,GasterBlaster,3,323.5,308.5,323.5,308.5,198,0.3,0.1
0,GasterBlaster,3,323.5,308.5,323.5,308.5,258,0.3,0.1
0,GasterBlaster,3,323.5,308.5,323.5,308.5,318,0.3,0.1
0.045,GasterBlaster,3,323.5,308.5,323.5,308.5,21,0.3,0.1
0,GasterBlaster,3,323.5,308.5,323.5,308.5,81,0.3,0.1
0,GasterBlaster,3,323.5,308.5,323.5,308.5,141,0.3,0.1
0,GasterBlaster,3,323.5,308.5,323.5,308.5,201,0.3,0.1
0,GasterBlaster,3,323.5,308.5,323.5,308.5,261,0.3,0.1
0,GasterBlaster,3,323.5,308.5,323.5,308.5,321,0.3,0.1
0.045,GasterBlaster,3,323.5,308.5,323.5,308.5,24,0.3,0.1
0,GasterBlaster,3,323.5,308.5,323.5,308.5,84,0.3,0.1
0,GasterBlaster,3,323.5,308.5,323.5,308.5,144,0.3,0.1
0,GasterBlaster,3,323.5,308.5,323.5,308.5,204,0.3,0.1
0,GasterBlaster,3,323.5,308.5,323.5,308.5,264,0.3,0.1
0,GasterBlaster,3,323.5,308.5,323.5,308.5,324,0.3,0.1
0.045,GasterBlaster,3,323.5,308.5,323.5,308.5,27,0.3,0.1
0,GasterBlaster,3,323.5,308.5,323.5,308.5,87,0.3,0.1
0,GasterBlaster,3,323.5,308.5,323.5,308.5,147,0.3,0.1
0,GasterBlaster,3,323.5,308.5,323.5,308.5,207,0.3,0.1
0,GasterBlaster,3,323.5,308.5,323.5,308.5,267,0.3,0.1
0,GasterBlaster,3,323.5,308.5,323.5,308.5,327,0.3,0.1
0.045,GasterBlaster,3,323.5,308.5,323.5,308.5,30,0.3,0.1
0,GasterBlaster,3,323.5,308.5,323.5,308.5,90,0.3,0.1
0,GasterBlaster,3,323.5,308.5,323.5,308.5,150,0.3,0.1
0,GasterBlaster,3,323.5,308.5,323.5,308.5,210,0.3,0.1
0,GasterBlaster,3,323.5,308.5,323.5,308.5,270,0.3,0.1
0,GasterBlaster,3,323.5,308.5,323.5,308.5,330,0.3,0.1
0.045,GasterBlaster,3,323.5,308.5,323.5,308.5,33,0.3,0.1
0,GasterBlaster,3,323.5,308.5,323.5,308.5,93,0.3,0.1
0,GasterBlaster,3,323.5,308.5,323.5,308.5,153,0.3,0.1
0,GasterBlaster,3,323.5,308.5,323.5,308.5,213,0.3,0.1
0,GasterBlaster,3,323.5,308.5,323.5,308.5,273,0.3,0.1
0,GasterBlaster,3,323.5,308.5,323.5,308.5,333,0.3,0.1
0.045,GasterBlaster,3,323.5,308.5,323.5,308.5,36,0.3,0.1
0,GasterBlaster,3,323.5,308.5,323.5,308.5,96,0.3,0.1
0,GasterBlaster,3,323.5,308.5,323.5,308.5,156,0.3,0.1
0,GasterBlaster,3,323.5,308.5,323.5,308.5,216,0.3,0.1
0,GasterBlaster,3,323.5,308.5,323.5,308.5,276,0.3,0.1
0,GasterBlaster,3,323.5,308.5,323.5,308.5,336,0.3,0.1
0.045,GasterBlaster,3,323.5,308.5,323.5,308.5,39,0.3,0.1
0,GasterBlaster,3,323.5,308.5,323.5,308.5,99,0.3,0.1
0,GasterBlaster,3,323.5,308.5,323.5,308.5,159,0.3,0.1
0,GasterBlaster,3,323.5,308.5,323.5,308.5,219,0.3,0.1
0,GasterBlaster,3,323.5,308.5,323.5,308.5,279,0.3,0.1
0,GasterBlaster,3,323.5,308.5,323.5,308.5,339,0.3,0.1
0.045,GasterBlaster,3,323.5,308.5,323.5,308.5,42,0.3,0.1
0,GasterBlaster,3,323.5,308.5,323.5,308.5,102,0.3,0.1
0,GasterBlaster,3,323.5,308.5,323.5,308.5,162,0.3,0.1
0,GasterBlaster,3,323.5,308.5,323.5,308.5,222,0.3,0.1
0,GasterBlaster,3,323.5,308.5,323.5,308.5,282,0.3,0.1
0,GasterBlaster,3,323.5,308.5,323.5,308.5,342,0.3,0.1
0.045,GasterBlaster,3,323.5,308.5,323.5,308.5,45,0.3,0.1
0,GasterBlaster,3,323.5,308.5,323.5,308.5,105,0.3,0.1
0,GasterBlaster,3,323.5,308.5,323.5,308.5,165,0.3,0.1
0,GasterBlaster,3,323.5,308.5,323.5,308.5,225,0.3,0.1
0,GasterBlaster,3,323.5,308.5,323.5,308.5,285,0.3,0.1
0,GasterBlaster,3,323.5,308.5,323.5,308.5,345,0.3,0.1
0.045,GasterBlaster,3,323.5,308.5,323.5,308.5,48,0.3,0.1
0,GasterBlaster,3,323.5,308.5,323.5,308.5,108,0.3,0.1
0,GasterBlaster,3,323.5,308.5,323.5,308.5,168,0.3,0.1
0,GasterBlaster,3,323.5,308.5,323.5,308.5,228,0.3,0.1
0,GasterBlaster,3,323.5,308.5,323.5,308.5,288,0.3,0.1
0,GasterBlaster,3,323.5,308.5,323.5,308.5,348,0.3,0.1
0.045,GasterBlaster,3,323.5,308.5,323.5,308.5,51,0.3,0.1
0,GasterBlaster,3,323.5,308.5,323.5,308.5,111,0.3,0.1
0,GasterBlaster,3,323.5,308.5,323.5,308.5,171,0.3,0.1
0,GasterBlaster,3,323.5,308.5,323.5,308.5,231,0.3,0.1
0,GasterBlaster,3,323.5,308.5,323.5,308.5,291,0.3,0.1
0,GasterBlaster,3,323.5,308.5,323.5,308.5,351,0.3,0.1
0.045,GasterBlaster,3,323.5,308.5,323.5,308.5,54,0.3,0.1
0,GasterBlaster,3,323.5,308.5,323.5,308.5,114,0.3,0.1
0,GasterBlaster,3,323.5,308.5,323.5,308.5,174,0.3,0.1
0,GasterBlaster,3,323.5,308.5,323.5,308.5,234,0.3,0.1
0,GasterBlaster,3,323.5,308.5,323.5,308.5,294,0.3,0.1
0,GasterBlaster,3,323.5,308.5,323.5,308.5,354,0.3,0.1
,,,,,,,,,
0.1,GasterBlaster,3,323.5,308.5,323.5,308.5,0,0.3,0.1
0,GasterBlaster,3,323.5,308.5,323.5,308.5,60,0.3,0.1
0,GasterBlaster,3,323.5,308.5,323.5,308.5,120,0.3,0.1
0,GasterBlaster,3,323.5,308.5,323.5,308.5,180,0.3,0.1
0,GasterBlaster,3,323.5,308.5,323.5,308.5,240,0.3,0.1
0,GasterBlaster,3,323.5,308.5,323.5,308.5,300,0.3,0.1
0.045,GasterBlaster,3,323.5,308.5,323.5,308.5,3,0.3,0.1
0,GasterBlaster,3,323.5,308.5,323.5,308.5,63,0.3,0.1
0,GasterBlaster,3,323.5,308.5,323.5,308.5,123,0.3,0.1
0,GasterBlaster,3,323.5,308.5,323.5,308.5,183,0.3,0.1
0,GasterBlaster,3,323.5,308.5,323.5,308.5,243,0.3,0.1
0,GasterBlaster,3,323.5,308.5,323.5,308.5,303,0.3,0.1
0.045,GasterBlaster,3,323.5,308.5,323.5,308.5,6,0.3,0.1
0,GasterBlaster,3,323.5,308.5,323.5,308.5,66,0.3,0.1
0,GasterBlaster,3,323.5,308.5,323.5,308.5,126,0.3,0.1
0,GasterBlaster,3,323.5,308.5,323.5,308.5,186,0.3,0.1
0,GasterBlaster,3,323.5,308.5,323.5,308.5,246,0.3,0.1
0,GasterBlaster,3,323.5,308.5,323.5,308.5,306,0.3,0.1
0.045,GasterBlaster,3,323.5,308.5,323.5,308.5,9,0.3,0.1
0,GasterBlaster,3,323.5,308.5,323.5,308.5,69,0.3,0.1
0,GasterBlaster,3,323.5,308.5,323.5,308.5,129,0.3,0.1
0,GasterBlaster,3,323.5,308.5,323.5,308.5,189,0.3,0.1
0,GasterBlaster,3,323.5,308.5,323.5,308.5,249,0.3,0.1
0,GasterBlaster,3,323.5,308.5,323.5,308.5,309,0.3,0.1
0.045,GasterBlaster,3,323.5,308.5,323.5,308.5,12,0.3,0.1
0,GasterBlaster,3,323.5,308.5,323.5,308.5,72,0.3,0.1
0,GasterBlaster,3,323.5,308.5,323.5,308.5,132,0.3,0.1
0,GasterBlaster,3,323.5,308.5,323.5,308.5,192,0.3,0.1
0,GasterBlaster,3,323.5,308.5,323.5,308.5,252,0.3,0.1
0,GasterBlaster,3,323.5,308.5,323.5,308.5,312,0.3,0.1
0.045,GasterBlaster,3,323.5,308.5,323.5,308.5,15,0.3,0.1
0,GasterBlaster,3,323.5,308.5,323.5,308.5,75,0.3,0.1
0,GasterBlaster,3,323.5,308.5,323.5,308.5,135,0.3,0.1
0,GasterBlaster,3,323.5,308.5,323.5,308.5,195,0.3,0.1
0,GasterBlaster,3,323.5,308.5,323.5,308.5,255,0.3,0.1
0,GasterBlaster,3,323.5,308.5,323.5,308.5,315,0.3,0.1
0.045,GasterBlaster,3,323.5,308.5,323.5,308.5,18,0.3,0.1
0,GasterBlaster,3,323.5,308.5,323.5,308.5,78,0.3,0.1
0,GasterBlaster,3,323.5,308.5,323.5,308.5,138,0.3,0.1
0,GasterBlaster,3,323.5,308.5,323.5,308.5,198,0.3,0.1
0,GasterBlaster,3,323.5,308.5,323.5,308.5,258,0.3,0.1
0,GasterBlaster,3,323.5,308.5,323.5,308.5,318,0.3,0.1
0.045,GasterBlaster,3,323.5,308.5,323.5,308.5,21,0.3,0.1
0,GasterBlaster,3,323.5,308.5,323.5,308.5,81,0.3,0.1
0,GasterBlaster,3,323.5,308.5,323.5,308.5,141,0.3,0.1
0,GasterBlaster,3,323.5,308.5,323.5,308.5,201,0.3,0.1
0,GasterBlaster,3,323.5,308.5,323.5,308.5,261,0.3,0.1
0,GasterBlaster,3,323.5,308.5,323.5,308.5,321,0.3,0.1
0.045,GasterBlaster,3,323.5,308.5,323.5,308.5,24,0.3,0.1
0,GasterBlaster,3,323.5,308.5,323.5,308.5,84,0.3,0.1
0,GasterBlaster,3,323.5,308.5,323.5,308.5,144,0.3,0.1
0,GasterBlaster,3,323.5,308.5,323.5,308.5,204,0.3,0.1
0,GasterBlaster,3,323.5,308.5,323.5,308.5,264,0.3,0.1
0,GasterBlaster,3,323.5,308.5,323.5,308.5,324,0.3,0.1
0.045,GasterBlaster,3,323.5,308.5,323.5,308.5,27,0.3,0.1
0,GasterBlaster,3,323.5,308.5,323.5,308.5,87,0.3,0.1
0,GasterBlaster,3,323.5,308.5,323.5,308.5,147,0.3,0.1
0,GasterBlaster,3,323.5,308.5,323.5,308.5,207,0.3,0.1
0,GasterBlaster,3,323.5,308.5,323.5,308.5,267,0.3,0.1
0,GasterBlaster,3,323.5,308.5,323.5,308.5,327,0.3,0.1
0.045,GasterBlaster,3,323.5,308.5,323.5,308.5,30,0.3,0.1
0,GasterBlaster,3,323.5,308.5,323.5,308.5,90,0.3,0.1
0,GasterBlaster,3,323.5,308.5,323.5,308.5,150,0.3,0.1
0,GasterBlaster,3,323.5,308.5,323.5,308.5,210,0.3,0.1
0,GasterBlaster,3,323.5,308.5,323.5,308.5,270,0.3,0.1
0,GasterBlaster,3,323.5,308.5,323.5,308.5,330,0.3,0.1
0.045,GasterBlaster,3,323.5,308.5,323.5,308.5,33,0.3,0.1
0,GasterBlaster,3,323.5,308.5,323.5,308.5,93,0.3,0.1
0,GasterBlaster,3,323.5,308.5,323.5,308.5,153,0.3,0.1
0,GasterBlaster,3,323.5,308.5,323.5,308.5,213,0.3,0.1
0,GasterBlaster,3,323.5,308.5,323.5,308.5,273,0.3,0.1
0,GasterBlaster,3,323.5,308.5,323.5,308.5,333,0.3,0.1
0.045,GasterBlaster,3,323.5,308.5,323.5,308.5,36,0.3,0.1
0,GasterBlaster,3,323.5,308.5,323.5,308.5,96,0.3,0.1
0,GasterBlaster,3,323.5,308.5,323.5,308.5,156,0.3,0.1
0,GasterBlaster,3,323.5,308.5,323.5,308.5,216,0.3,0.1
0,GasterBlaster,3,323.5,308.5,323.5,308.5,276,0.3,0.1
0,GasterBlaster,3,323.5,308.5,323.5,308.5,336,0.3,0.1
0.045,GasterBlaster,3,323.5,308.5,323.5,308.5,39,0.3,0.1
0,GasterBlaster,3,323.5,308.5,323.5,308.5,99,0.3,0.1
0,GasterBlaster,3,323.5,308.5,323.5,308.5,159,0.3,0.1
0,GasterBlaster,3,323.5,308.5,323.5,308.5,219,0.3,0.1
0,GasterBlaster,3,323.5,308.5,323.5,308.5,279,0.3,0.1
0,GasterBlaster,3,323.5,308.5,323.5,308.5,339,0.3,0.1
0.045,GasterBlaster,3,323.5,308.5,323.5,308.5,42,0.3,0.1
0,GasterBlaster,3,323.5,308.5,323.5,308.5,102,0.3,0.1
0,GasterBlaster,3,323.5,308.5,323.5,308.5,162,0.3,0.1
0,GasterBlaster,3,323.5,308.5,323.5,308.5,222,0.3,0.1
0,GasterBlaster,3,323.5,308.5,323.5,308.5,282,0.3,0.1
0,GasterBlaster,3,323.5,308.5,323.5,308.5,342,0.3,0.1
0.045,GasterBlaster,3,323.5,308.5,323.5,308.5,45,0.3,0.1
0,GasterBlaster,3,323.5,308.5,323.5,308.5,105,0.3,0.1
0,GasterBlaster,3,323.5,308.5,323.5,308.5,165,0.3,0.1
0,GasterBlaster,3,323.5,308.5,323.5,308.5,225,0.3,0.1
0,GasterBlaster,3,323.5,308.5,323.5,308.5,285,0.3,0.1
0,GasterBlaster,3,323.5,308.5,323.5,308.5,345,0.3,0.1
0.045,GasterBlaster,3,323.5,308.5,323.5,308.5,48,0.3,0.1
0,GasterBlaster,3,323.5,308.5,323.5,308.5,108,0.3,0.1
0,GasterBlaster,3,323.5,308.5,323.5,308.5,168,0.3,0.1
0,GasterBlaster,3,323.5,308.5,323.5,308.5,228,0.3,0.1
0,GasterBlaster,3,323.5,308.5,323.5,308.5,288,0.3,0.1
0,GasterBlaster,3,323.5,308.5,323.5,308.5,348,0.3,0.1
0.045,GasterBlaster,3,323.5,308.5,323.5,308.5,51,0.3,0.1
0,GasterBlaster,3,323.5,308.5,323.5,308.5,111,0.3,0.1
0,GasterBlaster,3,323.5,308.5,323.5,308.5,171,0.3,0.1
0,GasterBlaster,3,323.5,308.5,323.5,308.5,231,0.3,0.1
0,GasterBlaster,3,323.5,308.5,323.5,308.5,291,0.3,0.1
0,GasterBlaster,3,323.5,308.5,323.5,308.5,351,0.3,0.1
0.045,GasterBlaster,3,323.5,308.5,323.5,308.5,54,0.3,0.1
0,GasterBlaster,3,323.5,308.5,323.5,308.5,114,0.3,0.1
0,GasterBlaster,3,323.5,308.5,323.5,308.5,174,0.3,0.1
0,GasterBlaster,3,323.5,308.5,323.5,308.5,234,0.3,0.1
0,GasterBlaster,3,323.5,308.5,323.5,308.5,294,0.3,0.1
0,GasterBlaster,3,323.5,308.5,323.5,308.5,354,0.3,0.1
,,,,,,,,,
0.1,GasterBlaster,3,323.5,308.5,323.5,308.5,0,0.3,0.1
0,GasterBlaster,3,323.5,308.5,323.5,308.5,60,0.3,0.1
0,GasterBlaster,3,323.5,308.5,323.5,308.5,120,0.3,0.1
0,GasterBlaster,3,323.5,308.5,323.5,308.5,180,0.3,0.1
0,GasterBlaster,3,323.5,308.5,323.5,308.5,240,0.3,0.1
0,GasterBlaster,3,323.5,308.5,323.5,308.5,300,0.3,0.1
0.045,GasterBlaster,3,323.5,308.5,323.5,308.5,3,0.3,0.1
0,GasterBlaster,3,323.5,308.5,323.5,308.5,63,0.3,0.1
0,GasterBlaster,3,323.5,308.5,323.5,308.5,123,0.3,0.1
0,GasterBlaster,3,323.5,308.5,323.5,308.5,183,0.3,0.1
0,GasterBlaster,3,323.5,308.5,323.5,308.5,243,0.3,0.1
0,GasterBlaster,3,323.5,308.5,323.5,308.5,303,0.3,0.1
0.045,GasterBlaster,3,323.5,308.5,323.5,308.5,6,0.3,0.1
0,GasterBlaster,3,323.5,308.5,323.5,308.5,66,0.3,0.1
0,GasterBlaster,3,323.5,308.5,323.5,308.5,126,0.3,0.1
0,GasterBlaster,3,323.5,308.5,323.5,308.5,186,0.3,0.1
0,GasterBlaster,3,323.5,308.5,323.5,308.5,246,0.3,0.1
0,GasterBlaster,3,323.5,308.5,323.5,308.5,306,0.3,0.1
0.045,GasterBlaster,3,323.5,308.5,323.5,308.5,9,0.3,0.1
0,GasterBlaster,3,323.5,308.5,323.5,308.5,69,0.3,0.1
0,GasterBlaster,3,323.5,308.5,323.5,308.5,129,0.3,0.1
0,GasterBlaster,3,323.5,308.5,323.5,308.5,189,0.3,0.1
0,GasterBlaster,3,323.5,308.5,323.5,308.5,249,0.3,0.1
0,GasterBlaster,3,323.5,308.5,323.5,308.5,309,0.3,0.1
0.045,GasterBlaster,3,323.5,308.5,323.5,308.5,12,0.3,0.1
0,GasterBlaster,3,323.5,308.5,323.5,308.5,72,0.3,0.1
0,GasterBlaster,3,323.5,308.5,323.5,308.5,132,0.3,0.1
0,GasterBlaster,3,323.5,308.5,323.5,308.5,192,0.3,0.1
0,GasterBlaster,3,323.5,308.5,323.5,308.5,252,0.3,0.1
0,GasterBlaster,3,323.5,308.5,323.5,308.5,312,0.3,0.1
0.045,GasterBlaster,3,323.5,308.5,323.5,308.5,15,0.3,0.1
0,GasterBlaster,3,323.5,308.5,323.5,308.5,75,0.3,0.1
0,GasterBlaster,3,323.5,308.5,323.5,308.5,135,0.3,0.1
0,GasterBlaster,3,323.5,308.5,323.5,308.5,195,0.3,0.1
0,GasterBlaster,3,323.5,308.5,323.5,308.5,255,0.3,0.1
0,GasterBlaster,3,323.5,308.5,323.5,308.5,315,0.3,0.1
0.045,GasterBlaster,3,323.5,308.5,323.5,308.5,18,0.3,0.1
0,GasterBlaster,3,323.5,308.5,323.5,308.5,78,0.3,0.1
0,GasterBlaster,3,323.5,308.5,323.5,308.5,138,0.3,0.1
0,GasterBlaster,3,323.5,308.5,323.5,308.5,198,0.3,0.1
0,GasterBlaster,3,323.5,308.5,323.5,308.5,258,0.3,0.1
0,GasterBlaster,3,323.5,308.5,323.5,308.5,318,0.3,0.1
0.045,GasterBlaster,3,323.5,308.5,323.5,308.5,21,0.3,0.1
0,GasterBlaster,3,323.5,308.5,323.5,308.5,81,0.3,0.1
0,GasterBlaster,3,323.5,308.5,323.5,308.5,141,0.3,0.1
0,GasterBlaster,3,323.5,308.5,323.5,308.5,201,0.3,0.1
0,GasterBlaster,3,323.5,308.5,323.5,308.5,261,0.3,0.1
0,GasterBlaster,3,323.5,308.5,323.5,308.5,321,0.3,0.1
0.045,GasterBlaster,3,323.5,308.5,323.5,308.5,24,0.3,0.1
0,GasterBlaster,3,323.5,308.5,323.5,308.5,84,0.3,0.1
0,GasterBlaster,3,323.5,308.5,323.5,308.5,144,0.3,0.1
0,GasterBlaster,3,323.5,308.5,323.5,308.5,204,0.3,0.1
0,GasterBlaster,3,323.5,308.5,323.5,308.5,264,0.3,0.1
0,GasterBlaster,3,323.5,308.5,323.5,308.5,324,0.3,0.1
0.045,GasterBlaster,3,323.5,308.5,323.5,308.5,27,0.3,0.1
0,GasterBlaster,3,323.5,308.5,323.5,308.5,87,0.3,0.1
0,GasterBlaster,3,323.5,308.5,323.5,308.5,147,0.3,0.1
0,GasterBlaster,3,323.5,308.5,323.5,308.5,207,0.3,0.1
0,GasterBlaster,3,323.5,308.5,323.5,308.5,267,0.3,0.1
0,GasterBlaster,3,323.5,308.5,323.5,308.5,327,0.3,0.1
0.045,GasterBlaster,3,323.5,308.5,323.5,308.5,30,0.3,0.1
0,GasterBlaster,3,323.5,308.5,323.5,308.5,90,0.3,0.1
0,GasterBlaster,3,323.5,308.5,323.5,308.5,150,0.3,0.1
0,GasterBlaster,3,323.5,308.5,323.5,308.5,210,0.3,0.1
0,GasterBlaster,3,323.5,308.5,323.5,308.5,270,0.3,0.1
0,GasterBlaster,3,323.5,308.5,323.5,308.5,330,0.3,0.1
0.045,GasterBlaster,3,323.5,308.5,323.5,308.5,33,0.3,0.1
0,GasterBlaster,3,323.5,308.5,323.5,308.5,93,0.3,0.1
0,GasterBlaster,3,323.5,308.5,323.5,308.5,153,0.3,0.1
0,GasterBlaster,3,323.5,308.5,323.5,308.5,213,0.3,0.1
0,GasterBlaster,3,323.5,308.5,323.5,308.5,273,0.3,0.1
0,GasterBlaster,3,323.5,308.5,323.5,308.5,333,0.3,0.1
0.045,GasterBlaster,3,323.5,308.5,323.5,308.5,36,0.3,0.1
0,GasterBlaster,3,323.5,308.5,323.5,308.5,96,0.3,0.1
0,GasterBlaster,3,323.5,308.5,323.5,308.5,156,0.3,0.1
0,GasterBlaster,3,323.5,308.5,323.5,308.5,216,0.3,0.1
0,GasterBlaster,3,323.5,308.5,323.5,308.5,276,0.3,0.1
0,GasterBlaster,3,323.5,308.5,323.5,308.5,336,0.3,0.1
0.045,GasterBlaster,3,323.5,308.5,323.5,308.5,39,0.3,0.1
0,GasterBlaster,3,323.5,308.5,323.5,308.5,99,0.3,0.1
0,GasterBlaster,3,323.5,308.5,323.5,308.5,159,0.3,0.1
0,GasterBlaster,3,323.5,308.5,323.5,308.5,219,0.3,0.1
0,GasterBlaster,3,323.5,308.5,323.5,308.5,279,0.3,0.1
0,GasterBlaster,3,323.5,308.5,323.5,308.5,339,0.3,0.1
0.045,GasterBlaster,3,323.5,308.5,323.5,308.5,42,0.3,0.1
0,GasterBlaster,3,323.5,308.5,323.5,308.5,102,0.3,0.1
0,GasterBlaster,3,323.5,308.5,323.5,308.5,162,0.3,0.1
0,GasterBlaster,3,323.5,308.5,323.5,308.5,222,0.3,0.1
0,GasterBlaster,3,323.5,308.5,323.5,308.5,282,0.3,0.1
0,GasterBlaster,3,323.5,308.5,323.5,308.5,342,0.3,0.1
0.045,GasterBlaster,3,323.5,308.5,323.5,308.5,45,0.3,0.1
0,GasterBlaster,3,323.5,308.5,323.5,308.5,105,0.3,0.1
0,GasterBlaster,3,323.5,308.5,323.5,308.5,165,0.3,0.1
0,GasterBlaster,3,323.5,308.5,323.5,308.5,225,0.3,0.1
0,GasterBlaster,3,323.5,308.5,323.5,308.5,285,0.3,0.1
0,GasterBlaster,3,323.5,308.5,323.5,308.5,345,0.3,0.1
0.045,GasterBlaster,3,323.5,308.5,323.5,308.5,48,0.3,0.1
0,GasterBlaster,3,323.5,308.5,323.5,308.5,108,0.3,0.1
0,GasterBlaster,3,323.5,308.5,323.5,308.5,168,0.3,0.1
0,GasterBlaster,3,323.5,308.5,323.5,308.5,228,0.3,0.1
0,GasterBlaster,3,323.5,308.5,323.5,308.5,288,0.3,0.1
0,GasterBlaster,3,323.5,308.5,323.5,308.5,348,0.3,0.1
0.045,GasterBlaster,3,323.5,308.5,323.5,308.5,51,0.3,0.1
0,GasterBlaster,3,323.5,308.5,323.5,308.5,111,0.3,0.1
0,GasterBlaster,3,323.5,308.5,323.5,308.5,171,0.3,0.1
0,GasterBlaster,3,323.5,308.5,323.5,308.5,231,0.3,0.1
0,GasterBlaster,3,323.5,308.5,323.5,308.5,291,0.3,0.1
0,GasterBlaster,3,323.5,308.5,323.5,308.5,351,0.3,0.1
0.045,GasterBlaster,3,323.5,308.5,323.5,308.5,54,0.3,0.1
0,GasterBlaster,3,323.5,308.5,323.5,308.5,114,0.3,0.1
0,GasterBlaster,3,323.5,308.5,323.5,308.5,174,0.3,0.1
0,GasterBlaster,3,323.5,308.5,323.5,308.5,234,0.3,0.1
0,GasterBlaster,3,323.5,308.5,323.5,308.5,294,0.3,0.1
0,GasterBlaster,3,323.5,308.5,323.5,308.5,354,0.3,0.1
,,,,,,,,,
0.1,GasterBlaster,3,323.5,308.5,323.5,308.5,0,0.3,0.1
0,GasterBlaster,3,323.5,308.5,323.5,308.5,60,0.3,0.1
0,GasterBlaster,3,323.5,308.5,323.5,308.5,120,0.3,0.1
0,GasterBlaster,3,323.5,308.5,323.5,308.5,180,0.3,0.1
0,GasterBlaster,3,323.5,308.5,323.5,308.5,240,0.3,0.1
0,GasterBlaster,3,323.5,308.5,323.5,308.5,300,0.3,0.1
0.045,GasterBlaster,3,323.5,308.5,323.5,308.5,3,0.3,0.1
0,GasterBlaster,3,323.5,308.5,323.5,308.5,63,0.3,0.1
0,GasterBlaster,3,323.5,308.5,323.5,308.5,123,0.3,0.1
0,GasterBlaster,3,323.5,308.5,323.5,308.5,183,0.3,0.1
0,GasterBlaster,3,323.5,308.5,323.5,308.5,243,0.3,0.1
0,GasterBlaster,3,323.5,308.5,323.5,308.5,303,0.3,0.1
0.045,GasterBlaster,3,323.5,308.5,323.5,308.5,6,0.3,0.1
0,GasterBlaster,3,323.5,308.5,323.5,308.5,66,0.3,0.1
0,GasterBlaster,3,323.5,308.5,323.5,308.5,126,0.3,0.1
0,GasterBlaster,3,323.5,308.5,323.5,308.5,186,0.3,0.1
0,GasterBlaster,3,323.5,308.5,323.5,308.5,246,0.3,0.1
0,GasterBlaster,3,323.5,308.5,323.5,308.5,306,0.3,0.1
0.045,GasterBlaster,3,323.5,308.5,323.5,308.5,9,0.3,0.1
0,GasterBlaster,3,323.5,308.5,323.5,308.5,69,0.3,0.1
0,GasterBlaster,3,323.5,308.5,323.5,308.5,129,0.3,0.1
0,GasterBlaster,3,323.5,308.5,323.5,308.5,189,0.3,0.1
0,GasterBlaster,3,323.5,308.5,323.5,308.5,249,0.3,0.1
0,GasterBlaster,3,323.5,308.5,323.5,308.5,309,0.3,0.1
0.045,GasterBlaster,3,323.5,308.5,323.5,308.5,12,0.3,0.1
0,GasterBlaster,3,323.5,308.5,323.5,308.5,72,0.3,0.1
0,GasterBlaster,3,323.5,308.5,323.5,308.5,132,0.3,0.1
0,GasterBlaster,3,323.5,308.5,323.5,308.5,192,0.3,0.1
0,GasterBlaster,3,323.5,308.5,323.5,308.5,252,0.3,0.1
0,GasterBlaster,3,323.5,308.5,323.5,308.5,312,0.3,0.1
0.045,GasterBlaster,3,323.5,308.5,323.5,308.5,15,0.3,0.1
0,GasterBlaster,3,323.5,308.5,323.5,308.5,75,0.3,0.1
0,GasterBlaster,3,323.5,308.5,323.5,308.5,135,0.3,0.1
0,GasterBlaster,3,323.5,308.5,323.5,308.5,195,0.3,0.1
0,GasterBlaster,3,323.5,308.5,323.5,308.5,255,0.3,0.1
0,GasterBlaster,3,323.5,308.5,323.5,308.5,315,0.3,0.1
0.045,GasterBlaster,3,323.5,308.5,323.5,308.5,18,0.3,0.1
0,GasterBlaster,3,323.5,308.5,323.5,308.5,78,0.3,0.1
0,GasterBlaster,3,323.5,308.5,323.5,308.5,138,0.3,0.1
0,GasterBlaster,3,323.5,308.5,323.5,308.5,198,0.3,0.1
0,GasterBlaster,3,323.5,308.5,323.5,308.5,258,0.3,0.1
0,GasterBlaster,3,323.5,308.5,323.5,308.5,318,0.3,0.1
0.045,GasterBlaster,3,323.5,308.5,323.5,308.5,21,0.3,0.1
0,GasterBlaster,3,323.5,308.5,323.5,308.5,81,0.3,0.1
0,GasterBlaster,3,323.5,308.5,323.5,308.5,141,0.3,0.1
0,GasterBlaster,3,323.5,308.5,323.5,308.5,201,0.3,0.1
0,GasterBlaster,3,323.5,308.5,323.5,308.5,261,0.3,0.1
0,GasterBlaster,3,323.5,308.5,323.5,308.5,321,0.3,0.1
0.045,GasterBlaster,3,323.5,308.5,323.5,308.5,24,0.3,0.1
0,GasterBlaster,3,323.5,308.5,323.5,308.5,84,0.3,0.1
0,GasterBlaster,3,323.5,308.5,323.5,308.5,144,0.3,0.1
0,GasterBlaster,3,323.5,308.5,323.5,308.5,204,0.3,0.1
0,GasterBlaster,3,323.5,308.5,323.5,308.5,264,0.3,0.1
0,GasterBlaster,3,323.5,308.5,323.5,308.5,324,0.3,0.1
0.045,GasterBlaster,3,323.5,308.5,323.5,308.5,27,0.3,0.1
0,GasterBlaster,3,323.5,308.5,323.5,308.5,87,0.3,0.1
0,GasterBlaster,3,323.5,308.5,323.5,308.5,147,0.3,0.1
0,GasterBlaster,3,323.5,308.5,323.5,308.5,207,0.3,0.1
0,GasterBlaster,3,323.5,308.5,323.5,308.5,267,0.3,0.1
0,GasterBlaster,3,323.5,308.5,323.5,308.5,327,0.3,0.1
0.045,GasterBlaster,3,323.5,308.5,323.5,308.5,30,0.3,0.1
0,GasterBlaster,3,323.5,308.5,323.5,308.5,90,0.3,0.1
0,GasterBlaster,3,323.5,308.5,323.5,308.5,150,0.3,0.1
0,GasterBlaster,3,323.5,308.5,323.5,308.5,210,0.3,0.1
0,GasterBlaster,3,323.5,308.5,323.5,308.5,270,0.3,0.1
0,GasterBlaster,3,323.5,308.5,323.5,308.5,330,0.3,0.1
0.045,GasterBlaster,3,323.5,308.5,323.5,308.5,33,0.3,0.1
0,GasterBlaster,3,323.5,308.5,323.5,308.5,93,0.3,0.1
0,GasterBlaster,3,323.5,308.5,323.5,308.5,153,0.3,0.1
0,GasterBlaster,3,323.5,308.5,323.5,308.5,213,0.3,0.1
0,GasterBlaster,3,323.5,308.5,323.5,308.5,273,0.3,0.1
0,GasterBlaster,3,323.5,308.5,323.5,308.5,333,0.3,0.1
0.045,GasterBlaster,3,323.5,308.5,323.5,308.5,36,0.3,0.1
0,GasterBlaster,3,323.5,308.5,323.5,308.5,96,0.3,0.1
0,GasterBlaster,3,323.5,308.5,323.5,308.5,156,0.3,0.1
0,GasterBlaster,3,323.5,308.5,323.5,308.5,216,0.3,0.1
0,GasterBlaster,3,323.5,308.5,323.5,308.5,276,0.3,0.1
0,GasterBlaster,3,323.5,308.5,323.5,308.5,336,0.3,0.1
0.045,GasterBlaster,3,323.5,308.5,323.5,308.5,39,0.3,0.1
0,GasterBlaster,3,323.5,308.5,323.5,308.5,99,0.3,0.1
0,GasterBlaster,3,323.5,308.5,323.5,308.5,159,0.3,0.1
0,GasterBlaster,3,323.5,308.5,323.5,308.5,219,0.3,0.1
0,GasterBlaster,3,323.5,308.5,323.5,308.5,279,0.3,0.1
0,GasterBlaster,3,323.5,308.5,323.5,308.5,339,0.3,0.1
0.045,GasterBlaster,3,323.5,308.5,323.5,308.5,42,0.3,0.1
0,GasterBlaster,3,323.5,308.5,323.5,308.5,102,0.3,0.1
0,GasterBlaster,3,323.5,308.5,323.5,308.5,162,0.3,0.1
0,GasterBlaster,3,323.5,308.5,323.5,308.5,222,0.3,0.1
0,GasterBlaster,3,323.5,308.5,323.5,308.5,282,0.3,0.1
0,GasterBlaster,3,323.5,308.5,323.5,308.5,342,0.3,0.1
0.045,GasterBlaster,3,323.5,308.5,323.5,308.5,45,0.3,0.1
0,GasterBlaster,3,323.5,308.5,323.5,308.5,105,0.3,0.1
0,GasterBlaster,3,323.5,308.5,323.5,308.5,165,0.3,0.1
0,GasterBlaster,3,323.5,308.5,323.5,308.5,225,0.3,0.1
0,GasterBlaster,3,323.5,308.5,323.5,308.5,285,0.3,0.1
0,GasterBlaster,3,323.5,308.5,323.5,308.5,345,0.3,0.1
0.045,GasterBlaster,3,323.5,308.5,323.5,308.5,48,0.3,0.1
0,GasterBlaster,3,323.5,308.5,323.5,308.5,108,0.3,0.1
0,GasterBlaster,3,323.5,308.5,323.5,308.5,168,0.3,0.1
0,GasterBlaster,3,323.5,308.5,323.5,308.5,228,0.3,0.1
0,GasterBlaster,3,323.5,308.5,323.5,308.5,288,0.3,0.1
0,GasterBlaster,3,323.5,308.5,323.5,308.5,348,0.3,0.1
0.045,GasterBlaster,3,323.5,308.5,323.5,308.5,51,0.3,0.1
0,GasterBlaster,3,323.5,308.5,323.5,308.5,111,0.3,0.1
0,GasterBlaster,3,323.5,308.5,323.5,308.5,171,0.3,0.1
0,GasterBlaster,3,323.5,308.5,323.5,308.5,231,0.3,0.1
0,GasterBlaster,3,323.5,308.5,323.5,308.5,291,0.3,0.1
0,GasterBlaster,3,323.5,308.5,323.5,308.5,351,0.3,0.1
0.045,GasterBlaster,3,323.5,308.5,323.5,308.5,54,0.3,0.1
0,GasterBlaster,3,323.5,308.5,323.5,308.5,114,0.3,0.1
0,GasterBlaster,3,323.5,308.5,323.5,308.5,174,0.3,0.1
0,GasterBlaster,3,323.5,308.5,323.5,308.5,234,0.3,0.1
0,GasterBlaster,3,323.5,308.5,323.5,308.5,294,0.3,0.1
0,GasterBlaster,3,323.5,308.5,323.5,308.5,354,0.3,0.1
,,,,,,,,,
0.1,GasterBlaster,3,323.5,308.5,323.5,308.5,0,0.3,0.1
0,GasterBlaster,3,323.5,308.5,323.5,308.5,60,0.3,0.1
0,GasterBlaster,3,323.5,308.5,323.5,308.5,120,0.3,0.1
0,GasterBlaster,3,323.5,308.5,323.5,308.5,180,0.3,0.1
0,GasterBlaster,3,323.5,308.5,323.5,308.5,240,0.3,0.1
0,GasterBlaster,3,323.5,308.5,323.5,308.5,300,0.3,0.1
0.045,GasterBlaster,3,323.5,308.5,323.5,308.5,3,0.3,0.1
0,GasterBlaster,3,323.5,308.5,323.5,308.5,63,0.3,0.1
0,GasterBlaster,3,323.5,308.5,323.5,308.5,123,0.3,0.1
0,GasterBlaster,3,323.5,308.5,323.5,308.5,183,0.3,0.1
0,GasterBlaster,3,323.5,308.5,323.5,308.5,243,0.3,0.1
0,GasterBlaster,3,323.5,308.5,323.5,308.5,303,0.3,0.1
0.045,GasterBlaster,3,323.5,308.5,323.5,308.5,6,0.3,0.1
0,GasterBlaster,3,323.5,308.5,323.5,308.5,66,0.3,0.1
0,GasterBlaster,3,323.5,308.5,323.5,308.5,126,0.3,0.1
0,GasterBlaster,3,323.5,308.5,323.5,308.5,186,0.3,0.1
0,GasterBlaster,3,323.5,308.5,323.5,308.5,246,0.3,0.1
0,GasterBlaster,3,323.5,308.5,323.5,308.5,306,0.3,0.1
0.045,GasterBlaster,3,323.5,308.5,323.5,308.5,9,0.3,0.1
0,GasterBlaster,3,323.5,308.5,323.5,308.5,69,0.3,0.1
0,GasterBlaster,3,323.5,308.5,323.5,308.5,129,0.3,0.1
0,GasterBlaster,3,323.5,308.5,323.5,308.5,189,0.3,0.1
0,GasterBlaster,3,323.5,308.5,323.5,308.5,249,0.3,0.1
0,GasterBlaster,3,323.5,308.5,323.5,308.5,309,0.3,0.1
0.045,GasterBlaster,3,323.5,308.5,323.5,308.5,12,0.3,0.1
0,GasterBlaster,3,323.5,308.5,323.5,308.5,72,0.3,0.1
0,GasterBlaster,3,323.5,308.5,323.5,308.5,132,0.3,0.1
0,GasterBlaster,3,323.5,308.5,323.5,308.5,192,0.3,0.1
0,GasterBlaster,3,323.5,308.5,323.5,308.5,252,0.3,0.1
0,GasterBlaster,3,323.5,308.5,323.5,308.5,312,0.3,0.1
0.045,GasterBlaster,3,323.5,308.5,323.5,308.5,15,0.3,0.1
0,GasterBlaster,3,323.5,308.5,323.5,308.5,75,0.3,0.1
0,GasterBlaster,3,323.5,308.5,323.5,308.5,135,0.3,0.1
0,GasterBlaster,3,323.5,308.5,323.5,308.5,195,0.3,0.1
0,GasterBlaster,3,323.5,308.5,323.5,308.5,255,0.3,0.1
0,GasterBlaster,3,323.5,308.5,323.5,308.5,315,0.3,0.1
0.045,GasterBlaster,3,323.5,308.5,323.5,308.5,18,0.3,0.1
0,GasterBlaster,3,323.5,308.5,323.5,308.5,78,0.3,0.1
0,GasterBlaster,3,323.5,308.5,323.5,308.5,138,0.3,0.1
0,GasterBlaster,3,323.5,308.5,323.5,308.5,198,0.3,0.1
0,GasterBlaster,3,323.5,308.5,323.5,308.5,258,0.3,0.1
0,GasterBlaster,3,323.5,308.5,323.5,308.5,318,0.3,0.1
0.045,GasterBlaster,3,323.5,308.5,323.5,308.5,21,0.3,0.1
0,GasterBlaster,3,323.5,308.5,323.5,308.5,81,0.3,0.1
0,GasterBlaster,3,323.5,308.5,323.5,308.5,141,0.3,0.1
0,GasterBlaster,3,323.5,308.5,323.5,308.5,201,0.3,0.1
0,GasterBlaster,3,323.5,308.5,323.5,308.5,261,0.3,0.1
0,GasterBlaster,3,323.5,308.5,323.5,308.5,321,0.3,0.1
0.045,GasterBlaster,3,323.5,308.5,323.5,308.5,24,0.3,0.1
0,GasterBlaster,3,323.5,308.5,323.5,308.5,84,0.3,0.1
0,GasterBlaster,3,323.5,308.5,323.5,308.5,144,0.3,0.1
0,GasterBlaster,3,323.5,308.5,323.5,308.5,204,0.3,0.1
0,GasterBlaster,3,323.5,308.5,323.5,308.5,264,0.3,0.1
0,GasterBlaster,3,323.5,308.5,323.5,308.5,324,0.3,0.1
0.045,GasterBlaster,3,323.5,308.5,323.5,308.5,27,0.3,0.1
0,GasterBlaster,3,323.5,308.5,323.5,308.5,87,0.3,0.1
0,GasterBlaster,3,323.5,308.5,323.5,308.5,147,0.3,0.1
0,GasterBlaster,3,323.5,308.5,323.5,308.5,207,0.3,0.1
0,GasterBlaster,3,323.5,308.5,323.5,308.5,267,0.3,0.1
0,GasterBlaster,3,323.5,308.5,323.5,308.5,327,0.3,0.1
0.045,GasterBlaster,3,323.5,308.5,323.5,308.5,30,0.3,0.1
0,GasterBlaster,3,323.5,308.5,323.5,308.5,90,0.3,0.1
0,GasterBlaster,3,323.5,308.5,323.5,308.5,150,0.3,0.1
0,GasterBlaster,3,323.5,308.5,323.5,308.5,210,0.3,0.1
0,GasterBlaster,3,323.5,308.5,323.5,308.5,270,0.3,0.1
0,GasterBlaster,3,323.5,308.5,323.5,308.5,330,0.3,0.1
0.045,GasterBlaster,3,323.5,308.5,323.5,308.5,33,0.3,0.1
0,GasterBlaster,3,323.5,308.5,323.5,308.5,93,0.3,0.1
0,GasterBlaster,3,323.5,308.5,323.5,308.5,153,0.3,0.1
0,GasterBlaster,3,323.5,308.5,323.5,308.5,213,0.3,0.1
0,GasterBlaster,3,323.5,308.5,323.5,308.5,273,0.3,0.1
0,GasterBlaster,3,323.5,308.5,323.5,308.5,333,0.3,0.1
0.045,GasterBlaster,3,323.5,308.5,323.5,308.5,36,0.3,0.1
0,GasterBlaster,3,323.5,308.5,323.5,308.5,96,0.3,0.1
0,GasterBlaster,3,323.5,308.5,323.5,308.5,156,0.3,0.1
0,GasterBlaster,3,323.5,308.5,323.5,308.5,216,0.3,0.1
0,GasterBlaster,3,323.5,308.5,323.5,308.5,276,0.3,0.1
0,GasterBlaster,3,323.5,308.5,323.5,308.5,336,0.3,0.1
0.045,GasterBlaster,3,323.5,308.5,323.5,308.5,39,0.3,0.1
0,GasterBlaster,3,323.5,308.5,323.5,308.5,99,0.3,0.1
0,GasterBlaster,3,323.5,308.5,323.5,308.5,159,0.3,0.1
0,GasterBlaster,3,323.5,308.5,323.5,308.5,219,0.3,0.1
0,GasterBlaster,3,323.5,308.5,323.5,308.5,279,0.3,0.1
0,GasterBlaster,3,323.5,308.5,323.5,308.5,339,0.3,0.1
0.045,GasterBlaster,3,323.5,308.5,323.5,308.5,42,0.3,0.1
0,GasterBlaster,3,323.5,308.5,323.5,308.5,102,0.3,0.1
0,GasterBlaster,3,323.5,308.5,323.5,308.5,162,0.3,0.1
0,GasterBlaster,3,323.5,308.5,323.5,308.5,222,0.3,0.1
0,GasterBlaster,3,323.5,308.5,323.5,308.5,282,0.3,0.1
0,GasterBlaster,3,323.5,308.5,323.5,308.5,342,0.3,0.1
0.045,GasterBlaster,3,323.5,308.5,323.5,308.5,45,0.3,0.1
0,GasterBlaster,3,323.5,308.5,323.5,308.5,105,0.3,0.1
0,GasterBlaster,3,323.5,308.5,323.5,308.5,165,0.3,0.1
0,GasterBlaster,3,323.5,308.5,323.5,308.5,225,0.3,0.1
0,GasterBlaster,3,323.5,308.5,323.5,308.5,285,0.3,0.1
0,GasterBlaster,3,323.5,308.5,323.5,308.5,345,0.3,0.1
0.045,GasterBlaster,3,323.5,308.5,323.5,308.5,48,0.3,0.1
0,GasterBlaster,3,323.5,308.5,323.5,308.5,108,0.3,0.1
0,GasterBlaster,3,323.5,308.5,323.5,308.5,168,0.3,0.1
0,GasterBlaster,3,323.5,308.5,323.5,308.5,228,0.3,0.1
0,GasterBlaster,3,323.5,308.5,323.5,308.5,288,0.3,0.1
0,GasterBlaster,3,323.5,308.5,323.5,308.5,348,0.3,0.1
0.045,GasterBlaster,3,323.5,308.5,323.5,308.5,51,0.3,0.1
0,GasterBlaster,3,323.5,308.5,323.5,308.5,111,0.3,0.1
0,GasterBlaster,3,323.5,308.5,323.5,308.5,171,0.3,0.1
0,GasterBlaster,3,323.5,308.5,323.5,308.5,231,0.3,0.1
0,GasterBlaster,3,323.5,308.5,323.5,308.5,291,0.3,0.1
0,GasterBlaster,3,323.5,308.5,323.5,308.5,351,0.3,0.1
0.045,GasterBlaster,3,323.5,308.5,323.5,308.5,54,0.3,0.1
0,GasterBlaster,3,323.5,308.5,323.5,308.5,114,0.3,0.1
0,GasterBlaster,3,323.5,308.5,323.5,308.5,174,0.3,0.1
0,GasterBlaster,3,323.5,308.5,323.5,308.5,234,0.3,0.1
0,GasterBlaster,3,323.5,308.5,323.5,308.5,294,0.3,0.1
0,GasterBlaster,3,323.5,308.5,323.5,308.5,354,0.3,0.1
,,,,,,,,,
,,,,,,,,,
0.1,GasterBlaster,3,323.5,308.5,323.5,308.5,0,0.3,0.1
0,GasterBlaster,3,323.5,308.5,323.5,308.5,60,0.3,0.1
0,GasterBlaster,3,323.5,308.5,323.5,308.5,120,0.3,0.1
0,GasterBlaster,3,323.5,308.5,323.5,308.5,180,0.3,0.1
0,GasterBlaster,3,323.5,308.5,323.5,308.5,240,0.3,0.1
0,GasterBlaster,3,323.5,308.5,323.5,308.5,300,0.3,0.1
0.045,GasterBlaster,3,323.5,308.5,323.5,308.5,3,0.3,0.1
0,GasterBlaster,3,323.5,308.5,323.5,308.5,63,0.3,0.1
0,GasterBlaster,3,323.5,308.5,323.5,308.5,123,0.3,0.1
0,GasterBlaster,3,323.5,308.5,323.5,308.5,183,0.3,0.1
0,GasterBlaster,3,323.5,308.5,323.5,308.5,243,0.3,0.1
0,GasterBlaster,3,323.5,308.5,323.5,308.5,303,0.3,0.1
0.045,GasterBlaster,3,323.5,308.5,323.5,308.5,6,0.3,0.1
0,GasterBlaster,3,323.5,308.5,323.5,308.5,66,0.3,0.1
0,GasterBlaster,3,323.5,308.5,323.5,308.5,126,0.3,0.1
0,GasterBlaster,3,323.5,308.5,323.5,308.5,186,0.3,0.1
0,GasterBlaster,3,323.5,308.5,323.5,308.5,246,0.3,0.1
0,GasterBlaster,3,323.5,308.5,323.5,308.5,306,0.3,0.1
0.045,GasterBlaster,3,323.5,308.5,323.5,308.5,9,0.3,0.1
0,GasterBlaster,3,323.5,308.5,323.5,308.5,69,0.3,0.1
0,GasterBlaster,3,323.5,308.5,323.5,308.5,129,0.3,0.1
0,GasterBlaster,3,323.5,308.5,323.5,308.5,189,0.3,0.1
0,GasterBlaster,3,323.5,308.5,323.5,308.5,249,0.3,0.1
0,GasterBlaster,3,323.5,308.5,323.5,308.5,309,0.3,0.1
0.045,GasterBlaster,3,323.5,308.5,323.5,308.5,12,0.3,0.1
0,GasterBlaster,3,323.5,308.5,323.5,308.5,72,0.3,0.1
0,GasterBlaster,3,323.5,308.5,323.5,308.5,132,0.3,0.1
0,GasterBlaster,3,323.5,308.5,323.5,308.5,192,0.3,0.1
0,GasterBlaster,3,323.5,308.5,323.5,308.5,252,0.3,0.1
0,GasterBlaster,3,323.5,308.5,323.5,308.5,312,0.3,0.1
0.045,GasterBlaster,3,323.5,308.5,323.5,308.5,15,0.3,0.1
0,GasterBlaster,3,323.5,308.5,323.5,308.5,75,0.3,0.1
0,GasterBlaster,3,323.5,308.5,323.5,308.5,135,0.3,0.1
0,GasterBlaster,3,323.5,308.5,323.5,308.5,195,0.3,0.1
0,GasterBlaster,3,323.5,308.5,323.5,308.5,255,0.3,0.1
0,GasterBlaster,3,323.5,308.5,323.5,308.5,315,0.3,0.1
0.045,GasterBlaster,3,323.5,308.5,323.5,308.5,18,0.3,0.1
0,GasterBlaster,3,323.5,308.5,323.5,308.5,78,0.3,0.1
0,GasterBlaster,3,323.5,308.5,323.5,308.5,138,0.3,0.1
0,GasterBlaster,3,323.5,308.5,323.5,308.5,198,0.3,0.1
0,GasterBlaster,3,323.5,308.5,323.5,308.5,258,0.3,0.1
0,GasterBlaster,3,323.5,308.5,323.5,308.5,318,0.3,0.1
0.045,GasterBlaster,3,323.5,308.5,323.5,308.5,21,0.3,0.1
0,GasterBlaster,3,323.5,308.5,323.5,308.5,81,0.3,0.1
0,GasterBlaster,3,323.5,308.5,323.5,308.5,141,0.3,0.1
0,GasterBlaster,3,323.5,308.5,323.5,308.5,201,0.3,0.1
0,GasterBlaster,3,323.5,308.5,323.5,308.5,261,0.3,0.1
0,GasterBlaster,3,323.5,308.5,323.5,308.5,321,0.3,0.1
0.045,GasterBlaster,3,323.5,308.5,323.5,308.5,24,0.3,0.1
0,GasterBlaster,3,323.5,308.5,323.5,308.5,84,0.3,0.1
0,GasterBlaster,3,323.5,308.5,323.5,308.5,144,0.3,0.1
0,GasterBlaster,3,323.5,308.5,323.5,308.5,204,0.3,0.1
0,GasterBlaster,3,323.5,308.5,323.5,308.5,264,0.3,0.1
0,GasterBlaster,3,323.5,308.5,323.5,308.5,324,0.3,0.1
0.045,GasterBlaster,3,323.5,308.5,323.5,308.5,27,0.3,0.1
0,GasterBlaster,3,323.5,308.5,323.5,308.5,87,0.3,0.1
0,GasterBlaster,3,323.5,308.5,323.5,308.5,147,0.3,0.1
0,GasterBlaster,3,323.5,308.5,323.5,308.5,207,0.3,0.1
0,GasterBlaster,3,323.5,308.5,323.5,308.5,267,0.3,0.1
0,GasterBlaster,3,323.5,308.5,323.5,308.5,327,0.3,0.1
0.045,GasterBlaster,3,323.5,308.5,323.5,308.5,30,0.3,0.1
0,GasterBlaster,3,323.5,308.5,323.5,308.5,90,0.3,0.1
0,GasterBlaster,3,323.5,308.5,323.5,308.5,150,0.3,0.1
0,GasterBlaster,3,323.5,308.5,323.5,308.5,210,0.3,0.1
0,GasterBlaster,3,323.5,308.5,323.5,308.5,270,0.3,0.1
0,GasterBlaster,3,323.5,308.5,323.5,308.5,330,0.3,0.1
0.045,GasterBlaster,3,323.5,308.5,323.5,308.5,33,0.3,0.1
0,GasterBlaster,3,323.5,308.5,323.5,308.5,93,0.3,0.1
0,GasterBlaster,3,323.5,308.5,323.5,308.5,153,0.3,0.1
0,GasterBlaster,3,323.5,308.5,323.5,308.5,213,0.3,0.1
0,GasterBlaster,3,323.5,308.5,323.5,308.5,273,0.3,0.1
0,GasterBlaster,3,323.5,308.5,323.5,308.5,333,0.3,0.1
0.045,GasterBlaster,3,323.5,308.5,323.5,308.5,36,0.3,0.1
0,GasterBlaster,3,323.5,308.5,323.5,308.5,96,0.3,0.1
0,GasterBlaster,3,323.5,308.5,323.5,308.5,156,0.3,0.1
0,GasterBlaster,3,323.5,308.5,323.5,308.5,216,0.3,0.1
0,GasterBlaster,3,323.5,308.5,323.5,308.5,276,0.3,0.1
0,GasterBlaster,3,323.5,308.5,323.5,308.5,336,0.3,0.1
0.045,GasterBlaster,3,323.5,308.5,323.5,308.5,39,0.3,0.1
0,GasterBlaster,3,323.5,308.5,323.5,308.5,99,0.3,0.1
0,GasterBlaster,3,323.5,308.5,323.5,308.5,159,0.3,0.1
0,GasterBlaster,3,323.5,308.5,323.5,308.5,219,0.3,0.1
0,GasterBlaster,3,323.5,308.5,323.5,308.5,279,0.3,0.1
0,GasterBlaster,3,323.5,308.5,323.5,308.5,339,0.3,0.1
0.045,GasterBlaster,3,323.5,308.5,323.5,308.5,42,0.3,0.1
0,GasterBlaster,3,323.5,308.5,323.5,308.5,102,0.3,0.1
0,GasterBlaster,3,323.5,308.5,323.5,308.5,162,0.3,0.1
0,GasterBlaster,3,323.5,308.5,323.5,308.5,222,0.3,0.1
0,GasterBlaster,3,323.5,308.5,323.5,308.5,282,0.3,0.1
0,GasterBlaster,3,323.5,308.5,323.5,308.5,342,0.3,0.1
0.045,GasterBlaster,3,323.5,308.5,323.5,308.5,45,0.3,0.1
0,GasterBlaster,3,323.5,308.5,323.5,308.5,105,0.3,0.1
0,GasterBlaster,3,323.5,308.5,323.5,308.5,165,0.3,0.1
0,GasterBlaster,3,323.5,308.5,323.5,308.5,225,0.3,0.1
0,GasterBlaster,3,323.5,308.5,323.5,308.5,285,0.3,0.1
0,GasterBlaster,3,323.5,308.5,323.5,308.5,345,0.3,0.1
0.045,GasterBlaster,3,323.5,308.5,323.5,308.5,48,0.3,0.1
0,GasterBlaster,3,323.5,308.5,323.5,308.5,108,0.3,0.1
0,GasterBlaster,3,323.5,308.5,323.5,308.5,168,0.3,0.1
0,GasterBlaster,3,323.5,308.5,323.5,308.5,228,0.3,0.1
0,GasterBlaster,3,323.5,308.5,323.5,308.5,288,0.3,0.1
0,GasterBlaster,3,323.5,308.5,323.5,308.5,348,0.3,0.1
0.045,GasterBlaster,3,323.5,308.5,323.5,308.5,51,0.3,0.1
0,GasterBlaster,3,323.5,308.5,323.5,308.5,111,0.3,0.1
0,GasterBlaster,3,323.5,308.5,323.5,308.5,171,0.3,0.1
0,GasterBlaster,3,323.5,308.5,323.5,308.5,231,0.3,0.1
0,GasterBlaster,3,323.5,308.5,323.5,308.5,291,0.3,0.1
0,GasterBlaster,3,323.5,308.5,323.5,308.5,351,0.3,0.1
0.045,GasterBlaster,3,323.5,308.5,323.5,308.5,54,0.3,0.1
0,GasterBlaster,3,323.5,308.5,323.5,308.5,114,0.3,0.1
0,GasterBlaster,3,323.5,308.5,323.5,308.5,174,0.3,0.1
0,GasterBlaster,3,323.5,308.5,323.5,308.5,234,0.3,0.1
0,GasterBlaster,3,323.5,308.5,323.5,308.5,294,0.3,0.1
0,GasterBlaster,3,323.5,308.5,323.5,308.5,354,0.3,0.1
,,,,,,,,,
0.1,GasterBlaster,3,323.5,308.5,323.5,308.5,0,0.3,0.1
0,GasterBlaster,3,323.5,308.5,323.5,308.5,60,0.3,0.1
0,GasterBlaster,3,323.5,308.5,323.5,308.5,120,0.3,0.1
0,GasterBlaster,3,323.5,308.5,323.5,308.5,180,0.3,0.1
0,GasterBlaster,3,323.5,308.5,323.5,308.5,240,0.3,0.1
0,GasterBlaster,3,323.5,308.5,323.5,308.5,300,0.3,0.1
0.045,GasterBlaster,3,323.5,308.5,323.5,308.5,3,0.3,0.1
0,GasterBlaster,3,323.5,308.5,323.5,308.5,63,0.3,0.1
0,GasterBlaster,3,323.5,308.5,323.5,308.5,123,0.3,0.1
0,GasterBlaster,3,323.5,308.5,323.5,308.5,183,0.3,0.1
0,GasterBlaster,3,323.5,308.5,323.5,308.5,243,0.3,0.1
0,GasterBlaster,3,323.5,308.5,323.5,308.5,303,0.3,0.1
0.045,GasterBlaster,3,323.5,308.5,323.5,308.5,6,0.3,0.1
0,GasterBlaster,3,323.5,308.5,323.5,308.5,66,0.3,0.1
0,GasterBlaster,3,323.5,308.5,323.5,308.5,126,0.3,0.1
0,GasterBlaster,3,323.5,308.5,323.5,308.5,186,0.3,0.1
0,GasterBlaster,3,323.5,308.5,323.5,308.5,246,0.3,0.1
0,GasterBlaster,3,323.5,308.5,323.5,308.5,306,0.3,0.1
0.045,GasterBlaster,3,323.5,308.5,323.5,308.5,9,0.3,0.1
0,GasterBlaster,3,323.5,308.5,323.5,308.5,69,0.3,0.1
0,GasterBlaster,3,323.5,308.5,323.5,308.5,129,0.3,0.1
0,GasterBlaster,3,323.5,308.5,323.5,308.5,189,0.3,0.1
0,GasterBlaster,3,323.5,308.5,323.5,308.5,249,0.3,0.1
0,GasterBlaster,3,323.5,308.5,323.5,308.5,309,0.3,0.1
0.045,GasterBlaster,3,323.5,308.5,323.5,308.5,12,0.3,0.1
0,GasterBlaster,3,323.5,308.5,323.5,308.5,72,0.3,0.1
0,GasterBlaster,3,323.5,308.5,323.5,308.5,132,0.3,0.1
0,GasterBlaster,3,323.5,308.5,323.5,308.5,192,0.3,0.1
0,GasterBlaster,3,323.5,308.5,323.5,308.5,252,0.3,0.1
0,GasterBlaster,3,323.5,308.5,323.5,308.5,312,0.3,0.1
0.045,GasterBlaster,3,323.5,308.5,323.5,308.5,15,0.3,0.1
0,GasterBlaster,3,323.5,308.5,323.5,308.5,75,0.3,0.1
0,GasterBlaster,3,323.5,308.5,323.5,308.5,135,0.3,0.1
0,GasterBlaster,3,323.5,308.5,323.5,308.5,195,0.3,0.1
0,GasterBlaster,3,323.5,308.5,323.5,308.5,255,0.3,0.1
0,GasterBlaster,3,323.5,308.5,323.5,308.5,315,0.3,0.1
0.045,GasterBlaster,3,323.5,308.5,323.5,308.5,18,0.3,0.1
0,GasterBlaster,3,323.5,308.5,323.5,308.5,78,0.3,0.1
0,GasterBlaster,3,323.5,308.5,323.5,308.5,138,0.3,0.1
0,GasterBlaster,3,323.5,308.5,323.5,308.5,198,0.3,0.1
0,GasterBlaster,3,323.5,308.5,323.5,308.5,258,0.3,0.1
0,GasterBlaster,3,323.5,308.5,323.5,308.5,318,0.3,0.1
0.045,GasterBlaster,3,323.5,308.5,323.5,308.5,21,0.3,0.1
0,GasterBlaster,3,323.5,308.5,323.5,308.5,81,0.3,0.1
0,GasterBlaster,3,323.5,308.5,323.5,308.5,141,0.3,0.1
0,GasterBlaster,3,323.5,308.5,323.5,308.5,201,0.3,0.1
0,GasterBlaster,3,323.5,308.5,323.5,308.5,261,0.3,0.1
0,GasterBlaster,3,323.5,308.5,323.5,308.5,321,0.3,0.1
0.045,GasterBlaster,3,323.5,308.5,323.5,308.5,24,0.3,0.1
0,GasterBlaster,3,323.5,308.5,323.5,308.5,84,0.3,0.1
0,GasterBlaster,3,323.5,308.5,323.5,308.5,144,0.3,0.1
0,GasterBlaster,3,323.5,308.5,323.5,308.5,204,0.3,0.1
0,GasterBlaster,3,323.5,308.5,323.5,308.5,264,0.3,0.1
0,GasterBlaster,3,323.5,308.5,323.5,308.5,324,0.3,0.1
0.045,GasterBlaster,3,323.5,308.5,323.5,308.5,27,0.3,0.1
0,GasterBlaster,3,323.5,308.5,323.5,308.5,87,0.3,0.1
0,GasterBlaster,3,323.5,308.5,323.5,308.5,147,0.3,0.1
0,GasterBlaster,3,323.5,308.5,323.5,308.5,207,0.3,0.1
0,GasterBlaster,3,323.5,308.5,323.5,308.5,267,0.3,0.1
0,GasterBlaster,3,323.5,308.5,323.5,308.5,327,0.3,0.1
0.045,GasterBlaster,3,323.5,308.5,323.5,308.5,30,0.3,0.1
0,GasterBlaster,3,323.5,308.5,323.5,308.5,90,0.3,0.1
0,GasterBlaster,3,323.5,308.5,323.5,308.5,150,0.3,0.1
0,GasterBlaster,3,323.5,308.5,323.5,308.5,210,0.3,0.1
0,GasterBlaster,3,323.5,308.5,323.5,308.5,270,0.3,0.1
0,GasterBlaster,3,323.5,308.5,323.5,308.5,330,0.3,0.1
0.045,GasterBlaster,3,323.5,308.5,323.5,308.5,33,0.3,0.1
0,GasterBlaster,3,323.5,308.5,323.5,308.5,93,0.3,0.1
0,GasterBlaster,3,323.5,308.5,323.5,308.5,153,0.3,0.1
0,GasterBlaster,3,323.5,308.5,323.5,308.5,213,0.3,0.1
0,GasterBlaster,3,323.5,308.5,323.5,308.5,273,0.3,0.1
0,GasterBlaster,3,323.5,308.5,323.5,308.5,333,0.3,0.1
0.045,GasterBlaster,3,323.5,308.5,323.5,308.5,36,0.3,0.1
0,GasterBlaster,3,323.5,308.5,323.5,308.5,96,0.3,0.1
0,GasterBlaster,3,323.5,308.5,323.5,308.5,156,0.3,0.1
0,GasterBlaster,3,323.5,308.5,323.5,308.5,216,0.3,0.1
0,GasterBlaster,3,323.5,308.5,323.5,308.5,276,0.3,0.1
0,GasterBlaster,3,323.5,308.5,323.5,308.5,336,0.3,0.1
0.045,GasterBlaster,3,323.5,308.5,323.5,308.5,39,0.3,0.1
0,GasterBlaster,3,323.5,308.5,323.5,308.5,99,0.3,0.1
0,GasterBlaster,3,323.5,308.5,323.5,308.5,159,0.3,0.1
0,GasterBlaster,3,323.5,308.5,323.5,308.5,219,0.3,0.1
0,GasterBlaster,3,323.5,308.5,323.5,308.5,279,0.3,0.1
0,GasterBlaster,3,323.5,308.5,323.5,308.5,339,0.3,0.1
0.045,GasterBlaster,3,323.5,308.5,323.5,308.5,42,0.3,0.1
0,GasterBlaster,3,323.5,308.5,323.5,308.5,102,0.3,0.1
0,GasterBlaster,3,323.5,308.5,323.5,308.5,162,0.3,0.1
0,GasterBlaster,3,323.5,308.5,323.5,308.5,222,0.3,0.1
0,GasterBlaster,3,323.5,308.5,323.5,308.5,282,0.3,0.1
0,GasterBlaster,3,323.5,308.5,323.5,308.5,342,0.3,0.1
0.045,GasterBlaster,3,323.5,308.5,323.5,308.5,45,0.3,0.1
0,GasterBlaster,3,323.5,308.5,323.5,308.5,105,0.3,0.1
0,GasterBlaster,3,323.5,308.5,323.5,308.5,165,0.3,0.1
0,GasterBlaster,3,323.5,308.5,323.5,308.5,225,0.3,0.1
0,GasterBlaster,3,323.5,308.5,323.5,308.5,285,0.3,0.1
0,GasterBlaster,3,323.5,308.5,323.5,308.5,345,0.3,0.1
0.045,GasterBlaster,3,323.5,308.5,323.5,308.5,48,0.3,0.1
0,GasterBlaster,3,323.5,308.5,323.5,308.5,108,0.3,0.1
0,GasterBlaster,3,323.5,308.5,323.5,308.5,168,0.3,0.1
0,GasterBlaster,3,323.5,308.5,323.5,308.5,228,0.3,0.1
0,GasterBlaster,3,323.5,308.5,323.5,308.5,288,0.3,0.1
0,GasterBlaster,3,323.5,308.5,323.5,308.5,348,0.3,0.1
0.045,GasterBlaster,3,323.5,308.5,323.5,308.5,51,0.3,0.1
0,GasterBlaster,3,323.5,308.5,323.5,308.5,111,0.3,0.1
0,GasterBlaster,3,323.5,308.5,323.5,308.5,171,0.3,0.1
0,GasterBlaster,3,323.5,308.5,323.5,308.5,231,0.3,0.1
0,GasterBlaster,3,323.5,308.5,323.5,308.5,291,0.3,0.1
0,GasterBlaster,3,323.5,308.5,323.5,308.5,351,0.3,0.1
0.045,GasterBlaster,3,323.5,308.5,323.5,308.5,54,0.3,0.1
0,GasterBlaster,3,323.5,308.5,323.5,308.5,114,0.3,0.1
0,GasterBlaster,3,323.5,308.5,323.5,308.5,174,0.3,0.1
0,GasterBlaster,3,323.5,308.5,323.5,308.5,234,0.3,0.1
0,GasterBlaster,3,323.5,308.5,323.5,308.5,294,0.3,0.1
0,GasterBlaster,3,323.5,308.5,323.5,308.5,354,0.3,0.1
0.32,,,,,,,,,
0,CombatZoneResize,-10,-50,650,500,,,,
0,CombatZoneSpeed,323.5,,,,,,,
0,Sound,Ding,,,,,,,
0.55,GetHeartpos,HeartX,HeartY,,,,,,
0,SUB,HeartX,$HeartX,100,,,,,
0,GasterBlaster,1,0,0,$HeartX,$HeartY,0,0.15,0.1
0,GetHeartpos,HeartX,HeartY,,,,,,
0,SUB,HeartX,$HeartX,100,,,,,
0,SUB,HeartY,$HeartY,100,,,,,
0,GasterBlaster,1,0,0,$HeartX,$HeartY,45,0.15,0.1
0,GetHeartpos,HeartX,HeartY,,,,,,
0,SUB,HeartY,$HeartY,100,,,,,
0,GasterBlaster,1,0,0,$HeartX,$HeartY,90,0.15,0.1
0,GetHeartpos,HeartX,HeartY,,,,,,
0,ADD,HeartX,$HeartX,100,,,,,
0,SUB,HeartY,$HeartY,100,,,,,
0,GasterBlaster,1,0,0,$HeartX,$HeartY,135,0.15,0.1
0,GetHeartpos,HeartX,HeartY,,,,,,
0,ADD,HeartX,$HeartX,100,,,,,
0,GasterBlaster,1,0,0,$HeartX,$HeartY,180,0.15,0.1
0,GetHeartpos,HeartX,HeartY,,,,,,
0,ADD,HeartX,$HeartX,100,,,,,
0,ADD,HeartY,$HeartY,100,,,,,
0,GasterBlaster,1,0,0,$HeartX,$HeartY,225,0.15,0.1
0,GetHeartpos,HeartX,HeartY,,,,,,
0,ADD,HeartY,$HeartY,100,,,,,
0,GasterBlaster,1,0,0,$HeartX,$HeartY,270,0.15,0.1
0,GetHeartpos,HeartX,HeartY,,,,,,
0,SUB,HeartX,$HeartX,100,,,,,
0,ADD,HeartY,$HeartY,100,,,,,
0,GasterBlaster,1,0,0,$HeartX,$HeartY,315,0.15,0.1
1,GetHeartpos,HeartX,HeartY,,,,,,
0,SUB,HeartX,$HeartX,100,,,,,
0,GasterBlaster,1,0,0,$HeartX,$HeartY,0,0.15,0.1
0,GetHeartpos,HeartX,HeartY,,,,,,
0,SUB,HeartX,$HeartX,100,,,,,
0,SUB,HeartY,$HeartY,100,,,,,
0,GasterBlaster,1,0,0,$HeartX,$HeartY,45,0.15,0.1
0,GetHeartpos,HeartX,HeartY,,,,,,
0,SUB,HeartY,$HeartY,100,,,,,
0,GasterBlaster,1,0,0,$HeartX,$HeartY,90,0.15,0.1
0,GetHeartpos,HeartX,HeartY,,,,,,
0,ADD,HeartX,$HeartX,100,,,,,
0,SUB,HeartY,$HeartY,100,,,,,
0,GasterBlaster,1,0,0,$HeartX,$HeartY,135,0.15,0.1
0,GetHeartpos,HeartX,HeartY,,,,,,
0,ADD,HeartX,$HeartX,100,,,,,
0,GasterBlaster,1,0,0,$HeartX,$HeartY,180,0.15,0.1
0,GetHeartpos,HeartX,HeartY,,,,,,
0,ADD,HeartX,$HeartX,100,,,,,
0,ADD,HeartY,$HeartY,100,,,,,
0,GasterBlaster,1,0,0,$HeartX,$HeartY,225,0.15,0.1
0,GetHeartpos,HeartX,HeartY,,,,,,
0,ADD,HeartY,$HeartY,100,,,,,
0,GasterBlaster,1,0,0,$HeartX,$HeartY,270,0.15,0.1
0,GetHeartpos,HeartX,HeartY,,,,,,
0,SUB,HeartX,$HeartX,100,,,,,
0,ADD,HeartY,$HeartY,100,,,,,
0,GasterBlaster,1,0,0,$HeartX,$HeartY,315,0.15,0.1
1,GetHeartpos,HeartX,HeartY,,,,,,
0,SUB,HeartX,$HeartX,100,,,,,
0,GasterBlaster,1,0,0,$HeartX,$HeartY,0,0.15,0.1
0,GetHeartpos,HeartX,HeartY,,,,,,
0,SUB,HeartX,$HeartX,100,,,,,
0,SUB,HeartY,$HeartY,100,,,,,
0,GasterBlaster,1,0,0,$HeartX,$HeartY,45,0.15,0.1
0,GetHeartpos,HeartX,HeartY,,,,,,
0,SUB,HeartY,$HeartY,100,,,,,
0,GasterBlaster,1,0,0,$HeartX,$HeartY,90,0.15,0.1
0,GetHeartpos,HeartX,HeartY,,,,,,
0,ADD,HeartX,$HeartX,100,,,,,
0,SUB,HeartY,$HeartY,100,,,,,
0,GasterBlaster,1,0,0,$HeartX,$HeartY,135,0.15,0.1
0,GetHeartpos,HeartX,HeartY,,,,,,
0,ADD,HeartX,$HeartX,100,,,,,
0,GasterBlaster,1,0,0,$HeartX,$HeartY,180,0.15,0.1
0,GetHeartpos,HeartX,HeartY,,,,,,
0,ADD,HeartX,$HeartX,100,,,,,
0,ADD,HeartY,$HeartY,100,,,,,
0,GasterBlaster,1,0,0,$HeartX,$HeartY,225,0.15,0.1
0,GetHeartpos,HeartX,HeartY,,,,,,
0,ADD,HeartY,$HeartY,100,,,,,
0,GasterBlaster,1,0,0,$HeartX,$HeartY,270,0.15,0.1
0,GetHeartpos,HeartX,HeartY,,,,,,
0,SUB,HeartX,$HeartX,100,,,,,
0,ADD,HeartY,$HeartY,100,,,,,
0,GasterBlaster,1,0,0,$HeartX,$HeartY,315,0.15,0.1
1,GetHeartpos,HeartX,HeartY,,,,,,
0,SUB,HeartX,$HeartX,100,,,,,
0,GasterBlaster,1,0,0,$HeartX,$HeartY,0,0.15,0.1
0,GetHeartpos,HeartX,HeartY,,,,,,
0,SUB,HeartX,$HeartX,100,,,,,
0,SUB,HeartY,$HeartY,100,,,,,
0,GasterBlaster,1,0,0,$HeartX,$HeartY,45,0.15,0.1
0,GetHeartpos,HeartX,HeartY,,,,,,
0,SUB,HeartY,$HeartY,100,,,,,
0,GasterBlaster,1,0,0,$HeartX,$HeartY,90,0.15,0.1
0,GetHeartpos,HeartX,HeartY,,,,,,
0,ADD,HeartX,$HeartX,100,,,,,
0,SUB,HeartY,$HeartY,100,,,,,
0,GasterBlaster,1,0,0,$HeartX,$HeartY,135,0.15,0.1
0,GetHeartpos,HeartX,HeartY,,,,,,
0,ADD,HeartX,$HeartX,100,,,,,
0,GasterBlaster,1,0,0,$HeartX,$HeartY,180,0.15,0.1
0,GetHeartpos,HeartX,HeartY,,,,,,
0,ADD,HeartX,$HeartX,100,,,,,
0,ADD,HeartY,$HeartY,100,,,,,
0,GasterBlaster,1,0,0,$HeartX,$HeartY,225,0.15,0.1
0,GetHeartpos,HeartX,HeartY,,,,,,
0,ADD,HeartY,$HeartY,100,,,,,
0,GasterBlaster,1,0,0,$HeartX,$HeartY,270,0.15,0.1
0,GetHeartpos,HeartX,HeartY,,,,,,
0,SUB,HeartX,$HeartX,100,,,,,
0,ADD,HeartY,$HeartY,100,,,,,
0,GasterBlaster,1,0,0,$HeartX,$HeartY,315,0.15,0.1
1,GetHeartpos,HeartX,HeartY,,,,,,
0,SUB,HeartX,$HeartX,100,,,,,
0,GasterBlaster,1,0,0,$HeartX,$HeartY,0,0.15,0.1
0,GetHeartpos,HeartX,HeartY,,,,,,
0,SUB,HeartX,$HeartX,100,,,,,
0,SUB,HeartY,$HeartY,100,,,,,
0,GasterBlaster,1,0,0,$HeartX,$HeartY,45,0.15,0.1
0,GetHeartpos,HeartX,HeartY,,,,,,
0,SUB,HeartY,$HeartY,100,,,,,
0,GasterBlaster,1,0,0,$HeartX,$HeartY,90,0.15,0.1
0,GetHeartpos,HeartX,HeartY,,,,,,
0,ADD,HeartX,$HeartX,100,,,,,
0,SUB,HeartY,$HeartY,100,,,,,
0,GasterBlaster,1,0,0,$HeartX,$HeartY,135,0.15,0.1
0,GetHeartpos,HeartX,HeartY,,,,,,
0,ADD,HeartX,$HeartX,100,,,,,
0,GasterBlaster,1,0,0,$HeartX,$HeartY,180,0.15,0.1
0,GetHeartpos,HeartX,HeartY,,,,,,
0,ADD,HeartX,$HeartX,100,,,,,
0,ADD,HeartY,$HeartY,100,,,,,
0,GasterBlaster,1,0,0,$HeartX,$HeartY,225,0.15,0.1
0,GetHeartpos,HeartX,HeartY,,,,,,
0,ADD,HeartY,$HeartY,100,,,,,
0,GasterBlaster,1,0,0,$HeartX,$HeartY,270,0.15,0.1
0,GetHeartpos,HeartX,HeartY,,,,,,
0,SUB,HeartX,$HeartX,100,,,,,
0,ADD,HeartY,$HeartY,100,,,,,
0,GasterBlaster,1,0,0,$HeartX,$HeartY,315,0.15,0.1
1,GetHeartpos,HeartX,HeartY,,,,,,
0,SUB,HeartX,$HeartX,100,,,,,
0,GasterBlaster,1,0,0,$HeartX,$HeartY,0,0.15,0.1
0,GetHeartpos,HeartX,HeartY,,,,,,
0,SUB,HeartX,$HeartX,100,,,,,
0,SUB,HeartY,$HeartY,100,,,,,
0,GasterBlaster,1,0,0,$HeartX,$HeartY,45,0.15,0.1
0,GetHeartpos,HeartX,HeartY,,,,,,
0,SUB,HeartY,$HeartY,100,,,,,
0,GasterBlaster,1,0,0,$HeartX,$HeartY,90,0.15,0.1
0,GetHeartpos,HeartX,HeartY,,,,,,
0,ADD,HeartX,$HeartX,100,,,,,
0,SUB,HeartY,$HeartY,100,,,,,
0,GasterBlaster,1,0,0,$HeartX,$HeartY,135,0.15,0.1
0,GetHeartpos,HeartX,HeartY,,,,,,
0,ADD,HeartX,$HeartX,100,,,,,
0,GasterBlaster,1,0,0,$HeartX,$HeartY,180,0.15,0.1
0,GetHeartpos,HeartX,HeartY,,,,,,
0,ADD,HeartX,$HeartX,100,,,,,
0,ADD,HeartY,$HeartY,100,,,,,
0,GasterBlaster,1,0,0,$HeartX,$HeartY,225,0.15,0.1
0,GetHeartpos,HeartX,HeartY,,,,,,
0,ADD,HeartY,$HeartY,100,,,,,
0,GasterBlaster,1,0,0,$HeartX,$HeartY,270,0.15,0.1
0,GetHeartpos,HeartX,HeartY,,,,,,
0,SUB,HeartX,$HeartX,100,,,,,
0,ADD,HeartY,$HeartY,100,,,,,
0,GasterBlaster,1,0,0,$HeartX,$HeartY,315,0.15,0.1
1,GetHeartpos,HeartX,HeartY,,,,,,
0,SUB,HeartX,$HeartX,100,,,,,
0,GasterBlaster,1,0,0,$HeartX,$HeartY,0,0.15,0.1
0,GetHeartpos,HeartX,HeartY,,,,,,
0,SUB,HeartX,$HeartX,100,,,,,
0,SUB,HeartY,$HeartY,100,,,,,
0,GasterBlaster,1,0,0,$HeartX,$HeartY,45,0.15,0.1
0,GetHeartpos,HeartX,HeartY,,,,,,
0,SUB,HeartY,$HeartY,100,,,,,
0,GasterBlaster,1,0,0,$HeartX,$HeartY,90,0.15,0.1
0,GetHeartpos,HeartX,HeartY,,,,,,
0,ADD,HeartX,$HeartX,100,,,,,
0,SUB,HeartY,$HeartY,100,,,,,
0,GasterBlaster,1,0,0,$HeartX,$HeartY,135,0.15,0.1
0,GetHeartpos,HeartX,HeartY,,,,,,
0,ADD,HeartX,$HeartX,100,,,,,
0,GasterBlaster,1,0,0,$HeartX,$HeartY,180,0.15,0.1
0,GetHeartpos,HeartX,HeartY,,,,,,
0,ADD,HeartX,$HeartX,100,,,,,
0,ADD,HeartY,$HeartY,100,,,,,
0,GasterBlaster,1,0,0,$HeartX,$HeartY,225,0.15,0.1
0,GetHeartpos,HeartX,HeartY,,,,,,
0,ADD,HeartY,$HeartY,100,,,,,
0,GasterBlaster,1,0,0,$HeartX,$HeartY,270,0.15,0.1
0,GetHeartpos,HeartX,HeartY,,,,,,
0,SUB,HeartX,$HeartX,100,,,,,
0,ADD,HeartY,$HeartY,100,,,,,
0,GasterBlaster,1,0,0,$HeartX,$HeartY,315,0.15,0.1
1,GetHeartpos,HeartX,HeartY,,,,,,
0,SUB,HeartX,$HeartX,100,,,,,
0,GasterBlaster,1,0,0,$HeartX,$HeartY,0,0.15,0.1
0,GetHeartpos,HeartX,HeartY,,,,,,
0,SUB,HeartX,$HeartX,100,,,,,
0,SUB,HeartY,$HeartY,100,,,,,
0,GasterBlaster,1,0,0,$HeartX,$HeartY,45,0.15,0.1
0,GetHeartpos,HeartX,HeartY,,,,,,
0,SUB,HeartY,$HeartY,100,,,,,
0,GasterBlaster,1,0,0,$HeartX,$HeartY,90,0.15,0.1
0,GetHeartpos,HeartX,HeartY,,,,,,
0,ADD,HeartX,$HeartX,100,,,,,
0,SUB,HeartY,$HeartY,100,,,,,
0,GasterBlaster,1,0,0,$HeartX,$HeartY,135,0.15,0.1
0,GetHeartpos,HeartX,HeartY,,,,,,
0,ADD,HeartX,$HeartX,100,,,,,
0,GasterBlaster,1,0,0,$HeartX,$HeartY,180,0.15,0.1
0,GetHeartpos,HeartX,HeartY,,,,,,
0,ADD,HeartX,$HeartX,100,,,,,
0,ADD,HeartY,$HeartY,100,,,,,
0,GasterBlaster,1,0,0,$HeartX,$HeartY,225,0.15,0.1
0,GetHeartpos,HeartX,HeartY,,,,,,
0,ADD,HeartY,$HeartY,100,,,,,
0,GasterBlaster,1,0,0,$HeartX,$HeartY,270,0.15,0.1
0,GetHeartpos,HeartX,HeartY,,,,,,
0,SUB,HeartX,$HeartX,100,,,,,
0,ADD,HeartY,$HeartY,100,,,,,
0,GasterBlaster,1,0,0,$HeartX,$HeartY,315,0.15,0.1
1,GetHeartpos,HeartX,HeartY,,,,,,
0,SUB,HeartX,$HeartX,100,,,,,
0,GasterBlaster,1,0,0,$HeartX,$HeartY,0,0.15,0.1
0,GetHeartpos,HeartX,HeartY,,,,,,
0,SUB,HeartX,$HeartX,100,,,,,
0,SUB,HeartY,$HeartY,100,,,,,
0,GasterBlaster,1,0,0,$HeartX,$HeartY,45,0.15,0.1
0,GetHeartpos,HeartX,HeartY,,,,,,
0,SUB,HeartY,$HeartY,100,,,,,
0,GasterBlaster,1,0,0,$HeartX,$HeartY,90,0.15,0.1
0,GetHeartpos,HeartX,HeartY,,,,,,
0,ADD,HeartX,$HeartX,100,,,,,
0,SUB,HeartY,$HeartY,100,,,,,
0,GasterBlaster,1,0,0,$HeartX,$HeartY,135,0.15,0.1
0,GetHeartpos,HeartX,HeartY,,,,,,
0,ADD,HeartX,$HeartX,100,,,,,
0,GasterBlaster,1,0,0,$HeartX,$HeartY,180,0.15,0.1
0,GetHeartpos,HeartX,HeartY,,,,,,
0,ADD,HeartX,$HeartX,100,,,,,
0,ADD,HeartY,$HeartY,100,,,,,
0,GasterBlaster,1,0,0,$HeartX,$HeartY,225,0.15,0.1
0,GetHeartpos,HeartX,HeartY,,,,,,
0,ADD,HeartY,$HeartY,100,,,,,
0,GasterBlaster,1,0,0,$HeartX,$HeartY,270,0.15,0.1
0,GetHeartpos,HeartX,HeartY,,,,,,
0,SUB,HeartX,$HeartX,100,,,,,
0,ADD,HeartY,$HeartY,100,,,,,
0,GasterBlaster,1,0,0,$HeartX,$HeartY,315,0.15,0.1
1,GetHeartpos,HeartX,HeartY,,,,,,
0,SUB,HeartX,$HeartX,100,,,,,
0,GasterBlaster,1,0,0,$HeartX,$HeartY,0,0.15,0.1
0,GetHeartpos,HeartX,HeartY,,,,,,
0,SUB,HeartX,$HeartX,100,,,,,
0,SUB,HeartY,$HeartY,100,,,,,
0,GasterBlaster,1,0,0,$HeartX,$HeartY,45,0.15,0.1
0,GetHeartpos,HeartX,HeartY,,,,,,
0,SUB,HeartY,$HeartY,100,,,,,
0,GasterBlaster,1,0,0,$HeartX,$HeartY,90,0.15,0.1
0,GetHeartpos,HeartX,HeartY,,,,,,
0,ADD,HeartX,$HeartX,100,,,,,
0,SUB,HeartY,$HeartY,100,,,,,
0,GasterBlaster,1,0,0,$HeartX,$HeartY,135,0.15,0.1
0,GetHeartpos,HeartX,HeartY,,,,,,
0,ADD,HeartX,$HeartX,100,,,,,
0,GasterBlaster,1,0,0,$HeartX,$HeartY,180,0.15,0.1
0,GetHeartpos,HeartX,HeartY,,,,,,
0,ADD,HeartX,$HeartX,100,,,,,
0,ADD,HeartY,$HeartY,100,,,,,
0,GasterBlaster,1,0,0,$HeartX,$HeartY,225,0.15,0.1
0,GetHeartpos,HeartX,HeartY,,,,,,
0,ADD,HeartY,$HeartY,100,,,,,
0,GasterBlaster,1,0,0,$HeartX,$HeartY,270,0.15,0.1
0,GetHeartpos,HeartX,HeartY,,,,,,
0,SUB,HeartX,$HeartX,100,,,,,
0,ADD,HeartY,$HeartY,100,,,,,
0,GasterBlaster,1,0,0,$HeartX,$HeartY,315,0.15,0.1
1,GetHeartpos,HeartX,HeartY,,,,,,
0,SUB,HeartX,$HeartX,100,,,,,
0,GasterBlaster,1,0,0,$HeartX,$HeartY,0,0.15,0.1
0,GetHeartpos,HeartX,HeartY,,,,,,
0,SUB,HeartX,$HeartX,100,,,,,
0,SUB,HeartY,$HeartY,100,,,,,
0,GasterBlaster,1,0,0,$HeartX,$HeartY,45,0.15,0.1
0,GetHeartpos,HeartX,HeartY,,,,,,
0,SUB,HeartY,$HeartY,100,,,,,
0,GasterBlaster,1,0,0,$HeartX,$HeartY,90,0.15,0.1
0,GetHeartpos,HeartX,HeartY,,,,,,
0,ADD,HeartX,$HeartX,100,,,,,
0,SUB,HeartY,$HeartY,100,,,,,
0,GasterBlaster,1,0,0,$HeartX,$HeartY,135,0.15,0.1
0,GetHeartpos,HeartX,HeartY,,,,,,
0,ADD,HeartX,$HeartX,100,,,,,
0,GasterBlaster,1,0,0,$HeartX,$HeartY,180,0.15,0.1
0,GetHeartpos,HeartX,HeartY,,,,,,
0,ADD,HeartX,$HeartX,100,,,,,
0,ADD,HeartY,$HeartY,100,,,,,
0,GasterBlaster,1,0,0,$HeartX,$HeartY,225,0.15,0.1
0,GetHeartpos,HeartX,HeartY,,,,,,
0,ADD,HeartY,$HeartY,100,,,,,
0,GasterBlaster,1,0,0,$HeartX,$HeartY,270,0.15,0.1
0,GetHeartpos,HeartX,HeartY,,,,,,
0,SUB,HeartX,$HeartX,100,,,,,
0,ADD,HeartY,$HeartY,100,,,,,
0,GasterBlaster,1,0,0,$HeartX,$HeartY,315,0.15,0.1
0,BoneStab,0,340,0,1,,,,
1,GetHeartpos,HeartX,HeartY,,,,,,
0,SUB,HeartX,$HeartX,100,,,,,
0,GasterBlaster,1,0,0,$HeartX,$HeartY,0,0.15,0.1
0,GetHeartpos,HeartX,HeartY,,,,,,
0,SUB,HeartX,$HeartX,100,,,,,
0,SUB,HeartY,$HeartY,100,,,,,
0,GasterBlaster,1,0,0,$HeartX,$HeartY,45,0.15,0.1
0,GetHeartpos,HeartX,HeartY,,,,,,
0,SUB,HeartY,$HeartY,100,,,,,
0,GasterBlaster,1,0,0,$HeartX,$HeartY,90,0.15,0.1
0,GetHeartpos,HeartX,HeartY,,,,,,
0,ADD,HeartX,$HeartX,100,,,,,
0,SUB,HeartY,$HeartY,100,,,,,
0,GasterBlaster,1,0,0,$HeartX,$HeartY,135,0.15,0.1
0,GetHeartpos,HeartX,HeartY,,,,,,
0,ADD,HeartX,$HeartX,100,,,,,
0,GasterBlaster,1,0,0,$HeartX,$HeartY,180,0.15,0.1
0,GetHeartpos,HeartX,HeartY,,,,,,
0,ADD,HeartX,$HeartX,100,,,,,
0,ADD,HeartY,$HeartY,100,,,,,
0,GasterBlaster,1,0,0,$HeartX,$HeartY,225,0.15,0.1
0,GetHeartpos,HeartX,HeartY,,,,,,
0,ADD,HeartY,$HeartY,100,,,,,
0,GasterBlaster,1,0,0,$HeartX,$HeartY,270,0.15,0.1
0,GetHeartpos,HeartX,HeartY,,,,,,
0,SUB,HeartX,$HeartX,100,,,,,
0,ADD,HeartY,$HeartY,100,,,,,
0,GasterBlaster,1,0,0,$HeartX,$HeartY,315,0.15,0.1
1,GetHeartpos,HeartX,HeartY,,,,,,
0,SUB,HeartX,$HeartX,100,,,,,
0,GasterBlaster,1,0,0,$HeartX,$HeartY,0,0.15,0.1
0,GetHeartpos,HeartX,HeartY,,,,,,
0,SUB,HeartX,$HeartX,100,,,,,
0,SUB,HeartY,$HeartY,100,,,,,
0,GasterBlaster,1,0,0,$HeartX,$HeartY,45,0.15,0.1
0,GetHeartpos,HeartX,HeartY,,,,,,
0,SUB,HeartY,$HeartY,100,,,,,
0,GasterBlaster,1,0,0,$HeartX,$HeartY,90,0.15,0.1
0,GetHeartpos,HeartX,HeartY,,,,,,
0,ADD,HeartX,$HeartX,100,,,,,
0,SUB,HeartY,$HeartY,100,,,,,
0,GasterBlaster,1,0,0,$HeartX,$HeartY,135,0.15,0.1
0,GetHeartpos,HeartX,HeartY,,,,,,
0,ADD,HeartX,$HeartX,100,,,,,
0,GasterBlaster,1,0,0,$HeartX,$HeartY,180,0.15,0.1
0,GetHeartpos,HeartX,HeartY,,,,,,
0,ADD,HeartX,$HeartX,100,,,,,
0,ADD,HeartY,$HeartY,100,,,,,
0,GasterBlaster,1,0,0,$HeartX,$HeartY,225,0.15,0.1
0,GetHeartpos,HeartX,HeartY,,,,,,
0,ADD,HeartY,$HeartY,100,,,,,
0,GasterBlaster,1,0,0,$HeartX,$HeartY,270,0.15,0.1
0,GetHeartpos,HeartX,HeartY,,,,,,
0,SUB,HeartX,$HeartX,100,,,,,
0,ADD,HeartY,$HeartY,100,,,,,
0,GasterBlaster,1,0,0,$HeartX,$HeartY,315,0.15,0.1
1,GetHeartpos,HeartX,HeartY,,,,,,
0,SUB,HeartX,$HeartX,100,,,,,
0,GasterBlaster,1,0,0,$HeartX,$HeartY,0,0.15,0.1
0,GetHeartpos,HeartX,HeartY,,,,,,
0,SUB,HeartX,$HeartX,100,,,,,
0,SUB,HeartY,$HeartY,100,,,,,
0,GasterBlaster,1,0,0,$HeartX,$HeartY,45,0.15,0.1
0,GetHeartpos,HeartX,HeartY,,,,,,
0,SUB,HeartY,$HeartY,100,,,,,
0,GasterBlaster,1,0,0,$HeartX,$HeartY,90,0.15,0.1
0,GetHeartpos,HeartX,HeartY,,,,,,
0,ADD,HeartX,$HeartX,100,,,,,
0,SUB,HeartY,$HeartY,100,,,,,
0,GasterBlaster,1,0,0,$HeartX,$HeartY,135,0.15,0.1
0,GetHeartpos,HeartX,HeartY,,,,,,
0,ADD,HeartX,$HeartX,100,,,,,
0,GasterBlaster,1,0,0,$HeartX,$HeartY,180,0.15,0.1
0,GetHeartpos,HeartX,HeartY,,,,,,
0,ADD,HeartX,$HeartX,100,,,,,
0,ADD,HeartY,$HeartY,100,,,,,
0,GasterBlaster,1,0,0,$HeartX,$HeartY,225,0.15,0.1
0,GetHeartpos,HeartX,HeartY,,,,,,
0,ADD,HeartY,$HeartY,100,,,,,
0,GasterBlaster,1,0,0,$HeartX,$HeartY,270,0.15,0.1
0,GetHeartpos,HeartX,HeartY,,,,,,
0,SUB,HeartX,$HeartX,100,,,,,
0,ADD,HeartY,$HeartY,100,,,,,
0,GasterBlaster,1,0,0,$HeartX,$HeartY,315,0.15,0.1
1,GetHeartpos,HeartX,HeartY,,,,,,
0,SUB,HeartX,$HeartX,100,,,,,
0,GasterBlaster,1,0,0,$HeartX,$HeartY,0,0.15,0.1
0,GetHeartpos,HeartX,HeartY,,,,,,
0,SUB,HeartX,$HeartX,100,,,,,
0,SUB,HeartY,$HeartY,100,,,,,
0,GasterBlaster,1,0,0,$HeartX,$HeartY,45,0.15,0.1
0,GetHeartpos,HeartX,HeartY,,,,,,
0,SUB,HeartY,$HeartY,100,,,,,
0,GasterBlaster,1,0,0,$HeartX,$HeartY,90,0.15,0.1
0,GetHeartpos,HeartX,HeartY,,,,,,
0,ADD,HeartX,$HeartX,100,,,,,
0,SUB,HeartY,$HeartY,100,,,,,
0,GasterBlaster,1,0,0,$HeartX,$HeartY,135,0.15,0.1
0,GetHeartpos,HeartX,HeartY,,,,,,
0,ADD,HeartX,$HeartX,100,,,,,
0,GasterBlaster,1,0,0,$HeartX,$HeartY,180,0.15,0.1
0,GetHeartpos,HeartX,HeartY,,,,,,
0,ADD,HeartX,$HeartX,100,,,,,
0,ADD,HeartY,$HeartY,100,,,,,
0,GasterBlaster,1,0,0,$HeartX,$HeartY,225,0.15,0.1
0,GetHeartpos,HeartX,HeartY,,,,,,
0,ADD,HeartY,$HeartY,100,,,,,
0,GasterBlaster,1,0,0,$HeartX,$HeartY,270,0.15,0.1
0,GetHeartpos,HeartX,HeartY,,,,,,
0,SUB,HeartX,$HeartX,100,,,,,
0,ADD,HeartY,$HeartY,100,,,,,
0,GasterBlaster,1,0,0,$HeartX,$HeartY,315,0.15,0.1
0,BoneStab,2,340,0,1,,,,
,,,,,,,,,
0,GetHeartpos,HeartX,HeartY,,,,,,
0,SUB,HeartX,$HeartX,20,1,870,,,
0,BoneV,$HeartX,-70,50,1,870,,,
0.07,ADD,HeartX,$HeartX,20,1,870,,,
0,BoneV,$HeartX,650,50,3,870,1,,
0.07,SUB,HeartX,$HeartX,20,1,870,,,
0,BoneV,$HeartX,-70,50,1,870,,,
0.07,ADD,HeartX,$HeartX,20,1,870,,,
0,BoneV,$HeartX,650,50,3,870,1,,
0.07,SUB,HeartX,$HeartX,20,1,870,,,
0,BoneV,$HeartX,-70,50,1,870,,,
0.07,ADD,HeartX,$HeartX,20,1,870,,,
0,BoneV,$HeartX,650,50,3,870,1,,
0.07,SUB,HeartX,$HeartX,20,1,870,,,
0,BoneV,$HeartX,-70,50,1,870,,,
0.07,ADD,HeartX,$HeartX,20,1,870,,,
0,BoneV,$HeartX,650,50,3,870,1,,
0.4,GetHeartpos,HeartX,HeartY,,,,,,
0,SUB,HeartX,$HeartX,100,,,,,
0,GasterBlaster,1,0,0,$HeartX,$HeartY,0,0.15,0.1
0,GetHeartpos,HeartX,HeartY,,,,,,
,,,,,,,,,
0,SUB,HeartY,$HeartY,100,,,,,
0,GasterBlaster,1,0,0,$HeartX,$HeartY,45,0.15,0.1
0,GetHeartpos,HeartX,HeartY,,,,,,
0,SUB,HeartY,$HeartY,100,,,,,
0,GasterBlaster,1,0,0,$HeartX,$HeartY,90,0.15,0.1
0,GetHeartpos,HeartX,HeartY,,,,,,
0,ADD,HeartX,$HeartX,100,,,,,
0,SUB,HeartY,$HeartY,100,,,,,
0,GasterBlaster,1,0,0,$HeartX,$HeartY,135,0.15,0.1
0,GetHeartpos,HeartX,HeartY,,,,,,
0,ADD,HeartX,$HeartX,100,,,,,
0,GasterBlaster,1,0,0,$HeartX,$HeartY,180,0.15,0.1
0,GetHeartpos,HeartX,HeartY,,,,,,
0,ADD,HeartX,$HeartX,100,,,,,
0,ADD,HeartY,$HeartY,100,,,,,
0,GasterBlaster,1,0,0,$HeartX,$HeartY,225,0.15,0.1
0,GetHeartpos,HeartX,HeartY,,,,,,
0,ADD,HeartY,$HeartY,100,,,,,
0,GasterBlaster,1,0,0,$HeartX,$HeartY,270,0.15,0.1
0,GetHeartpos,HeartX,HeartY,,,,,,
0,SUB,HeartX,$HeartX,100,,,,,
0,ADD,HeartY,$HeartY,100,,,,,
0,GasterBlaster,1,0,0,$HeartX,$HeartY,315,0.15,0.1
0.07,GetHeartpos,HeartX,HeartY,,,,,,
0,SUB,HeartX,$HeartX,20,1,870,,,
0,BoneV,$HeartX,-70,50,1,870,,,
0.07,ADD,HeartX,$HeartX,20,1,870,,,
0,BoneV,$HeartX,650,50,3,870,1,,
0.07,SUB,HeartX,$HeartX,20,1,870,,,
0,BoneV,$HeartX,-70,50,1,870,,,
0.07,ADD,HeartX,$HeartX,20,1,870,,,
0,BoneV,$HeartX,650,50,3,870,1,,
0.07,SUB,HeartX,$HeartX,20,1,870,,,
0,BoneV,$HeartX,-70,50,1,870,,,
0.07,ADD,HeartX,$HeartX,20,1,870,,,
0,BoneV,$HeartX,650,50,3,870,1,,
0.07,SUB,HeartX,$HeartX,20,1,870,,,
0,BoneV,$HeartX,-70,50,1,870,,,
0.07,ADD,HeartX,$HeartX,20,1,870,,,
0,BoneV,$HeartX,650,50,3,870,1,,
0.2,,,,,,,,,
0,GetHeartpos,HeartX,HeartY,,,,,,
0,SUB,HeartX,$HeartX,100,,,,,
0,SUB,HeartY,$HeartY,100,,,,,
0,GasterBlaster,1,0,0,$HeartX,$HeartY,45,0,0.1
0,GetHeartpos,HeartX,HeartY,,,,,,
0,ADD,HeartX,$HeartX,100,,,,,
0,SUB,HeartY,$HeartY,100,,,,,
0,GasterBlaster,1,0,0,$HeartX,$HeartY,135,0,0.1
0,GetHeartpos,HeartX,HeartY,,,,,,
0,ADD,HeartX,$HeartX,100,,,,,
0,ADD,HeartY,$HeartY,100,,,,,
0,GasterBlaster,1,0,0,$HeartX,$HeartY,225,0,0.1
0,GetHeartpos,HeartX,HeartY,,,,,,
0,SUB,HeartX,$HeartX,100,,,,,
0,ADD,HeartY,$HeartY,100,,,,,
0,GasterBlaster,1,0,0,$HeartX,$HeartY,315,0,0.1
0.65,,,,,,,,,
0,GetHeartpos,HeartX,HeartY,,,,,,
0,SUB,HeartX,$HeartX,100,,,,,
0,GasterBlaster,1,0,0,$HeartX,$HeartY,0,0,0.1
0,GetHeartpos,HeartX,HeartY,,,,,,
0,SUB,HeartY,$HeartY,100,,,,,
0,GasterBlaster,1,0,0,$HeartX,$HeartY,90,0,0.1
0,GetHeartpos,HeartX,HeartY,,,,,,
0,ADD,HeartX,$HeartX,100,,,,,
0,GasterBlaster,1,0,0,$HeartX,$HeartY,180,0,0.1
0,GetHeartpos,HeartX,HeartY,,,,,,
0,ADD,HeartY,$HeartY,100,,,,,
0,GasterBlaster,1,0,0,$HeartX,$HeartY,270,0,0.1
0.65,,,,,,,,,
0,GetHeartpos,HeartX,HeartY,,,,,,
0,SUB,HeartX,$HeartX,100,,,,,
0,SUB,HeartY,$HeartY,100,,,,,
0,GasterBlaster,1,0,0,$HeartX,$HeartY,45,0,0.1
0,GetHeartpos,HeartX,HeartY,,,,,,
0,ADD,HeartX,$HeartX,100,,,,,
0,SUB,HeartY,$HeartY,100,,,,,
0,GasterBlaster,1,0,0,$HeartX,$HeartY,135,0,0.1
0,GetHeartpos,HeartX,HeartY,,,,,,
0,ADD,HeartX,$HeartX,100,,,,,
0,ADD,HeartY,$HeartY,100,,,,,
0,GasterBlaster,1,0,0,$HeartX,$HeartY,225,0,0.1
0,GetHeartpos,HeartX,HeartY,,,,,,
0,SUB,HeartX,$HeartX,100,,,,,
0,ADD,HeartY,$HeartY,100,,,,,
0,GasterBlaster,1,0,0,$HeartX,$HeartY,315,0,0.1
0.65,,,,,,,,,
0,GetHeartpos,HeartX,HeartY,,,,,,
0,SUB,HeartX,$HeartX,100,,,,,
0,GasterBlaster,1,0,0,$HeartX,$HeartY,0,0,0.1
0,GetHeartpos,HeartX,HeartY,,,,,,
0,SUB,HeartY,$HeartY,100,,,,,
0,GasterBlaster,1,0,0,$HeartX,$HeartY,90,0,0.1
0,GetHeartpos,HeartX,HeartY,,,,,,
0,ADD,HeartX,$HeartX,100,,,,,
0,GasterBlaster,1,0,0,$HeartX,$HeartY,180,0,0.1
0,GetHeartpos,HeartX,HeartY,,,,,,
0,ADD,HeartY,$HeartY,100,,,,,
0,GasterBlaster,1,0,0,$HeartX,$HeartY,270,0,0.1
0.6,GetHeartpos,HeartX,HeartY,,,,,,
0,SUB,HeartX,$HeartX,100,,,,,
0,SUB,HeartY,$HeartY,100,,,,,
0,GasterBlaster,1,0,0,$HeartX,$HeartY,45,0,0.1
0,GetHeartpos,HeartX,HeartY,,,,,,
0,ADD,HeartX,$HeartX,100,,,,,
0,SUB,HeartY,$HeartY,100,,,,,
0,GasterBlaster,1,0,0,$HeartX,$HeartY,135,0,0.1
0,GetHeartpos,HeartX,HeartY,,,,,,
0,ADD,HeartX,$HeartX,100,,,,,
0,ADD,HeartY,$HeartY,100,,,,,
0,GasterBlaster,1,0,0,$HeartX,$HeartY,225,0,0.1
0,GetHeartpos,HeartX,HeartY,,,,,,
0,SUB,HeartX,$HeartX,100,,,,,
0,ADD,HeartY,$HeartY,100,,,,,
0,GasterBlaster,1,0,0,$HeartX,$HeartY,315,0,0.1
0.65,,,,,,,,,
0,GetHeartpos,HeartX,HeartY,,,,,,
0,SUB,HeartX,$HeartX,100,,,,,
0,GasterBlaster,1,0,0,$HeartX,$HeartY,0,0,0.1
0,GetHeartpos,HeartX,HeartY,,,,,,
0,SUB,HeartY,$HeartY,100,,,,,
0,GasterBlaster,1,0,0,$HeartX,$HeartY,90,0,0.1
0,GetHeartpos,HeartX,HeartY,,,,,,
0,ADD,HeartX,$HeartX,100,,,,,
0,GasterBlaster,1,0,0,$HeartX,$HeartY,180,0,0.1
0,GetHeartpos,HeartX,HeartY,,,,,,
0,ADD,HeartY,$HeartY,100,,,,,
0,GasterBlaster,1,0,0,$HeartX,$HeartY,270,0,0.1
0.65,,,,,,,,,
0,GetHeartpos,HeartX,HeartY,,,,,,
0,SUB,HeartX,$HeartX,100,,,,,
0,SUB,HeartY,$HeartY,100,,,,,
0,GasterBlaster,1,0,0,$HeartX,$HeartY,45,0,0.1
0,GetHeartpos,HeartX,HeartY,,,,,,
0,ADD,HeartX,$HeartX,100,,,,,
0,SUB,HeartY,$HeartY,100,,,,,
0,GasterBlaster,1,0,0,$HeartX,$HeartY,135,0,0.1
0,GetHeartpos,HeartX,HeartY,,,,,,
0,ADD,HeartX,$HeartX,100,,,,,
0,ADD,HeartY,$HeartY,100,,,,,
0,GasterBlaster,1,0,0,$HeartX,$HeartY,225,0,0.1
0,GetHeartpos,HeartX,HeartY,,,,,,
0,SUB,HeartX,$HeartX,100,,,,,
0,ADD,HeartY,$HeartY,100,,,,,
0,GasterBlaster,1,0,0,$HeartX,$HeartY,315,0,0.1
0.65,,,,,,,,,
0,GetHeartpos,HeartX,HeartY,,,,,,
0,SUB,HeartX,$HeartX,100,,,,,
0,GasterBlaster,1,0,0,$HeartX,$HeartY,0,0,0.1
0,GetHeartpos,HeartX,HeartY,,,,,,
0,SUB,HeartY,$HeartY,100,,,,,
0,GasterBlaster,1,0,0,$HeartX,$HeartY,90,0,0.1
0,GetHeartpos,HeartX,HeartY,,,,,,
0,ADD,HeartX,$HeartX,100,,,,,
0,GasterBlaster,1,0,0,$HeartX,$HeartY,180,0,0.1
0,GetHeartpos,HeartX,HeartY,,,,,,
0,ADD,HeartY,$HeartY,100,,,,,
0,GasterBlaster,1,0,0,$HeartX,$HeartY,270,0,0.1
0.65,,,,,,,,,
0,GetHeartpos,HeartX,HeartY,,,,,,
0,SUB,HeartX,$HeartX,100,,,,,
0,SUB,HeartY,$HeartY,100,,,,,
0,GasterBlaster,1,0,0,$HeartX,$HeartY,45,0,0.1
0,GetHeartpos,HeartX,HeartY,,,,,,
0,ADD,HeartX,$HeartX,100,,,,,
0,SUB,HeartY,$HeartY,100,,,,,
0,GasterBlaster,1,0,0,$HeartX,$HeartY,135,0,0.1
0,GetHeartpos,HeartX,HeartY,,,,,,
0,ADD,HeartX,$HeartX,100,,,,,
0,ADD,HeartY,$HeartY,100,,,,,
0,GasterBlaster,1,0,0,$HeartX,$HeartY,225,0,0.1
0,GetHeartpos,HeartX,HeartY,,,,,,
0,SUB,HeartX,$HeartX,100,,,,,
0,ADD,HeartY,$HeartY,100,,,,,
0,GasterBlaster,1,0,0,$HeartX,$HeartY,315,0,0.1
0.65,,,,,,,,,
0,GetHeartpos,HeartX,HeartY,,,,,,
0,SUB,HeartX,$HeartX,100,,,,,
0,GasterBlaster,1,0,0,$HeartX,$HeartY,0,0,0.1
0,GetHeartpos,HeartX,HeartY,,,,,,
0,SUB,HeartY,$HeartY,100,,,,,
0,GasterBlaster,1,0,0,$HeartX,$HeartY,90,0,0.1
0,GetHeartpos,HeartX,HeartY,,,,,,
0,ADD,HeartX,$HeartX,100,,,,,
0,GasterBlaster,1,0,0,$HeartX,$HeartY,180,0,0.1
0,GetHeartpos,HeartX,HeartY,,,,,,
0,ADD,HeartY,$HeartY,100,,,,,
0,GasterBlaster,1,0,0,$HeartX,$HeartY,270,0,0.1
0.65,,,,,,,,,
0,GetHeartpos,HeartX,HeartY,,,,,,
0,SUB,HeartX,$HeartX,100,,,,,
0,SUB,HeartY,$HeartY,100,,,,,
0,GasterBlaster,1,0,0,$HeartX,$HeartY,45,0,0.1
0,GetHeartpos,HeartX,HeartY,,,,,,
0,ADD,HeartX,$HeartX,100,,,,,
0,SUB,HeartY,$HeartY,100,,,,,
0,GasterBlaster,1,0,0,$HeartX,$HeartY,135,0,0.1
0,GetHeartpos,HeartX,HeartY,,,,,,
0,ADD,HeartX,$HeartX,100,,,,,
0,ADD,HeartY,$HeartY,100,,,,,
0,GasterBlaster,1,0,0,$HeartX,$HeartY,225,0,0.1
0,GetHeartpos,HeartX,HeartY,,,,,,
0,SUB,HeartX,$HeartX,100,,,,,
0,ADD,HeartY,$HeartY,100,,,,,
0,GasterBlaster,1,0,0,$HeartX,$HeartY,315,0,0.1
0.65,,,,,,,,,
0,GetHeartpos,HeartX,HeartY,,,,,,
0,SUB,HeartX,$HeartX,100,,,,,
0,GasterBlaster,1,0,0,$HeartX,$HeartY,0,0,0.1
0,GetHeartpos,HeartX,HeartY,,,,,,
0,SUB,HeartY,$HeartY,100,,,,,
0,GasterBlaster,1,0,0,$HeartX,$HeartY,90,0,0.1
0,GetHeartpos,HeartX,HeartY,,,,,,
0,ADD,HeartX,$HeartX,100,,,,,
0,GasterBlaster,1,0,0,$HeartX,$HeartY,180,0,0.1
0,GetHeartpos,HeartX,HeartY,,,,,,
0,ADD,HeartY,$HeartY,100,,,,,
0,GasterBlaster,1,0,0,$HeartX,$HeartY,270,0,0.1
0.6,GetHeartpos,HeartX,HeartY,,,,,,
0,SUB,HeartX,$HeartX,100,,,,,
0,SUB,HeartY,$HeartY,100,,,,,
0,GasterBlaster,1,0,0,$HeartX,$HeartY,45,0,0.1
0,GetHeartpos,HeartX,HeartY,,,,,,
0,ADD,HeartX,$HeartX,100,,,,,
0,SUB,HeartY,$HeartY,100,,,,,
0,GasterBlaster,1,0,0,$HeartX,$HeartY,135,0,0.1
0,GetHeartpos,HeartX,HeartY,,,,,,
0,ADD,HeartX,$HeartX,100,,,,,
0,ADD,HeartY,$HeartY,100,,,,,
0,GasterBlaster,1,0,0,$HeartX,$HeartY,225,0,0.1
0,GetHeartpos,HeartX,HeartY,,,,,,
0,SUB,HeartX,$HeartX,100,,,,,
0,ADD,HeartY,$HeartY,100,,,,,
0,GasterBlaster,1,0,0,$HeartX,$HeartY,315,0,0.1
0.65,,,,,,,,,
0,GetHeartpos,HeartX,HeartY,,,,,,
0,SUB,HeartX,$HeartX,100,,,,,
0,GasterBlaster,1,0,0,$HeartX,$HeartY,0,0,0.1
0,GetHeartpos,HeartX,HeartY,,,,,,
0,SUB,HeartY,$HeartY,100,,,,,
0,GasterBlaster,1,0,0,$HeartX,$HeartY,90,0,0.1
0,GetHeartpos,HeartX,HeartY,,,,,,
0,ADD,HeartX,$HeartX,100,,,,,
0,GasterBlaster,1,0,0,$HeartX,$HeartY,180,0,0.1
0,GetHeartpos,HeartX,HeartY,,,,,,
0,ADD,HeartY,$HeartY,100,,,,,
0,GasterBlaster,1,0,0,$HeartX,$HeartY,270,0,0.1
0.65,,,,,,,,,
0,GetHeartpos,HeartX,HeartY,,,,,,
0,SUB,HeartX,$HeartX,100,,,,,
0,SUB,HeartY,$HeartY,100,,,,,
0,GasterBlaster,1,0,0,$HeartX,$HeartY,45,0,0.1
0,GetHeartpos,HeartX,HeartY,,,,,,
0,ADD,HeartX,$HeartX,100,,,,,
0,SUB,HeartY,$HeartY,100,,,,,
0,GasterBlaster,1,0,0,$HeartX,$HeartY,135,0,0.1
0,GetHeartpos,HeartX,HeartY,,,,,,
0,ADD,HeartX,$HeartX,100,,,,,
0,ADD,HeartY,$HeartY,100,,,,,
0,GasterBlaster,1,0,0,$HeartX,$HeartY,225,0,0.1
0,GetHeartpos,HeartX,HeartY,,,,,,
0,SUB,HeartX,$HeartX,100,,,,,
0,ADD,HeartY,$HeartY,100,,,,,
0,GasterBlaster,1,0,0,$HeartX,$HeartY,315,0,0.1
0.65,,,,,,,,,
0,GetHeartpos,HeartX,HeartY,,,,,,
0,SUB,HeartX,$HeartX,100,,,,,
0,GasterBlaster,1,0,0,$HeartX,$HeartY,0,0,0.1
0,GetHeartpos,HeartX,HeartY,,,,,,
0,SUB,HeartY,$HeartY,100,,,,,
0,GasterBlaster,1,0,0,$HeartX,$HeartY,90,0,0.1
0,GetHeartpos,HeartX,HeartY,,,,,,
0,ADD,HeartX,$HeartX,100,,,,,
0,GasterBlaster,1,0,0,$HeartX,$HeartY,180,0,0.1
0,GetHeartpos,HeartX,HeartY,,,,,,
0,ADD,HeartY,$HeartY,100,,,,,
0,GasterBlaster,1,0,0,$HeartX,$HeartY,270,0,0.1
0.65,,,,,,,,,
0,GetHeartpos,HeartX,HeartY,,,,,,
0,SUB,HeartX,$HeartX,100,,,,,
0,SUB,HeartY,$HeartY,100,,,,,
0,GasterBlaster,1,0,0,$HeartX,$HeartY,45,0,0.1
0,GetHeartpos,HeartX,HeartY,,,,,,
0,ADD,HeartX,$HeartX,100,,,,,
0,ADD,HeartY,$HeartY,100,,,,,
0,GasterBlaster,1,0,0,$HeartX,$HeartY,225,0,0.1
0.25,,,,,,,,,
0,GetHeartpos,HeartX,HeartY,,,,,,
0,ADD,HeartX,$HeartX,100,,,,,
0,SUB,HeartY,$HeartY,100,,,,,
0,GasterBlaster,1,0,0,$HeartX,$HeartY,135,0,0.1
0,GetHeartpos,HeartX,HeartY,,,,,,
0,SUB,HeartX,$HeartX,100,,,,,
0,ADD,HeartY,$HeartY,100,,,,,
0,GasterBlaster,1,0,0,$HeartX,$HeartY,315,0,0.1
0.4,,,,,,,,,
0,GetHeartpos,HeartX,HeartY,,,,,,
0,SUB,HeartX,$HeartX,100,,,,,
0,GasterBlaster,1,0,0,$HeartX,$HeartY,0,0,0.1
0,GetHeartpos,HeartX,HeartY,,,,,,
0,ADD,HeartX,$HeartX,100,,,,,
0,GasterBlaster,1,0,0,$HeartX,$HeartY,180,0,0.1
0.25,,,,,,,,,
0,GetHeartpos,HeartX,HeartY,,,,,,
0,SUB,HeartY,$HeartY,100,,,,,
0,GasterBlaster,1,0,0,$HeartX,$HeartY,90,0,0.1
0,GetHeartpos,HeartX,HeartY,,,,,,
0,ADD,HeartY,$HeartY,100,,,,,
0,GasterBlaster,1,0,0,$HeartX,$HeartY,270,0,0.1
0.4,,,,,,,,,
0,GetHeartpos,HeartX,HeartY,,,,,,
0,SUB,HeartX,$HeartX,100,,,,,
0,SUB,HeartY,$HeartY,100,,,,,
0,GasterBlaster,1,0,0,$HeartX,$HeartY,45,0,0.1
0,GetHeartpos,HeartX,HeartY,,,,,,
0,ADD,HeartX,$HeartX,100,,,,,
0,ADD,HeartY,$HeartY,100,,,,,
0,GasterBlaster,1,0,0,$HeartX,$HeartY,225,0,0.1
0.25,,,,,,,,,
0,GetHeartpos,HeartX,HeartY,,,,,,
0,ADD,HeartX,$HeartX,100,,,,,
0,SUB,HeartY,$HeartY,100,,,,,
0,GasterBlaster,1,0,0,$HeartX,$HeartY,135,0,0.1
0,GetHeartpos,HeartX,HeartY,,,,,,
0,SUB,HeartX,$HeartX,100,,,,,
0,ADD,HeartY,$HeartY,100,,,,,
0,GasterBlaster,1,0,0,$HeartX,$HeartY,315,0,0.1
0.4,,,,,,,,,
0,GetHeartpos,HeartX,HeartY,,,,,,
0,SUB,HeartX,$HeartX,100,,,,,
0,GasterBlaster,1,0,0,$HeartX,$HeartY,0,0,0.1
0,GetHeartpos,HeartX,HeartY,,,,,,
0,ADD,HeartX,$HeartX,100,,,,,
0,GasterBlaster,1,0,0,$HeartX,$HeartY,180,0,0.1
0.25,,,,,,,,,
0,GetHeartpos,HeartX,HeartY,,,,,,
0,SUB,HeartY,$HeartY,100,,,,,
0,GasterBlaster,1,0,0,$HeartX,$HeartY,90,0,0.1
0,GetHeartpos,HeartX,HeartY,,,,,,
0,ADD,HeartY,$HeartY,100,,,,,
0,GasterBlaster,1,0,0,$HeartX,$HeartY,270,0,0.1
0.4,,,,,,,,,
0,GetHeartpos,HeartX,HeartY,,,,,,
0,SUB,HeartX,$HeartX,100,,,,,
0,SUB,HeartY,$HeartY,100,,,,,
0,GasterBlaster,1,0,0,$HeartX,$HeartY,45,0,0.1
0,GetHeartpos,HeartX,HeartY,,,,,,
0,ADD,HeartX,$HeartX,100,,,,,
0,ADD,HeartY,$HeartY,100,,,,,
0,GasterBlaster,1,0,0,$HeartX,$HeartY,225,0,0.1
0.25,,,,,,,,,
0,GetHeartpos,HeartX,HeartY,,,,,,
0,ADD,HeartX,$HeartX,100,,,,,
0,SUB,HeartY,$HeartY,100,,,,,
0,GasterBlaster,1,0,0,$HeartX,$HeartY,135,0,0.1
0,GetHeartpos,HeartX,HeartY,,,,,,
0,SUB,HeartX,$HeartX,100,,,,,
0,ADD,HeartY,$HeartY,100,,,,,
0,GasterBlaster,1,0,0,$HeartX,$HeartY,315,0,0.1
0.4,,,,,,,,,
0,GetHeartpos,HeartX,HeartY,,,,,,
0,SUB,HeartX,$HeartX,100,,,,,
0,GasterBlaster,1,0,0,$HeartX,$HeartY,0,0,0.1
0,GetHeartpos,HeartX,HeartY,,,,,,
0,ADD,HeartX,$HeartX,100,,,,,
0,GasterBlaster,1,0,0,$HeartX,$HeartY,180,0,0.1
0.25,,,,,,,,,
0,GetHeartpos,HeartX,HeartY,,,,,,
0,SUB,HeartY,$HeartY,100,,,,,
0,GasterBlaster,1,0,0,$HeartX,$HeartY,90,0,0.1
0,GetHeartpos,HeartX,HeartY,,,,,,
0,ADD,HeartY,$HeartY,100,,,,,
0,GasterBlaster,1,0,0,$HeartX,$HeartY,270,0,0.1
0.4,,,,,,,,,
0,GetHeartpos,HeartX,HeartY,,,,,,
0,SUB,HeartX,$HeartX,100,,,,,
0,SUB,HeartY,$HeartY,100,,,,,
0,GasterBlaster,1,0,0,$HeartX,$HeartY,45,0,0.1
0,GetHeartpos,HeartX,HeartY,,,,,,
0,ADD,HeartX,$HeartX,100,,,,,
0,ADD,HeartY,$HeartY,100,,,,,
0,GasterBlaster,1,0,0,$HeartX,$HeartY,225,0,0.1
0.25,,,,,,,,,
0,GetHeartpos,HeartX,HeartY,,,,,,
0,ADD,HeartX,$HeartX,100,,,,,
0,SUB,HeartY,$HeartY,100,,,,,
0,GasterBlaster,1,0,0,$HeartX,$HeartY,135,0,0.1
0,GetHeartpos,HeartX,HeartY,,,,,,
0,SUB,HeartX,$HeartX,100,,,,,
0,ADD,HeartY,$HeartY,100,,,,,
0,GasterBlaster,1,0,0,$HeartX,$HeartY,315,0,0.1
0.4,,,,,,,,,
0,GetHeartpos,HeartX,HeartY,,,,,,
0,SUB,HeartX,$HeartX,100,,,,,
0,GasterBlaster,1,0,0,$HeartX,$HeartY,0,0,0.1
0,GetHeartpos,HeartX,HeartY,,,,,,
0,ADD,HeartX,$HeartX,100,,,,,
0,GasterBlaster,1,0,0,$HeartX,$HeartY,180,0,0.1
0.25,,,,,,,,,
0,GetHeartpos,HeartX,HeartY,,,,,,
0,SUB,HeartY,$HeartY,100,,,,,
0,GasterBlaster,1,0,0,$HeartX,$HeartY,90,0,0.1
0,GetHeartpos,HeartX,HeartY,,,,,,
0,ADD,HeartY,$HeartY,100,,,,,
0,GasterBlaster,1,0,0,$HeartX,$HeartY,270,0,0.1
0.4,,,,,,,,,
0,GetHeartpos,HeartX,HeartY,,,,,,
0,SUB,HeartX,$HeartX,100,,,,,
0,SUB,HeartY,$HeartY,100,,,,,
0,GasterBlaster,1,0,0,$HeartX,$HeartY,45,0,0.1
0,GetHeartpos,HeartX,HeartY,,,,,,
0,ADD,HeartX,$HeartX,100,,,,,
0,ADD,HeartY,$HeartY,100,,,,,
0,GasterBlaster,1,0,0,$HeartX,$HeartY,225,0,0.1
0.25,,,,,,,,,
0,GetHeartpos,HeartX,HeartY,,,,,,
0,ADD,HeartX,$HeartX,100,,,,,
0,SUB,HeartY,$HeartY,100,,,,,
0,GasterBlaster,1,0,0,$HeartX,$HeartY,135,0,0.1
0,GetHeartpos,HeartX,HeartY,,,,,,
0,SUB,HeartX,$HeartX,100,,,,,
0,ADD,HeartY,$HeartY,100,,,,,
0,GasterBlaster,1,0,0,$HeartX,$HeartY,315,0,0.1
0.4,,,,,,,,,
0,GetHeartpos,HeartX,HeartY,,,,,,
0,SUB,HeartX,$HeartX,100,,,,,
0,GasterBlaster,1,0,0,$HeartX,$HeartY,0,0,0.1
0,GetHeartpos,HeartX,HeartY,,,,,,
0,ADD,HeartX,$HeartX,100,,,,,
0,GasterBlaster,1,0,0,$HeartX,$HeartY,180,0,0.1
0.25,,,,,,,,,
0,GetHeartpos,HeartX,HeartY,,,,,,
0,SUB,HeartY,$HeartY,100,,,,,
0,GasterBlaster,1,0,0,$HeartX,$HeartY,90,0,0.1
0,GetHeartpos,HeartX,HeartY,,,,,,
0,ADD,HeartY,$HeartY,100,,,,,
0,GasterBlaster,1,0,0,$HeartX,$HeartY,270,0,0.1
0.4,,,,,,,,,
0,GetHeartpos,HeartX,HeartY,,,,,,
0,SUB,HeartX,$HeartX,100,,,,,
0,SUB,HeartY,$HeartY,100,,,,,
0,GasterBlaster,1,0,0,$HeartX,$HeartY,45,0,0.1
0,GetHeartpos,HeartX,HeartY,,,,,,
0,ADD,HeartX,$HeartX,100,,,,,
0,ADD,HeartY,$HeartY,100,,,,,
0,GasterBlaster,1,0,0,$HeartX,$HeartY,225,0,0.1
0.25,,,,,,,,,
0,GetHeartpos,HeartX,HeartY,,,,,,
0,ADD,HeartX,$HeartX,100,,,,,
0,SUB,HeartY,$HeartY,100,,,,,
0,GasterBlaster,1,0,0,$HeartX,$HeartY,135,0,0.1
0,GetHeartpos,HeartX,HeartY,,,,,,
0,SUB,HeartX,$HeartX,100,,,,,
0,ADD,HeartY,$HeartY,100,,,,,
0,GasterBlaster,1,0,0,$HeartX,$HeartY,315,0,0.1
0.4,,,,,,,,,
0,GetHeartpos,HeartX,HeartY,,,,,,
0,SUB,HeartX,$HeartX,100,,,,,
0,GasterBlaster,1,0,0,$HeartX,$HeartY,0,0,0.1
0,GetHeartpos,HeartX,HeartY,,,,,,
0,ADD,HeartX,$HeartX,100,,,,,
0,GasterBlaster,1,0,0,$HeartX,$HeartY,180,0,0.1
0.25,,,,,,,,,
0,GetHeartpos,HeartX,HeartY,,,,,,
0,SUB,HeartY,$HeartY,100,,,,,
0,GasterBlaster,1,0,0,$HeartX,$HeartY,90,0,0.1
0,GetHeartpos,HeartX,HeartY,,,,,,
0,ADD,HeartY,$HeartY,100,,,,,
0,GasterBlaster,1,0,0,$HeartX,$HeartY,270,0,0.1
0.4,,,,,,,,,
0,GetHeartpos,HeartX,HeartY,,,,,,
0,SUB,HeartX,$HeartX,100,,,,,
0,SUB,HeartY,$HeartY,100,,,,,
0,GasterBlaster,1,0,0,$HeartX,$HeartY,45,0,0.1
0,GetHeartpos,HeartX,HeartY,,,,,,
0,ADD,HeartX,$HeartX,100,,,,,
0,SUB,HeartY,$HeartY,100,,,,,
0,GasterBlaster,1,0,0,$HeartX,$HeartY,135,0,0.1
0.25,,,,,,,,,
0,GetHeartpos,HeartX,HeartY,,,,,,
0,ADD,HeartX,$HeartX,100,,,,,
0,ADD,HeartY,$HeartY,100,,,,,
0,GasterBlaster,1,0,0,$HeartX,$HeartY,225,0,0.1
0,GetHeartpos,HeartX,HeartY,,,,,,
0,SUB,HeartX,$HeartX,100,,,,,
0,ADD,HeartY,$HeartY,100,,,,,
0,GasterBlaster,1,0,0,$HeartX,$HeartY,315,0,0.1
0.35,,,,,,,,,
0,GetHeartpos,HeartX,HeartY,,,,,,
0,SUB,HeartX,$HeartX,100,,,,,
0,GasterBlaster,1,0,0,$HeartX,$HeartY,0,0,0.1
0,GetHeartpos,HeartX,HeartY,,,,,,
0,SUB,HeartY,$HeartY,100,,,,,
0,GasterBlaster,1,0,0,$HeartX,$HeartY,90,0,0.1
0.35,GetHeartpos,HeartX,HeartY,,,,,,
0,ADD,HeartX,$HeartX,100,,,,,
0,GasterBlaster,1,0,0,$HeartX,$HeartY,180,0,0.1
0,GetHeartpos,HeartX,HeartY,,,,,,
0,ADD,HeartY,$HeartY,100,,,,,
0,GasterBlaster,1,0,0,$HeartX,$HeartY,270,0,0.1
0.35,,,,,,,,,
0,GetHeartpos,HeartX,HeartY,,,,,,
0,SUB,HeartX,$HeartX,100,,,,,
0,SUB,HeartY,$HeartY,100,,,,,
0,GasterBlaster,1,0,0,$HeartX,$HeartY,45,0,0.1
0,GetHeartpos,HeartX,HeartY,,,,,,
0,ADD,HeartX,$HeartX,100,,,,,
0,SUB,HeartY,$HeartY,100,,,,,
0,GasterBlaster,1,0,0,$HeartX,$HeartY,135,0,0.1
0.25,,,,,,,,,
0,GetHeartpos,HeartX,HeartY,,,,,,
0,ADD,HeartX,$HeartX,100,,,,,
0,ADD,HeartY,$HeartY,100,,,,,
0,GasterBlaster,1,0,0,$HeartX,$HeartY,225,0,0.1
0,GetHeartpos,HeartX,HeartY,,,,,,
0,SUB,HeartX,$HeartX,100,,,,,
0,ADD,HeartY,$HeartY,100,,,,,
0,GasterBlaster,1,0,0,$HeartX,$HeartY,315,0,0.1
0.35,,,,,,,,,
0,GetHeartpos,HeartX,HeartY,,,,,,
0,SUB,HeartX,$HeartX,100,,,,,
0,GasterBlaster,1,0,0,$HeartX,$HeartY,0,0,0.1
0,GetHeartpos,HeartX,HeartY,,,,,,
0,SUB,HeartY,$HeartY,100,,,,,
0,GasterBlaster,1,0,0,$HeartX,$HeartY,90,0,0.1
0,GetHeartpos,HeartX,HeartY,,,,,,
0,ADD,HeartX,$HeartX,100,,,,,
0,GasterBlaster,1,0,0,$HeartX,$HeartY,180,0,0.1
0,GetHeartpos,HeartX,HeartY,,,,,,
0,ADD,HeartY,$HeartY,100,,,,,
0,GasterBlaster,1,0,0,$HeartX,$HeartY,270,0,0.1
0.35,,,,,,,,,
0,GetHeartpos,HeartX,HeartY,,,,,,
0,SUB,HeartX,$HeartX,100,,,,,
0,SUB,HeartY,$HeartY,100,,,,,
0,GasterBlaster,1,0,0,$HeartX,$HeartY,45,0,0.1
0,GetHeartpos,HeartX,HeartY,,,,,,
0,ADD,HeartX,$HeartX,100,,,,,
0,SUB,HeartY,$HeartY,100,,,,,
0,GasterBlaster,1,0,0,$HeartX,$HeartY,135,0,0.1
0.25,,,,,,,,,
0,GetHeartpos,HeartX,HeartY,,,,,,
0,ADD,HeartX,$HeartX,100,,,,,
0,ADD,HeartY,$HeartY,100,,,,,
0,GasterBlaster,1,0,0,$HeartX,$HeartY,225,0,0.1
0,GetHeartpos,HeartX,HeartY,,,,,,
0,SUB,HeartX,$HeartX,100,,,,,
0,ADD,HeartY,$HeartY,100,,,,,
0,GasterBlaster,1,0,0,$HeartX,$HeartY,315,0,0.1
0.35,,,,,,,,,
0,GetHeartpos,HeartX,HeartY,,,,,,
0,SUB,HeartX,$HeartX,100,,,,,
0,GasterBlaster,1,0,0,$HeartX,$HeartY,0,0,0.1
0,GetHeartpos,HeartX,HeartY,,,,,,
0,SUB,HeartY,$HeartY,100,,,,,
0,GasterBlaster,1,0,0,$HeartX,$HeartY,90,0,0.1
0.35,GetHeartpos,HeartX,HeartY,,,,,,
0,ADD,HeartX,$HeartX,100,,,,,
0,GasterBlaster,1,0,0,$HeartX,$HeartY,180,0,0.1
0,GetHeartpos,HeartX,HeartY,,,,,,
0,ADD,HeartY,$HeartY,100,,,,,
0,GasterBlaster,1,0,0,$HeartX,$HeartY,270,0,0.1
0.35,,,,,,,,,
0,GetHeartpos,HeartX,HeartY,,,,,,
0,SUB,HeartX,$HeartX,100,,,,,
0,SUB,HeartY,$HeartY,100,,,,,
0,GasterBlaster,1,0,0,$HeartX,$HeartY,45,0,0.1
0,GetHeartpos,HeartX,HeartY,,,,,,
0,ADD,HeartX,$HeartX,100,,,,,
0,SUB,HeartY,$HeartY,100,,,,,
0,GasterBlaster,1,0,0,$HeartX,$HeartY,135,0,0.1
0.35,,,,,,,,,
0,GetHeartpos,HeartX,HeartY,,,,,,
0,ADD,HeartX,$HeartX,100,,,,,
0,ADD,HeartY,$HeartY,100,,,,,
0,GasterBlaster,1,0,0,$HeartX,$HeartY,225,0,0.1
0,GetHeartpos,HeartX,HeartY,,,,,,
0,SUB,HeartX,$HeartX,100,,,,,
0,ADD,HeartY,$HeartY,100,,,,,
0,GasterBlaster,1,0,0,$HeartX,$HeartY,315,0,0.1
0.35,,,,,,,,,
0,GetHeartpos,HeartX,HeartY,,,,,,
0,SUB,HeartX,$HeartX,100,,,,,
0,GasterBlaster,1,0,0,$HeartX,$HeartY,0,0,0.1
0,GetHeartpos,HeartX,HeartY,,,,,,
0,SUB,HeartY,$HeartY,100,,,,,
0,GasterBlaster,1,0,0,$HeartX,$HeartY,90,0,0.1
0.35,GetHeartpos,HeartX,HeartY,,,,,,
0,ADD,HeartX,$HeartX,100,,,,,
0,GasterBlaster,1,0,0,$HeartX,$HeartY,180,0,0.1
0,GetHeartpos,HeartX,HeartY,,,,,,
0,ADD,HeartY,$HeartY,100,,,,,
0,GasterBlaster,1,0,0,$HeartX,$HeartY,270,0,0.1
0.35,,,,,,,,,
0,GetHeartpos,HeartX,HeartY,,,,,,
0,SUB,HeartX,$HeartX,100,,,,,
0,SUB,HeartY,$HeartY,100,,,,,
0,GasterBlaster,1,0,0,$HeartX,$HeartY,45,0,0.1
0,GetHeartpos,HeartX,HeartY,,,,,,
0,ADD,HeartX,$HeartX,100,,,,,
0,SUB,HeartY,$HeartY,100,,,,,
0,GasterBlaster,1,0,0,$HeartX,$HeartY,135,0,0.1
0.35,,,,,,,,,
0,GetHeartpos,HeartX,HeartY,,,,,,
0,ADD,HeartX,$HeartX,100,,,,,
0,ADD,HeartY,$HeartY,100,,,,,
0,GasterBlaster,1,0,0,$HeartX,$HeartY,225,0,0.1
0,GetHeartpos,HeartX,HeartY,,,,,,
0,SUB,HeartX,$HeartX,100,,,,,
0,ADD,HeartY,$HeartY,100,,,,,
0,GasterBlaster,1,0,0,$HeartX,$HeartY,315,0,0.1
0.35,,,,,,,,,
0,GetHeartpos,HeartX,HeartY,,,,,,
0,SUB,HeartX,$HeartX,100,,,,,
0,GasterBlaster,1,0,0,$HeartX,$HeartY,0,0,0.1
0,GetHeartpos,HeartX,HeartY,,,,,,
0,SUB,HeartY,$HeartY,100,,,,,
0,GasterBlaster,1,0,0,$HeartX,$HeartY,90,0,0.1
0,GetHeartpos,HeartX,HeartY,,,,,,
0,ADD,HeartX,$HeartX,100,,,,,
0,GasterBlaster,1,0,0,$HeartX,$HeartY,180,0,0.1
0,GetHeartpos,HeartX,HeartY,,,,,,
0,ADD,HeartY,$HeartY,100,,,,,
0,GasterBlaster,1,0,0,$HeartX,$HeartY,270,0,0.1
0.4,,,,,,,,,
0.4,SansHead,BlueEye,,,,,,,
0,CombatZoneResize,-20,246,667,391,,,,
0,ComBatZoneSpeed,350,,,,,,,
0.125,,,,,,,,,
0,SansSlam,1,,,,,,,
0,SansBody,HandDown,,,,,,,
0,BoneStab,1,45,0.45,1.05,,,,
0.65,,,,,,,,,
0,SansSlam,3,,,,,,,
0,SansBody,HandUp,,,,,,,
0,BoneStab,3,45,0.45,0.415,,,,
0.55,,,,,,,,,
,,,,,,,,,
0,BoneH,667,279,50.5,2,650,,,
0,BoneH,667,289,50.5,2,650,,,
0,BoneH,667,299,50.5,2,650,1,,
0,BoneH,667,309,50.5,2,650,1,,
0,BoneH,667,319,50.5,2,650,,,
0,BoneH,667,329,50.5,2,650,,,
0,BoneH,667,339,50.5,2,650,,,
0,BoneH,667,349,50.5,2,650,,,
0,BoneH,667,359,50.5,2,650,,,
0,BoneH,667,369,50.5,2,650,,,
0,BoneH,667,379,50.5,2,650,,,
0,BoneH,-20,279,50.5,0,650,,,
0,BoneH,-20,289,50.5,0,650,,,
0,BoneH,-20,299,50.5,0,650,1,,
0,BoneH,-20,309,50.5,0,650,1,,
0,BoneH,-20,319,50.5,0,650,,,
0,BoneH,-20,329,50.5,0,650,,,
0,BoneH,-20,339,50.5,0,650,,,
0,BoneH,-20,349,50.5,0,650,,,
0,BoneH,-20,359,50.5,0,650,,,
0,BoneH,-20,369,50.5,0,650,,,
0,BoneH,-20,379,50.5,0,650,,,
0,BoneH,667,269,50.5,2,650,,,
0,BoneH,667,259,50.5,2,650,,,
0,BoneH,667,249,50.5,2,650,,,
0,BoneH,-20,269,50.5,0,650,,,
0,BoneH,-20,259,50.5,0,650,,,
0,BoneH,-20,249,50.5,0,650,,,
0.15,,,,,,,,,
0,Sound,Ding,,,,,,,
0,HeartMode,0,,,,,,,
0.2,GetHeartpos,HeartX,HeartY,,,,,,
0,GasterBlaster,2,0,-30,$HeartX,146,90,0.2,0.2
0.75,GetHeartpos,HeartX,HeartY,,,,,,
0,GasterBlaster,2,0,-30,$HeartX,146,90,0.2,0.2
0.75,GetHeartpos,HeartX,HeartY,,,,,,
0,GasterBlaster,2,0,-30,$HeartX,146,90,0.2,0.2
0,BoneStab,1,55,0.65,0.2,,,,
0,SansSlam,1,,,,,,,
0,SansBody,HandDown,,,,,,,
0.75,GetHeartpos,HeartX,HeartY,,,,,,
0,GasterBlaster,2,0,-30,$HeartX,146,90,0.2,0.2
0.75,GetHeartpos,HeartX,HeartY,,,,,,
0,GasterBlaster,2,0,-30,$HeartX,146,90,0.2,0.2
0.75,GetHeartpos,HeartX,HeartY,,,,,,
0,GasterBlaster,2,0,-30,$HeartX,146,90,0.2,0.2
0.75,GetHeartpos,HeartX,HeartY,,,,,,
0,GasterBlaster,2,0,-30,$HeartX,146,90,0.2,0.2
0,BoneStab,3,55,0.65,0.2,,,,
0,SansSlam,3,,,,,,,
0,SansBody,Handup,,,,,,,
0.75,GetHeartpos,HeartX,HeartY,,,,,,
0,GasterBlaster,2,0,-30,$HeartX,146,90,0.2,0.2
0.75,GetHeartpos,HeartX,HeartY,,,,,,
0,GasterBlaster,2,0,-30,$HeartX,146,90,0.2,0.2
0.75,GetHeartpos,HeartX,HeartY,,,,,,
0,GasterBlaster,2,0,-30,$HeartX,146,90,0.2,0.2
0.75,GetHeartpos,HeartX,HeartY,,,,,,
0,GasterBlaster,2,0,-30,$HeartX,146,90,0.2,0.2
0,BoneStab,1,55,0.65,0.2,,,,
0,SansSlam,1,,,,,,,
0,SansBody,HandDown,,,,,,,
0.75,GetHeartpos,HeartX,HeartY,,,,,,
0,GasterBlaster,2,0,-30,$HeartX,146,90,0.2,0.2
0.75,GetHeartpos,HeartX,HeartY,,,,,,
0,GasterBlaster,2,0,-30,$HeartX,146,90,0.2,0.2
0.75,GetHeartpos,HeartX,HeartY,,,,,,
0,GasterBlaster,2,0,-30,$HeartX,146,90,0.2,0.2
0.75,GetHeartpos,HeartX,HeartY,,,,,,
0,GasterBlaster,2,0,-30,$HeartX,146,90,0.2,0.2
0,BoneStab,3,55,0.65,0.2,,,,
0,SansSlam,3,,,,,,,
0,SansBody,Handup,,,,,,,
0.75,GetHeartpos,HeartX,HeartY,,,,,,
0,GasterBlaster,2,0,-30,$HeartX,146,90,0.2,0.2
0.75,GetHeartpos,HeartX,HeartY,,,,,,
0,GasterBlaster,2,0,-30,$HeartX,146,90,0.2,0.2
0.75,GetHeartpos,HeartX,HeartY,,,,,,
0,GasterBlaster,2,0,-30,$HeartX,146,90,0.2,0.2
0.75,GetHeartpos,HeartX,HeartY,,,,,,
0,GasterBlaster,2,0,-30,$HeartX,146,90,0.2,0.2
0,BoneStab,1,55,0.65,0.2,,,,
0,SansSlam,1,,,,,,,
0,SansBody,HandDown,,,,,,,
0.75,GetHeartpos,HeartX,HeartY,,,,,,
0,GasterBlaster,2,0,-30,$HeartX,146,90,0.2,0.2
0.75,GetHeartpos,HeartX,HeartY,,,,,,
0,GasterBlaster,2,0,-30,$HeartX,146,90,0.2,0.2
0.75,GetHeartpos,HeartX,HeartY,,,,,,
0,GasterBlaster,2,0,-30,$HeartX,146,90,0.2,0.2
0.75,GetHeartpos,HeartX,HeartY,,,,,,
0,GasterBlaster,2,0,-30,$HeartX,146,90,0.2,0.2
0,BoneStab,3,55,0.65,0.2,,,,
0,SansSlam,3,,,,,,,
0,SansBody,Handup,,,,,,,
0.75,GetHeartpos,HeartX,HeartY,,,,,,
0,GasterBlaster,2,0,-30,$HeartX,146,90,0.2,0.2
0.75,GetHeartpos,HeartX,HeartY,,,,,,
0,GasterBlaster,2,0,-30,$HeartX,146,90,0.2,0.2
0.75,GetHeartpos,HeartX,HeartY,,,,,,
0,GasterBlaster,2,0,-30,$HeartX,146,90,0.2,0.2
0.75,GetHeartpos,HeartX,HeartY,,,,,,
0,GasterBlaster,2,0,-30,$HeartX,146,90,0.2,0.2
0,BoneStab,1,55,0.65,0.2,,,,
0,SansSlam,1,,,,,,,
0,SansBody,HandDown,,,,,,,
0.75,GetHeartpos,HeartX,HeartY,,,,,,
0,GasterBlaster,2,0,-30,$HeartX,146,90,0.2,0.2
0.75,GetHeartpos,HeartX,HeartY,,,,,,
0,GasterBlaster,2,0,-30,$HeartX,146,90,0.2,0.2
0.75,GetHeartpos,HeartX,HeartY,,,,,,
0,GasterBlaster,2,0,-30,$HeartX,146,90,0.2,0.2
0.75,GetHeartpos,HeartX,HeartY,,,,,,
0,GasterBlaster,2,0,-30,$HeartX,146,90,0.2,0.2
0,BoneStab,3,55,0.65,0.2,,,,
0,SansSlam,3,,,,,,,
0,SansBody,Handup,,,,,,,
0.75,GetHeartpos,HeartX,HeartY,,,,,,
0,GasterBlaster,2,0,-30,$HeartX,146,90,0.2,0.2
0.75,GetHeartpos,HeartX,HeartY,,,,,,
0,GasterBlaster,2,0,-30,$HeartX,146,90,0.2,0.2
0.5,GetHeartpos,HeartX,HeartY,,,,,,
0,GasterBlaster,2,0,-30,$HeartX,146,90,0.2,0
0.5,GetHeartpos,HeartX,HeartY,,,,,,
0,GasterBlaster,2,0,-30,$HeartX,146,90,0.2,0
0,BoneStab,1,55,0.65,0.2,,,,
0,SansSlam,1,,,,,,,
0,SansBody,HandDown,,,,,,,
0.55,GetHeartpos,HeartX,HeartY,,,,,,
0,GasterBlaster,2,0,-30,$HeartX,146,90,0.2,0
0.55,GetHeartpos,HeartX,HeartY,,,,,,
0,GasterBlaster,2,0,-30,$HeartX,146,90,0.2,0
0.55,GetHeartpos,HeartX,HeartY,,,,,,
0,GasterBlaster,2,0,-30,$HeartX,146,90,0.2,0
0.55,GetHeartpos,HeartX,HeartY,,,,,,
0,GasterBlaster,2,0,-30,$HeartX,146,90,0.2,0
0,BoneStab,3,55,0.65,0.2,,,,
0,SansSlam,3,,,,,,,
0,SansBody,Handup,,,,,,,
0.55,GetHeartpos,HeartX,HeartY,,,,,,
0,GasterBlaster,2,0,-30,$HeartX,146,90,0.2,0
0.55,GetHeartpos,HeartX,HeartY,,,,,,
0,GasterBlaster,2,0,-30,$HeartX,146,90,0.2,0
0.55,GetHeartpos,HeartX,HeartY,,,,,,
0,GasterBlaster,2,0,-30,$HeartX,146,90,0.2,0
0.55,GetHeartpos,HeartX,HeartY,,,,,,
0,GasterBlaster,2,0,-30,$HeartX,146,90,0.2,0
0,BoneStab,1,55,0.65,0.2,,,,
0,SansSlam,1,,,,,,,
0,SansBody,HandDown,,,,,,,
0.55,GetHeartpos,HeartX,HeartY,,,,,,
0,GasterBlaster,2,0,-30,$HeartX,146,90,0.2,0
0.55,GetHeartpos,HeartX,HeartY,,,,,,
0,GasterBlaster,2,0,-30,$HeartX,146,90,0.2,0
0.55,GetHeartpos,HeartX,HeartY,,,,,,
0,GasterBlaster,2,0,-30,$HeartX,146,90,0.2,0
0.55,GetHeartpos,HeartX,HeartY,,,,,,
0,GasterBlaster,2,0,-30,$HeartX,146,90,0.2,0
0,BoneStab,3,55,0.65,0.2,,,,
0,SansSlam,3,,,,,,,
0,SansBody,Handup,,,,,,,
0.55,GetHeartpos,HeartX,HeartY,,,,,,
0,GasterBlaster,2,0,-30,$HeartX,146,90,0.2,0
0.55,GetHeartpos,HeartX,HeartY,,,,,,
0,GasterBlaster,2,0,-30,$HeartX,146,90,0.2,0
0.55,GetHeartpos,HeartX,HeartY,,,,,,
0,GasterBlaster,2,0,-30,$HeartX,146,90,0.2,0
0.55,GetHeartpos,HeartX,HeartY,,,,,,
0,GasterBlaster,2,0,-30,$HeartX,146,90,0.2,0
0,BoneStab,1,55,0.65,0.2,,,,
0,SansSlam,1,,,,,,,
0,SansBody,HandDown,,,,,,,
0.5,GetHeartpos,HeartX,HeartY,,,,,,
0,GasterBlaster,2,0,-30,$HeartX,146,90,0.2,0
0.5,GetHeartpos,HeartX,HeartY,,,,,,
0,GasterBlaster,2,0,-30,$HeartX,146,90,0.2,0
0.5,GetHeartpos,HeartX,HeartY,,,,,,
0,GasterBlaster,2,0,-30,$HeartX,146,90,0.2,0
0.5,GetHeartpos,HeartX,HeartY,,,,,,
0,GasterBlaster,2,0,-30,$HeartX,146,90,0.2,0
0,BoneStab,3,55,0.65,0.2,,,,
0,SansSlam,3,,,,,,,
0,SansBody,Handup,,,,,,,
0.5,GetHeartpos,HeartX,HeartY,,,,,,
0,GasterBlaster,2,0,-30,$HeartX,146,90,0.2,0
0.5,GetHeartpos,HeartX,HeartY,,,,,,
0,GasterBlaster,2,0,-30,$HeartX,146,90,0.2,0
0.5,GetHeartpos,HeartX,HeartY,,,,,,
0,GasterBlaster,2,0,-30,$HeartX,146,90,0.2,0
0.5,GetHeartpos,HeartX,HeartY,,,,,,
0,GasterBlaster,2,0,-30,$HeartX,146,90,0.2,0
0,BoneStab,1,55,0.65,0.2,,,,
0,SansSlam,1,,,,,,,
0,SansBody,HandDown,,,,,,,
0.8,CombatZoneResize,241,226,406,391,,,,
0,CombatZoneSpeed,300,,,,,,,
